Player,Pos,Squad,90s,CompletedPasses,AttemptedPasses,PassCompletion,TotDist,PrgDist,Ast,xA,A-xA,KP,1/3,PPA,CrsPA,Prog,DeadBallPasses
Patrick van Aanholt\Patrick-van-Aanholt,DF,Crystal Palace,19.7,889,1127,78.9,14909,6947,1,0.8,+0.2,11,68,26,4,112,195
Tammy Abraham\Tammy-Abraham,FW,Chelsea,11.6,149,218,68.3,2057,327,1,0.9,+0.1,8,12,2,0,11,10
Che Adams\Che-Adams,FW,Southampton,29.6,443,633,70,7359,1633,5,5.8,-0.8,34,27,25,2,61,12
Tosin Adarabioyo\Tosin-Adarabioyo,DF,Fulham,32.8,1594,1824,87.4,37337,11928,0,0.4,-0.4,5,68,5,1,73,49
Adrián\Adrian,GK,Liverpool,3,76,99,76.8,2031,1135,0,0,0,0,0,0,0,0,29
Sergio Agüero\Sergio-Aguero,FWMF,Manchester City,6.2,143,170,84.1,1867,285,1,1.3,-0.3,6,11,6,1,12,10
Ola Aina\Ola-Aina,DF,Fulham,29.6,1329,1711,77.7,25538,10322,1,1.4,-0.4,14,98,15,9,98,283
Rayan Aït Nouri\Rayan-Ait-Nouri,DF,Wolves,15.6,657,785,83.7,10835,3074,1,1,0,13,30,14,5,46,134
Semi Ajayi\Semi-Ajayi,DF,West Brom,30.9,705,948,74.4,15527,6592,0,0.3,-0.3,5,67,4,0,64,60
Nathan Aké\Nathan-Ake,DF,Manchester City,8.9,702,755,93,12873,3534,0,0,0,1,60,2,0,36,25
Marc Albrighton\Marc-Albrighton,DFFW,Leicester City,19.4,635,923,68.8,11394,4629,5,4.4,+0.6,39,51,42,16,87,99
Thiago Alcántara\Thiago-Alcantara,MF,Liverpool,20.6,1498,1674,89.5,31595,8231,0,2.3,-2.3,29,207,27,1,184,44
Toby Alderweireld\Toby-Alderweireld,DF,Tottenham,24.9,1143,1365,83.7,27127,7537,0,0.3,-0.3,7,76,6,1,52,60
Rúnar Alex Rúnarsson\Runar-Alex-Runarsson,GK,Arsenal,0.2,7,11,63.6,126,51,0,0,0,0,0,0,0,0,3
Trent Alexander-Arnold\Trent-Alexander-Arnold,DF,Liverpool,33.7,2216,2941,75.3,47515,19500,7,8.1,-1.1,73,208,101,32,278,487
Ezgjan Alioski\Ezgjan-Alioski,DF,Leeds United,27.3,1305,1630,80.1,22206,8320,3,3.1,-0.1,27,82,32,13,114,254
Alisson\Alisson,GK,Liverpool,33,968,1137,85.1,25310,13346,0,0,0,0,7,0,0,1,236
Allan\Allan,MF,Everton,22.8,899,1048,85.8,16984,4349,0,0.9,-0.9,16,91,15,1,82,34
Dele Alli\Dele-Alli,MF,Tottenham,6.9,270,337,80.1,4654,1070,1,0.9,+0.1,8,17,9,1,27,21
Miguel Almirón\Miguel-Almiron,MFFW,Newcastle Utd,27,711,877,81.1,12123,2700,1,2.8,-1.8,28,56,26,7,65,32
Marcos Alonso\Marcos-Alonso,DF,Chelsea,10.7,483,592,81.6,8125,2867,0,1.1,-1.1,12,19,8,2,49,86
Steven Alzate\Steven-Alzate,MFDF,Brighton,10,399,446,89.5,6928,1321,0,0.5,-0.5,10,33,6,0,35,15
Daniel Amartey\Daniel-Amartey,DF,Leicester City,8,400,466,85.8,7606,2362,0,0,0,0,19,1,0,25,33
Ethan Ampadu\Ethan-Ampadu,DFMF,Sheffield Utd,23.2,857,1064,80.5,17276,5506,0,0.9,-0.9,10,69,16,2,84,85
Joachim Andersen\Joachim-Andersen,DF,Fulham,30.3,1529,1833,83.4,38236,11350,1,0.5,+0.5,9,121,9,1,99,68
Elliot Anderson\Elliot-Anderson,MF,Newcastle Utd,0,1,1,100,10,0,0,0,0,0,0,0,0,0,0
Felipe Anderson\Felipe-Anderson,FWMF,West Ham,0,4,6,66.7,61,28,0,0,0,0,0,0,0,2,0
Michail Antonio\Michail-Antonio,FW,West Ham,21.9,326,490,66.5,5008,924,5,2.3,+2.7,23,22,12,2,25,18
Alphonse Areola\Alphonse-Areola,GK,Fulham,36,737,1001,73.6,20163,12032,0,0,0,0,6,0,0,0,351
Stuart Armstrong\Stuart-Armstrong,MF,Southampton,30.7,1002,1258,79.7,16614,4712,5,2.7,+2.3,34,90,40,5,116,77
Kepa Arrizabalaga\Kepa-Arrizabalaga,GK,Chelsea,6.5,198,243,81.5,5209,2622,0,0,0,0,3,0,0,1,51
Pierre-Emerick Aubameyang\Pierre-Emerick-Aubameyang,FW,Arsenal,25.9,518,691,75,7883,1507,3,2.8,+0.2,22,18,27,9,50,21
Serge Aurier\Serge-Aurier,DF,Tottenham,17.8,769,954,80.6,12616,5171,3,1.9,+1.1,12,29,20,6,61,163
Charlie Austin\Charlie-Austin,FW,West Brom,1.5,25,34,73.5,374,134,0,0,0,0,0,0,0,4,2
Jordan Ayew\Jordan-Ayew,FWMF,Crystal Palace,23.3,514,654,78.6,7192,1223,3,0.7,+2.3,12,12,14,2,36,18
Luke Ayling\Luke-Ayling,DF,Leeds United,37.8,2109,2661,79.3,42931,17225,0,2.6,-2.6,25,177,35,12,203,359
César Azpilicueta\Cesar-Azpilicueta,DF,Chelsea,24.3,1763,2015,87.5,30771,11059,2,2.6,-0.6,26,130,25,5,116,185
Eric Bailly\Eric-Bailly,DF,Manchester Utd,10.2,494,547,90.3,10384,3113,0,0,0,0,28,0,0,29,15
Fabián Balbuena\Fabian-Balbuena,DF,West Ham,13.3,357,465,76.8,8603,3296,0,0,0,0,33,0,0,30,26
George Baldock\George-Baldock,DF,Sheffield Utd,31,911,1160,78.5,13856,4559,2,1.7,+0.3,17,39,29,8,61,209
Gareth Bale\Gareth-Bale,FW,Tottenham,10.2,284,408,69.6,5574,1778,2,1.9,+0.1,20,23,16,6,32,32
Patrick Bamford\Patrick-Bamford,FW,Leeds United,33.9,386,506,76.3,5231,872,7,4.1,+2.9,29,21,13,2,31,88
Phil Bardsley\Phil-Bardsley,DF,Burnley,3,116,165,70.3,2256,949,0,0,0,0,9,6,1,11,38
Ross Barkley\Ross-Barkley,MF,Aston Villa,17,619,764,81,11391,2909,1,3.6,-2.6,39,45,27,0,76,97
Ross Barkley\Ross-Barkley,MF,Chelsea,0.5,22,26,84.6,441,72,0,0.1,-0.1,1,2,1,0,2,0
Ashley Barnes\Ashley-Barnes,FW,Burnley,14.8,195,307,63.5,2579,574,0,0.7,-0.7,13,13,7,1,20,4
Harvey Barnes\Harvey-Barnes,FWMF,Leicester City,21.6,468,626,74.8,7239,1875,4,1.5,+2.5,25,37,19,2,62,3
Kyle Bartley\Kyle-Bartley,DF,West Brom,28.7,630,809,77.9,13475,4389,1,0.2,+0.8,4,52,3,1,30,33
Chris Basham\Chris-Basham,DFMF,Sheffield Utd,28.6,900,1105,81.4,16284,4713,1,0.8,+0.2,10,54,15,7,62,65
Michy Batshuayi\Michy-Batshuayi,FW,Crystal Palace,8.1,118,168,70.2,1722,350,1,1.4,-0.4,7,7,4,1,11,13
Jan Bednarek\Jan-Bednarek,DF,Southampton,34.4,1697,2005,84.6,32478,10807,1,0.3,+0.7,5,80,4,0,80,89
Donny van de Beek\Donny-van-de-Beek,MFFW,Manchester Utd,5.8,235,279,84.2,3651,758,1,1,0,3,11,2,1,10,4
Héctor Bellerín\Hector-Bellerin,DF,Arsenal,23.2,1079,1302,82.9,18140,5147,2,2.4,-0.4,22,61,29,9,88,165
Saïd Benrahma\Said-Benrahma,FWMF,West Ham,15.5,411,527,78,6393,1825,6,4.4,+1.6,27,41,22,6,47,12
Josh Benson\Josh-Benson,MF,Burnley,2.9,62,85,72.9,865,322,0,0,0,0,4,0,0,7,3
Christian Benteke\Christian-Benteke,FW,Crystal Palace,20.2,366,573,63.9,5051,990,1,1,0,15,25,14,2,33,20
Gaetano Berardi\Gaetano-Berardi,DF,Leeds United,1.3,46,56,82.1,898,426,0,0,0,0,2,1,0,3,5
Jóhann Berg Guðmundsson\Johann-Berg-Gudmundsson,MF,Burnley,15.1,356,472,75.4,6119,1493,0,0.5,-0.5,10,19,15,5,34,6
Sander Berge\Sander-Berge,MF,Sheffield Utd,12.4,380,464,81.9,6911,1423,1,1.2,-0.2,12,33,4,2,30,12
Steven Bergwijn\Steven-Bergwijn,FWMF,Tottenham,13.4,347,428,81.1,4842,849,3,1.3,+1.7,14,21,9,0,18,10
Bernard\Bernard,MFFW,Everton,5.1,216,272,79.4,3591,923,0,0.7,-0.7,10,21,11,2,23,5
Bernardo\Bernardo,DFMF,Brighton,2.3,62,87,71.3,1042,288,0,0.2,-0.2,2,3,2,1,6,7
Ryan Bertrand\Ryan-Bertrand,DF,Southampton,28.9,1181,1537,76.8,19449,7477,1,1.2,-0.2,13,65,24,5,97,349
Yves Bissouma\Yves-Bissouma,MF,Brighton,34.6,1461,1676,87.2,29183,5414,0,1,-1,15,123,21,2,114,37
Jayden Bogle\Jayden-Bogle,DF,Sheffield Utd,12.3,300,383,78.3,4772,1869,0,0.2,-0.2,4,17,7,1,23,65
Willy Boly\Willy-Boly,DF,Wolves,20.9,830,1003,82.8,16279,5637,1,0.4,+0.6,3,47,1,0,40,22
Jarrod Bowen\Jarrod-Bowen,FWMF,West Ham,28.5,499,734,68,9687,2148,5,4.6,+0.4,28,22,22,9,37,73
Robbie Brady\Robbie-Brady,MF,Burnley,11.7,266,393,67.7,4703,1627,1,0.9,+0.1,7,23,6,4,32,17
Rhian Brewster\Rhian-Brewster,FW,Sheffield Utd,12.5,156,225,69.3,2629,649,0,1.7,-1.7,8,13,4,2,14,7
Nathan Broadhead\Nathan-Broadhead,MF,Everton,0,2,2,100,21,2,0,0,0,0,0,0,0,0,0
Josh Brownhill\Josh-Brownhill,MF,Burnley,31.3,938,1187,79,14887,3376,1,1.1,-0.1,19,66,17,2,66,23
Joe Bryan\Joe-Bryan,DFFW,Fulham,7.4,295,420,70.2,5236,2212,0,0.4,-0.4,6,23,5,2,27,88
Kean Bryan\Kean-Bryan,DF,Sheffield Utd,11.2,323,443,72.9,6614,3041,0,0.4,-0.4,4,27,3,1,22,22
Oliver Burke\Oliver-Burke,FW,Sheffield Utd,14.1,185,262,70.6,2434,326,1,1.8,-0.8,13,5,8,1,11,13
Dan Burn\Dan-Burn,DF,Brighton,22.9,952,1242,76.7,16883,5286,0,1,-1,9,73,15,5,77,150
Jack Butland\Jack-Butland,GK,Crystal Palace,1,6,21,28.6,258,207,0,0,0,0,1,0,0,0,11
David Button\David-Button,GK,West Brom,1,16,37,43.2,687,484,0,0,0,0,0,0,0,0,15
Oskar Buur\Oskar-Buur,DF,Wolves,0.2,14,15,93.3,201,47,0,0,0,0,0,0,0,0,1
Willy Caballero\Willy-Caballero,GK,Chelsea,1,24,26,92.3,496,302,0,0,0,0,0,0,0,0,7
Gary Cahill\Gary-Cahill,DF,Crystal Palace,20,590,697,84.6,12855,4415,1,0.7,+0.3,8,34,1,0,34,26
Tom Cairney\Tom-Cairney,MF,Fulham,8.4,551,621,88.7,11165,2009,1,1.4,-0.4,20,61,10,5,32,35
Dominic Calvert-Lewin\Dominic-Calvert-Lewin,FW,Everton,31.9,479,669,71.6,7196,1149,0,2,-2,17,27,11,1,36,18
João Cancelo\Joao-Cancelo,DF,Manchester City,25.5,1795,2094,85.7,31794,8986,3,4.9,-1.9,44,135,69,9,166,233
Ian Carlo Poveda\Ian-Carlo-Poveda,MFDF,Leeds United,3.9,86,117,73.5,1384,482,0,0.8,-0.8,4,7,9,2,18,1
Andy Carroll\Andy-Carroll,FW,Newcastle Utd,4.4,89,141,63.1,1415,433,0,0.1,-0.1,2,10,3,0,12,5
Scott Carson\Scott-Carson,GK,Manchester City,1,15,16,93.8,334,200,0,0,0,0,0,0,0,0,2
Fabio Carvalho\Fabio-Carvalho,MFFW,Fulham,2.8,67,86,77.9,869,98,0,0.4,-0.4,2,3,2,0,5,6
Matty Cash\Matty-Cash,DF,Aston Villa,26.4,959,1298,73.9,18616,6966,2,2.2,-0.2,22,78,24,16,64,257
Kiko Casilla\Kiko-Casilla,GK,Leeds United,3,82,94,87.2,2073,1230,0,0,0,0,0,0,0,0,36
Timothy Castagne\Timothy-Castagne,DF,Leicester City,26.1,1267,1512,83.8,20653,7144,3,2,+1.0,22,87,21,7,99,181
Jonny Castro\Jonny-Castro,DF,Wolves,5.5,188,239,78.7,2770,1002,0,0.1,-0.1,3,8,1,1,11,55
Ivan Cavaleiro\Ivan-Cavaleiro,FWMF,Fulham,27.5,600,833,72,10024,2429,0,3.4,-3.4,44,19,30,11,50,78
Edinson Cavani\Edinson-Cavani,FW,Manchester Utd,15.3,270,343,78.7,4517,627,3,2.7,+0.3,15,16,13,1,18,13
Dani Ceballos\Dani-Ceballos,MF,Arsenal,17.9,1112,1286,86.5,22027,5182,3,2.9,+0.1,27,131,22,3,107,52
Calum Chambers\Calum-Chambers,DF,Arsenal,8.4,462,575,80.3,8301,2388,2,1.1,+0.9,11,24,9,5,23,87
Ben Chilwell\Ben-Chilwell,DF,Chelsea,25.4,1419,1806,78.6,24038,8064,5,2.8,+2.2,30,87,26,11,127,295
Hamza Choudhury\Hamza-Choudhury,MF,Leicester City,3.5,190,235,80.9,3682,616,0,0,0,0,13,0,0,8,3
Andreas Christensen\Andreas-Christensen,DF,Chelsea,15.2,1011,1089,92.8,21334,5754,0,0.4,-0.4,6,44,3,0,46,25
Carney Chukwuemeka\Carney-Chukwuemeka,FWMF,Aston Villa,0.2,5,8,62.5,88,10,0,0,0,0,0,0,0,0,0
Ciaran Clark\Ciaran-Clark,DF,Newcastle Utd,21,620,747,83,12686,3922,0,0.1,-0.1,2,35,2,0,35,23
Nathaniel Clyne\Nathaniel-Clyne,DF,Crystal Palace,12.7,437,569,76.8,6908,2752,1,0.4,+0.6,4,20,13,6,25,129
Conor Coady\Conor-Coady,DF,Wolves,36.7,1576,1789,88.1,40617,14316,0,0.1,-0.1,2,78,1,0,59,57
Séamus Coleman\Seamus-Coleman,DFMF,Everton,17.9,625,767,81.5,11163,4088,3,1.9,+1.1,18,32,14,5,43,95
Aaron Connolly\Aaron-Connolly,FW,Brighton,8.8,79,101,78.2,1147,165,1,0.2,+0.8,5,2,1,0,3,10
Liam Cooper\Liam-Cooper,DF,Leeds United,24.3,1363,1555,87.7,31575,9368,0,0,0,0,78,3,0,67,41
Theo Corbeanu\Theo-Corbeanu,FW,Wolves,0.1,3,3,100,53,28,0,0.1,-0.1,1,0,1,1,0,0
Jack Cork\Jack-Cork,MF,Burnley,15,413,499,82.8,6590,1287,0,0.6,-0.6,7,39,3,0,26,6
Hélder Costa\Helder-Costa,MFFW,Leeds United,12.8,242,328,73.8,3298,882,3,0.9,+2.1,9,7,13,4,16,5
Vladimír Coufal\Vladimir-Coufal,DF,West Ham,33.9,1200,1693,70.9,20585,10174,7,4.6,+2.4,46,82,40,23,119,361
Aaron Cresswell\Aaron-Cresswell,DF,West Ham,35.2,1541,2061,74.8,30884,14764,8,5.9,+2.1,60,149,24,17,120,444
Patrick Cutrone\Patrick-Cutrone,FWMF,Wolves,0.3,4,5,80,67,2,0,0,0,0,0,0,0,0,1
Stuart Dallas\Stuart-Dallas,DFMF,Leeds United,37.9,1813,2212,82,31713,9947,2,2.1,-0.1,27,141,38,9,182,224
Scott Dann\Scott-Dann,DF,Crystal Palace,15,508,604,84.1,10396,4758,0,0,0,1,24,0,0,28,30
Karl Darlow\Karl-Darlow,GK,Newcastle Utd,25,364,726,50.1,15539,11428,0,0,0,1,8,0,0,0,324
Ben Davies\Ben-Davies,DF,Tottenham,15,610,783,77.9,10908,4213,1,0.6,+0.4,7,42,9,4,43,146
Tom Davies\Tom-Davies,MF,Everton,15.8,573,684,83.8,10963,2685,1,1,0,7,43,7,2,47,12
Keinan Davis\Keinan-Davis,FWMF,Aston Villa,3.1,58,79,73.4,843,141,1,0.5,+0.5,5,1,3,0,3,1
Leif Davis\Leif-Davis,DF,Leeds United,0.4,16,19,84.2,384,159,0,0,0,0,0,1,0,1,0
Craig Dawson\Craig-Dawson,DF,West Ham,21.4,592,718,82.5,14128,3945,0,0,0,1,41,1,0,25,29
Kevin De Bruyne\Kevin-De-Bruyne,MF,Manchester City,22.2,1068,1406,76,21109,6183,12,10.2,+1.8,79,128,79,9,173,138
Liam Delap\Liam-Delap,FW,Manchester City,0.4,5,7,71.4,45,0,0,0,0,0,0,0,0,0,4
Fabian Delph\Fabian-Delph,MFDF,Everton,3,206,234,88,3586,937,0,0.1,-0.1,2,15,1,0,15,10
Leander Dendoncker\Leander-Dendoncker,MFDF,Wolves,27.8,1021,1162,87.9,19322,4299,0,0.7,-0.7,16,64,8,2,62,22
Mbaye Diagne\Mbaye-Diagne,FW,West Brom,13.2,162,230,70.4,2398,456,2,1.7,+0.3,12,13,5,2,16,9
Amad Diallo\Amad-Diallo,FW,Manchester Utd,1.8,54,64,84.4,839,219,1,0.5,+0.5,2,5,1,0,5,2
Ibrahima Diallo\Ibrahima-Diallo,MF,Southampton,11.3,500,587,85.2,8755,1972,0,0.6,-0.6,8,36,6,1,33,11
Grady Diangana\Grady-Diangana,MFFW,West Brom,13.7,256,351,72.9,3593,893,0,0.2,-0.2,5,15,7,0,26,11
Raphael Dias Belloli\Raphael-Dias-Belloli,MF,Leeds United,26.2,704,1057,66.6,13455,5385,9,8.1,+0.9,66,81,42,9,135,149
Rúben Dias\Ruben-Dias,DF,Manchester City,31.6,2499,2672,93.5,54265,14607,0,0.1,-0.1,3,166,9,1,116,52
Eric Dier\Eric-Dier,DF,Tottenham,28,1400,1654,84.6,31629,10688,0,0.1,-0.1,3,72,5,0,62,44
Lucas Digne\Lucas-Digne,DF,Everton,29.8,1225,1690,72.5,22044,8899,7,5.4,+1.6,44,63,37,26,108,356
Virgil van Dijk\Virgil-van-Dijk,DF,Liverpool,4.1,296,329,90,7078,2109,0,0,0,0,26,0,0,20,3
Issa Diop\Issa-Diop,DF,West Ham,15.3,475,563,84.4,9379,2899,0,0,0,1,28,0,0,22,15
Moussa Djenepo\Moussa-Djenepo,MF,Southampton,13.8,295,400,73.8,4570,1263,0,0.6,-0.6,7,17,13,2,24,18
Matt Doherty\Matt-Doherty,DF,Tottenham,13.8,666,826,80.6,10945,4240,2,0.8,+1.2,11,23,14,7,43,144
Gabriel Dos Santos\Gabriel-Dos-Santos,DF,Arsenal,22.2,1283,1492,86,27010,7820,0,0.1,-0.1,2,82,3,2,53,29
Abdoulaye Doucouré\Abdoulaye-Doucoure,MF,Everton,27.1,1146,1333,86,20026,4093,3,2.2,+0.8,18,69,21,1,65,15
Martin Dúbravka\Martin-Dubravka,GK,Newcastle Utd,13,310,427,72.6,9691,5363,0,0,0,0,2,0,0,0,164
Paul Dummett\Paul-Dummett,DF,Newcastle Utd,13.9,411,535,76.8,7707,3851,0,0.5,-0.5,4,31,5,2,23,57
Lewis Dunk\Lewis-Dunk,DF,Brighton,32.6,1935,2151,90,45296,12437,0,0.9,-0.9,9,116,2,0,70,78
Jimmy Dunne\Jimmy-Dunne,DF,Burnley,3,104,146,71.2,2320,570,0,0.1,-0.1,2,1,1,0,2,2
Ederson\Ederson,GK,Manchester City,36,906,1090,83.1,24435,13863,1,0.4,+0.6,1,7,2,0,1,218
Kyle Edwards\Kyle-Edwards,MFFW,West Brom,1.3,30,35,85.7,420,91,0,0,0,0,3,0,0,3,0
John Egan\John-Egan,DF,Sheffield Utd,29.2,925,1094,84.6,21851,6700,1,0.3,+0.7,3,81,7,1,58,24
Anthony Elanga\Anthony-Elanga,FW,Manchester Utd,1.7,43,53,81.1,672,121,0,0,0,1,4,0,0,2,1
Ahmed Elmohamady\Ahmed-Elmohamady,DF,Aston Villa,9.3,464,594,78.1,8879,3641,0,0.6,-0.6,13,36,26,8,48,122
Mohamed Elneny\Mohamed-Elneny,MF,Arsenal,17.2,937,1003,93.4,18475,3672,0,0.2,-0.2,4,77,9,0,60,22
Jonny Evans\Jonny-Evans,DF,Leicester City,27.5,1544,1764,87.5,33869,10330,2,0.3,+1.7,8,92,3,0,63,41
Eberechi Eze\Eberechi-Eze,MF,Crystal Palace,28.4,918,1158,79.3,14737,4359,6,2.8,+3.2,39,77,32,3,111,121
Łukasz Fabiański\Lukasz-Fabianski,GK,West Ham,35,606,1002,60.5,24399,17382,0,0,0,0,19,0,0,0,368
Fabinho\Fabinho,DFMF,Liverpool,28.5,1867,2049,91.1,38166,9896,0,0.4,-0.4,3,110,16,1,102,48
Bruno Fernandes\Bruno-Fernandes,MF,Manchester Utd,34.4,1702,2283,74.6,32546,9338,12,11,+1.0,94,177,96,8,227,206
Federico Fernández\Federico-Fernandez,DF,Newcastle Utd,23.1,671,837,80.2,14632,4358,0,0.3,-0.3,5,19,3,2,19,70
Fernandinho\Fernandinho,MF,Manchester City,13.2,878,1001,87.7,16840,4565,2,0.9,+1.1,12,135,17,2,96,26
Sam Field\Sam-Field,MF,West Brom,0.7,15,23,65.2,223,41,0,0,0,0,1,0,0,2,0
Roberto Firmino\Roberto-Firmino,FW,Liverpool,31.5,1043,1308,79.7,15705,3943,7,6.4,+0.6,46,85,43,0,134,42
John Fleck\John-Fleck,MF,Sheffield Utd,28.6,946,1213,78,15645,4958,2,2.7,-0.7,34,113,25,4,103,111
Phil Foden\Phil-Foden,FWMF,Manchester City,18,687,838,82,10452,2218,5,4.1,+0.9,34,40,24,2,60,57
Wesley Fofana\Wesley-Fofana,DF,Leicester City,25.1,1474,1672,88.2,31056,8308,0,0.3,-0.3,6,112,1,0,78,85
Pablo Fornals\Pablo-Fornals,FWMF,West Ham,28.6,852,1102,77.3,14075,4100,4,2.5,+1.5,30,72,32,5,108,24
Fraser Forster\Fraser-Forster,GK,Southampton,8,154,274,56.2,4532,2980,0,0,0,0,1,0,0,0,102
Timothy Fosu-Mensah\Timothy-Fosu-Mensah,DF,Manchester Utd,0.9,65,75,86.7,1070,258,0,0.3,-0.3,2,4,1,1,1,4
Tyrese Francois\Tyrese-Francois,DF,Fulham,0.2,14,15,93.3,211,88,0,0,0,0,0,0,0,3,2
Ryan Fraser\Ryan-Fraser,FWMF,Newcastle Utd,10.3,243,369,65.9,4220,1330,2,2.1,-0.1,25,7,10,9,17,64
Fred\Fred,MF,Manchester Utd,26.6,1555,1763,88.2,30912,7561,0,2.5,-2.5,24,174,18,0,149,59
Ryan Fredericks\Ryan-Fredericks,DFFW,West Ham,6.3,203,279,72.8,2971,1082,1,1.2,-0.2,13,9,13,7,15,37
Christian Fuchs\Christian-Fuchs,DF,Leicester City,7.8,478,589,81.2,9088,3503,0,0,0,1,42,2,1,33,73
Darnell Furlong\Darnell-Furlong,DF,West Brom,32.6,700,1177,59.5,13398,6065,3,2.1,+0.9,17,59,18,14,78,304
Conor Gallagher\Conor-Gallagher,MF,West Brom,28.1,742,954,77.8,13360,3015,2,1.6,+0.4,18,76,15,2,54,52
Eric García\Eric-Garcia,DF,Manchester City,4.3,322,344,93.6,6792,1869,0,0.1,-0.1,2,29,0,0,16,7
Dwight Gayle\Dwight-Gayle,FWMF,Newcastle Utd,5.7,91,114,79.8,1216,156,1,0.5,+0.5,6,0,2,0,3,8
Jean-Philippe Gbamin\Jean-Philippe-Gbamin,MF,Everton,0.1,6,9,66.7,122,36,0,0,0,0,1,0,0,1,0
David de Gea\David-de-Gea,GK,Manchester Utd,25.5,458,594,77.1,12242,7361,0,0,0,0,4,0,0,0,209
Anwar El Ghazi\Anwar-El-Ghazi,FW,Aston Villa,17.9,432,613,70.5,6996,1939,0,2.3,-2.3,24,27,18,10,39,43
Kieran Gibbs\Kieran-Gibbs,DF,West Brom,9,223,309,72.2,3929,1436,0,0.3,-0.3,3,15,3,3,16,42
Morgan Gibbs-White\Morgan-Gibbs-White,FWMF,Wolves,4.6,190,235,80.9,3219,704,0,0.6,-0.6,9,16,3,0,22,9
Billy Gilmour\Billy-Gilmour,MF,Chelsea,2.9,192,215,89.3,3746,531,0,0.1,-0.1,3,15,1,0,9,3
Olivier Giroud\Olivier-Giroud,FW,Chelsea,8.3,161,217,74.2,2002,251,0,0.7,-0.7,7,7,1,0,7,6
Ben Godfrey\Ben-Godfrey,DF,Everton,29.8,1102,1302,84.6,21710,5735,2,0.5,+1.5,1,58,5,2,51,117
André Gomes\Andre-Gomes,MF,Everton,17.4,750,901,83.2,14845,3523,1,1,0,15,82,13,2,80,15
Joe Gomez\Joe-Gomez,DF,Liverpool,6.6,481,533,90.2,11406,3067,0,0,0,1,30,0,0,38,7
Anthony Gordon\Anthony-Gordon,FWMF,Everton,1,22,26,84.6,365,94,0,0,0,1,1,2,0,3,2
Karlan Grant\Karlan-Grant,FWMF,West Brom,12.5,167,228,73.2,2453,345,0,0,0,0,5,6,0,9,17
Demarai Gray\Demarai-Gray,FW,Leicester City,0.2,7,11,63.6,116,11,0,0,0,0,1,0,0,0,0
Jack Grealish\Jack-Grealish,FWMF,Aston Villa,24.3,864,1100,78.5,14722,5062,10,8.6,+1.4,83,84,72,4,168,122
Mason Greenwood\Mason-Greenwood,FW,Manchester Utd,20.2,608,732,83.1,9990,1630,2,1.8,+0.2,15,26,17,3,42,7
Pascal Groß\Pascal-Gross,MFDF,Brighton,27.6,1260,1669,75.5,25820,7297,8,5.5,+2.5,67,81,50,17,129,253
Kamil Grosicki\Kamil-Grosicki,FWMF,West Brom,1.6,32,49,65.3,532,171,1,0.1,+0.9,3,4,1,0,5,2
Vicente Guaita\Vicente-Guaita,GK,Crystal Palace,37,598,1080,55.4,22645,16235,0,0,0,0,7,0,0,0,421
İlkay Gündoğan\Ilkay-Gundogan,MF,Manchester City,22.5,1553,1707,91,26232,4924,2,4.5,-2.5,42,140,35,2,118,53
Antwoine Hackford\Antwoine-Hackford,DFFW,Sheffield Utd,0.1,1,1,100,4,0,0,0,0,0,0,0,0,0,0
Sébastien Haller\Sebastien-Haller,FW,West Ham,10.4,171,252,67.9,2749,525,0,1.2,-1.2,9,13,5,1,19,10
Rekeem Harper\Rekeem-Harper,MF,West Brom,0.4,13,16,81.3,242,33,0,0,0,0,2,0,0,1,0
Jack Harrison\Jack-Harrison,MF,Leeds United,31.6,788,1162,67.8,13468,4538,8,7.1,+0.9,58,37,65,20,111,61
Kortney Hause\Kortney-Hause,DF,Aston Villa,7,169,216,78.2,3950,1252,0,0,0,0,11,0,0,10,11
Kai Havertz\Kai-Havertz,MFFW,Chelsea,16.9,659,765,86.1,9572,1457,3,1.6,+1.4,17,34,19,2,42,21
Isaac Hayden\Isaac-Hayden,MFDF,Newcastle Utd,21.6,629,790,79.6,12063,2698,0,0.4,-0.4,5,48,3,1,41,55
Michael Hector\Michael-Hector,DF,Fulham,2.9,139,175,79.4,3485,1313,0,0,0,1,10,1,0,11,10
Ahmed Hegazi\Ahmed-Hegazi,DF,West Brom,1,37,52,71.2,829,381,0,0,0,0,1,0,0,2,0
Dean Henderson\Dean-Henderson,GK,Manchester Utd,12.5,236,314,75.2,6021,3376,0,0,0,0,4,0,0,0,113
Jordan Henderson\Jordan-Henderson,MFDF,Liverpool,18.9,1572,1812,86.8,32801,8619,1,1.4,-0.4,12,206,30,1,145,44
Jeff Hendrick\Jeff-Hendrick,MF,Newcastle Utd,15.8,429,533,80.5,7532,1770,1,0.7,+0.3,4,27,5,1,35,14
Pablo Hernández\Pablo-Hernandez,MFFW,Leeds United,4.7,290,391,74.2,5651,1947,2,0.7,+1.3,6,48,13,1,63,19
Son Heung-min\Son-Heung-min,FW,Tottenham,34.6,920,1199,76.7,14606,3244,10,8.9,+1.1,77,32,29,2,64,150
Ki-Jana Hoever\Ki-Jana-Hoever,DF,Wolves,6.4,260,351,74.1,4487,1573,0,0.2,-0.2,3,14,3,1,14,51
Rob Holding\Rob-Holding,DF,Arsenal,28.4,1578,1768,89.3,35516,9876,1,0.2,+0.8,4,120,6,0,101,44
Mason Holgate\Mason-Holgate,DF,Everton,25.4,945,1200,78.8,21912,7615,0,0.6,-0.6,9,59,12,4,67,150
Conor Hourihane\Conor-Hourihane,MF,Aston Villa,2.5,116,155,74.8,2503,557,1,0.8,+0.2,4,18,2,1,9,36
Callum Hudson-Odoi\Callum-Hudson-Odoi,FWDF,Chelsea,11.8,542,659,82.2,9055,2150,3,3.1,-0.1,31,24,38,11,55,32
Niall Huggins\Niall-Huggins,DF,Leeds United,0.4,17,23,73.9,240,57,0,0,0,0,1,0,0,0,3
Pierre Højbjerg\Pierre-Hojbjerg,MF,Tottenham,38,2389,2687,88.9,45264,12219,4,1.9,+2.1,17,235,20,4,193,102
Odion Ighalo\Odion-Ighalo,FW,Manchester Utd,0.1,1,1,100,7,0,0,0,0,0,0,0,0,0,0
Kelechi Iheanacho\Kelechi-Iheanacho,FW,Leicester City,16.2,400,501,79.8,5838,924,2,2.9,-0.9,25,21,22,5,29,23
Danny Ings\Danny-Ings,FW,Southampton,24.1,344,519,66.3,5196,1437,4,2.6,+1.4,22,29,19,6,49,11
Branislav Ivanović\Branislav-Ivanovic,DF,West Brom,8.5,265,311,85.2,5966,1426,0,0.1,-0.1,1,11,3,0,10,21
Alex Iwobi\Alex-Iwobi,FWDF,Everton,17.1,530,688,77,9911,2938,2,1.8,+0.2,16,35,26,9,73,31
José Izquierdo\Jose-Izquierdo,DFMF,Brighton,0.1,8,9,88.9,127,13,0,0,0,0,0,0,0,0,2
Phil Jagielka\Phil-Jagielka,DF,Sheffield Utd,5.8,142,186,76.3,3668,1007,0,0,0,0,4,0,0,5,12
Alireza Jahanbakhsh\Alireza-Jahanbakhsh,FWMF,Brighton,5.9,196,265,74,3308,778,1,3.2,-2.2,11,4,19,5,21,11
Daniel James\Daniel-James,FW,Manchester Utd,10.1,237,304,78,3257,754,1,1.2,-0.2,10,6,12,3,25,3
Reece James\Reece-James,DF,Chelsea,26.4,1688,1987,85,31436,8069,2,3,-1,40,81,45,24,111,241
Alexandre Jankewitz\Alexandre-Jankewitz,MF,Southampton,0,2,3,66.7,31,25,0,0,0,0,0,1,0,1,0
Daniel Jebbison\Daniel-Jebbison,FW,Sheffield Utd,3.2,24,34,70.6,308,38,0,0,0,1,2,0,0,1,1
Gabriel Jesus\Gabriel-Jesus,FW,Manchester City,22.9,638,754,84.6,8741,1055,4,3.4,+0.6,28,23,14,1,31,44
Raúl Jiménez\Raul-Jimenez,FW,Wolves,9.1,207,263,78.7,3241,561,0,0.8,-0.8,8,16,9,0,19,8
Joelinton\Joelinton,FWMF,Newcastle Utd,22,436,590,73.9,6190,1191,2,2.1,-0.1,17,17,9,2,26,12
Ben Johnson\Ben-Johnson,DF,West Ham,5.8,154,219,70.3,2655,1075,0,0.2,-0.2,4,12,3,3,15,25
Sam Johnstone\Sam-Johnstone,GK,West Brom,37,640,1282,49.9,26988,18772,1,0.4,+0.6,1,26,0,0,0,487
Curtis Jones\Curtis-Jones,MF,Liverpool,13.1,890,976,91.2,15013,3201,2,1.6,+0.4,13,97,22,2,66,11
Jorginho\Jorginho,MF,Chelsea,22.3,1558,1740,89.5,27960,6525,1,2.1,-1.1,24,140,20,1,115,27
Willian José\Willian-Jose,FW,Wolves,12.3,249,306,81.4,4406,570,0,0.6,-0.6,11,14,3,0,12,16
Diogo Jota\Diogo-Jota,FW,Liverpool,12.4,327,451,72.5,5377,1228,0,1.6,-1.6,12,33,14,0,46,3
James Justin\James-Justin,DF,Leicester City,23,989,1248,79.2,16540,5520,1,1.6,-0.6,18,56,33,7,92,181
Ozan Kabak\Ozan-Kabak,DF,Liverpool,8.9,502,554,90.6,10365,2683,0,0.2,-0.2,1,16,0,0,15,12
Aboubakar Kamara\Aboubakar-Kamara,FWDF,Fulham,3.5,92,128,71.9,1504,409,0,0.4,-0.4,6,4,4,1,11,6
Harry Kane\Harry-Kane,FW,Tottenham,34.2,657,937,70.1,12519,3835,14,7.4,+6.6,48,98,41,7,125,47
N'Golo Kanté\NGolo-Kante,MF,Chelsea,23.8,1302,1504,86.6,23870,5264,2,1.1,+0.9,21,99,12,1,101,20
Moise Kean\Moise-Kean,FW,Everton,0.2,7,9,77.8,124,0,0,0,0,0,0,0,0,0,0
Michael Keane\Michael-Keane,DF,Everton,33.2,1631,1835,88.9,37031,11779,1,1.1,-0.1,8,104,6,0,87,42
Neeskens Kebano\Neeskens-Kebano,FWMF,Fulham,1.3,33,42,78.6,409,99,0,0,0,0,1,0,0,2,2
Naby Keïta\Naby-Keita,MF,Liverpool,5.8,311,356,87.4,5328,1190,0,0.8,-0.8,6,31,10,1,32,12
Caoimhín Kelleher\Caoimhin-Kelleher,GK,Liverpool,2,51,62,82.3,1459,732,0,0,0,0,0,0,0,0,17
Martin Kelly\Martin-Kelly,DF,Crystal Palace,0,2,2,100,28,5,0,0,0,0,0,0,0,0,0
Jonjoe Kenny\Jonjoe-Kenny,DF,Everton,0.9,47,61,77,783,221,0,0,0,0,3,1,0,4,13
Reda Khadra\Reda-Khadra,FW,Brighton,0.1,0,1,0,0,0,0,0,0,0,0,0,0,0,0
Max Kilman\Max-Kilman,DF,Wolves,14.6,648,731,88.6,12284,4172,1,0.5,+0.5,4,52,2,0,40,21
Joshua King\Joshua-King,MFFW,Everton,1.6,34,48,70.8,561,108,0,0,0,0,0,1,0,4,0
Mateusz Klich\Mateusz-Klich,MF,Leeds United,26.6,1185,1495,79.3,20394,5286,5,3.9,+1.1,46,105,41,6,140,63
Robin Koch\Robin-Koch,DFMF,Leeds United,12.6,648,757,85.6,13825,4119,0,0.2,-0.2,4,36,3,0,44,16
Sead Kolašinac\Sead-Kolasinac,DF,Arsenal,1,54,64,84.4,801,177,0,0,0,0,3,1,0,4,4
Terence Kongolo\Terence-Kongolo,DF,Fulham,1,37,39,94.9,723,293,0,0,0,1,3,1,1,3,0
Ezri Konsa\Ezri-Konsa,DF,Aston Villa,35.5,1076,1244,86.5,24314,5977,0,0.2,-0.2,1,38,2,0,36,56
Cheikhou Kouyaté\Cheikhou-Kouyate,DF,Crystal Palace,34.7,959,1217,78.8,19698,6299,0,0.2,-0.2,6,39,3,1,33,57
Mateo Kovačić\Mateo-Kovacic,MF,Chelsea,20.2,1580,1737,91,30881,7418,1,1.8,-0.8,23,164,24,0,165,27
Emil Krafth\Emil-Krafth,DF,Newcastle Utd,14.3,404,557,72.5,7198,3240,0,0.4,-0.4,6,23,3,3,19,113
Filip Krovinović\Filip-Krovinovic,MF,West Brom,6.1,308,365,84.4,5338,1511,0,0.3,-0.3,5,37,7,0,40,32
Alexandre Lacazette\Alexandre-Lacazette,FW,Arsenal,21.4,410,524,78.2,6066,1247,2,2.7,-0.7,18,24,21,0,46,38
Adam Lallana\Adam-Lallana,MFFW,Brighton,17.7,793,936,84.7,12397,2974,1,2.8,-1.8,27,58,28,3,83,24
Érik Lamela\Erik-Lamela,FWMF,Tottenham,8,289,368,78.5,4889,1022,0,0.9,-0.9,8,22,10,0,29,31
Tariq Lamptey\Tariq-Lamptey,DF,Brighton,9.8,390,500,78,6346,1711,1,1.1,-0.1,11,12,12,7,27,96
Manuel Lanzini\Manuel-Lanzini,MFFW,West Ham,6.3,327,368,88.9,5291,1311,1,0.9,+0.1,11,25,4,0,20,7
Aymeric Laporte\Aymeric-Laporte,DF,Manchester City,14.9,1160,1261,92,24147,6963,0,0.7,-0.7,4,108,5,0,72,32
Jamaal Lascelles\Jamaal-Lascelles,DF,Newcastle Utd,18.1,487,599,81.3,10618,3333,0,0,0,1,30,5,0,32,16
Maxime Le Marchand\Maxime-Le-Marchand,DF,Fulham,1.4,78,82,95.1,1841,642,0,0,0,0,3,1,0,6,2
Mario Lemina\Mario-Lemina,MF,Fulham,18.9,734,860,85.3,15079,3711,0,0.8,-0.8,10,60,15,1,56,18
Bernd Leno\Bernd-Leno,GK,Arsenal,34.8,922,1156,79.8,22005,11152,0,0,0,0,5,0,0,2,296
Khanya Leshabela\Khanya-Leshabela,MF,Leicester City,0.1,7,9,77.8,98,38,0,0,0,0,1,0,0,1,0
Jamal Lewis\Jamal-Lewis,DF,Newcastle Utd,20.4,635,833,76.2,11069,4545,1,1.6,-0.6,15,34,16,10,31,164
Victor Lindelöf\Victor-Lindelof,DF,Manchester Utd,28.7,1640,1800,91.1,32452,10570,1,0.7,+0.3,6,99,6,0,92,52
Jesse Lingard\Jesse-Lingard,MFFW,West Ham,15.8,544,669,81.3,8598,2289,4,1.5,+2.5,17,58,26,4,65,60
Jake Livermore\Jake-Livermore,MF,West Brom,13.8,283,381,74.3,4982,1148,0,0.2,-0.2,5,29,2,1,25,4
Diego Llorente\Diego-Llorente,DF,Leeds United,13.4,568,665,85.4,13050,3174,0,0.6,-0.6,4,28,1,0,23,23
Hugo Lloris\Hugo-Lloris,GK,Tottenham,38,763,1067,71.5,21867,13918,0,0,0,0,6,0,0,0,382
Giovani Lo Celso\Giovani-Lo-Celso,MF,Tottenham,10.5,465,589,78.9,8364,2205,1,1.3,-0.3,14,44,11,0,58,54
Ruben Loftus-Cheek\Ruben-Loftus-Cheek,MFFW,Fulham,21.2,595,716,83.1,9651,2183,0,1.4,-1.4,15,62,12,2,71,13
Ruben Loftus-Cheek\Ruben-Loftus-Cheek,FW,Chelsea,0.7,11,16,68.8,166,22,0,0,0,0,1,0,0,1,0
Kevin Long\Kevin-Long,DF,Burnley,7.1,181,255,71,4324,1387,0,0,0,0,9,2,0,15,4
Shane Long\Shane-Long,FWMF,Southampton,2.3,38,59,64.4,494,168,0,0,0,0,3,0,0,4,2
Matthew Longstaff\Matthew-Longstaff,MF,Newcastle Utd,4.2,117,148,79.1,2121,341,0,0.1,-0.1,2,4,1,1,3,4
Sean Longstaff\Sean-Longstaff,MF,Newcastle Utd,15.7,452,572,79,9478,2178,1,1.1,-0.1,11,41,2,1,40,43
Ademola Lookman\Ademola-Lookman,FWMF,Fulham,30.5,880,1168,75.3,14977,4309,4,5.2,-1.2,60,46,42,5,105,154
Max Lowe\Max-Lowe,DF,Sheffield Utd,6.1,145,223,65,2360,772,0,0.2,-0.2,3,14,5,1,16,30
Matthew Lowton\Matthew-Lowton,DF,Burnley,34,1031,1498,68.8,20277,9177,1,2.3,-1.3,24,120,43,10,131,287
David Luiz\David-Luiz,DF,Arsenal,15.5,807,965,83.6,18737,5266,0,0.4,-0.4,2,66,8,0,61,33
Douglas Luiz\Douglas-Luiz,MF,Aston Villa,30.9,1213,1431,84.8,25157,5670,2,1.5,+0.5,19,127,15,3,106,82
John Lundstram\John-Lundstram,MF,Sheffield Utd,22.6,843,1041,81,15138,3357,2,1.2,+0.8,19,59,12,2,59,66
Alexis Mac Allister\Alexis-Mac-Allister,MFFW,Brighton,12.4,323,407,79.4,5542,1298,1,2.4,-1.4,15,24,17,0,36,11
James Maddison\James-Maddison,MFFW,Leicester City,23.3,863,1116,77.3,15126,4144,5,5.3,-0.3,52,86,35,5,101,148
Harry Maguire\Harry-Maguire,DF,Manchester Utd,33.9,1904,2139,89,42647,12352,1,0.3,+0.7,7,194,8,1,104,64
Riyad Mahrez\Riyad-Mahrez,FW,Manchester City,21.7,914,1086,84.2,14951,3135,6,5.9,+0.1,41,35,52,6,88,66
Ainsley Maitland-Niles\Ainsley-Maitland-Niles,MF,West Brom,13.7,307,402,76.4,4599,1301,0,0.7,-0.7,5,18,8,1,34,16
Ainsley Maitland-Niles\Ainsley-Maitland-Niles,DF,Arsenal,5.4,226,288,78.5,4033,1102,0,0.2,-0.2,3,15,3,1,14,35
Josh Maja\Josh-Maja,FWMF,Fulham,9,157,179,87.7,2511,198,0,1.1,-1.1,8,4,4,0,7,7
Sadio Mané\Sadio-Mane,FW,Liverpool,31.2,802,1064,75.4,13522,2878,7,5.7,+1.3,57,37,67,10,105,15
Javier Manquillo\Javier-Manquillo,DF,Newcastle Utd,9.2,296,400,74,4706,2027,0,0.2,-0.2,4,15,4,2,21,86
Fernando Marçal\Fernando-Marcal,DF,Wolves,6.9,306,370,82.7,5445,2032,0,0.2,-0.2,4,15,2,1,24,68
Solly March\Solly-March,DF,Brighton,18.6,681,975,69.8,12847,4328,1,1.7,-0.7,27,39,34,13,77,195
Pablo Marí\Pablo-Mari,DF,Arsenal,10,537,592,90.7,10977,2753,0,0,0,0,20,0,0,19,7
Anthony Martial\Anthony-Martial,FW,Manchester Utd,16.4,404,488,82.8,5653,1141,3,2,+1.0,15,26,15,0,43,11
Martinelli\Martinelli,FW,Arsenal,6.5,126,159,79.2,1863,421,1,2.1,-1.1,9,2,7,3,8,4
Emiliano Martínez\Emiliano-Martinez,GK,Aston Villa,38,849,1295,65.6,28998,18873,0,0.2,-0.2,2,27,1,0,0,384
Arthur Masuaku\Arthur-Masuaku,DFFW,West Ham,11.2,442,552,80.1,7513,2551,2,1.9,+0.1,13,25,16,10,39,44
Juan Mata\Juan-Mata,FWMF,Manchester Utd,5.7,247,294,84,3813,827,2,0.8,+1.2,8,18,4,1,19,16
Jean-Philippe Mateta\Jean-Philippe-Mateta,FW,Crystal Palace,2.5,31,51,60.8,334,67,0,0,0,1,1,0,0,3,4
Nemanja Matić\Nemanja-Matic,MF,Manchester Utd,12.3,882,975,90.5,16853,4366,0,0.4,-0.4,7,83,10,3,79,34
Joël Matip\Joel-Matip,DF,Liverpool,7.7,466,527,88.4,10052,2584,2,1,+1.0,2,30,1,0,15,9
Neal Maupay\Neal-Maupay,FWMF,Brighton,27.9,508,656,77.4,7903,1364,2,3.6,-1.6,31,32,28,4,41,57
James McArthur\James-McArthur,MF,Crystal Palace,16.3,627,769,81.5,11897,3424,2,0.9,+1.1,13,63,6,0,60,42
Oliver McBurnie\Oliver-McBurnie,FW,Sheffield Utd,14.7,268,426,62.9,3690,1051,0,1.1,-1.1,14,21,16,0,43,10
Alex McCarthy\Alex-McCarthy,GK,Southampton,30,687,1069,64.3,18362,11429,0,0,0,0,7,2,0,0,271
James McCarthy\James-McCarthy,MF,Crystal Palace,9.1,254,329,77.2,5343,1306,0,0.3,-0.3,6,26,4,3,24,14
John McGinn\John-McGinn,MF,Aston Villa,37,1080,1398,77.3,23732,7706,5,3,+2.0,40,179,44,6,179,72
David McGoldrick\David-McGoldrick,FWMF,Sheffield Utd,26.6,699,940,74.4,11570,2027,1,1.3,-0.3,15,48,24,3,68,31
Dwight McNeil\Dwight-McNeil,MF,Burnley,34.1,920,1336,68.9,18456,5542,5,6.5,-1.5,50,74,41,24,77,166
Scott McTominay\Scott-McTominay,MF,Manchester Utd,23.7,1109,1270,87.3,21728,5711,1,0.9,+0.1,14,109,9,1,104,42
Ben Mee\Ben-Mee,DF,Burnley,29.9,784,1044,75.1,18309,6982,0,0.3,-0.3,6,51,1,0,64,38
Hannibal Mejbri\Hannibal-Mejbri,MF,Manchester Utd,0.1,3,3,100,58,25,0,0,0,0,1,0,0,1,0
Benjamin Mendy\Benjamin-Mendy,DF,Manchester City,10.6,532,651,81.7,9755,2601,1,0.4,+0.6,5,28,10,3,49,89
Edouard Mendy\Edouard-Mendy,GK,Chelsea,30.5,852,1007,84.6,20804,10309,0,0,0,0,4,0,0,0,215
Nampalys Mendy\Nampalys-Mendy,MF,Leicester City,16.2,882,965,91.4,15259,3059,1,0.4,+0.6,6,78,0,0,49,13
Illan Meslier\Illan-Meslier,GK,Leeds United,35,1090,1348,80.9,27992,13228,0,0.1,-0.1,1,2,0,0,0,346
Luka Milivojević\Luka-Milivojevic,MF,Crystal Palace,26.2,1029,1269,81.1,20757,6655,1,1.3,-0.3,20,104,13,2,108,99
James Milner\James-Milner,MFDF,Liverpool,11.9,776,914,84.9,14666,4242,1,1.2,-0.2,13,76,26,5,89,67
Yerry Mina\Yerry-Mina,DF,Everton,21.5,1115,1227,90.9,23055,6367,0,0,0,0,49,0,0,45,29
Takumi Minamino\Takumi-Minamino,MFFW,Liverpool,3.3,111,139,79.9,1589,332,0,0,0,0,11,2,0,4,4
Takumi Minamino\Takumi-Minamino,MFFW,Southampton,7.9,186,257,72.4,2866,533,0,0.5,-0.5,5,11,5,0,17,2
Tyrone Mings\Tyrone-Mings,DF,Aston Villa,35.5,1262,1585,79.6,29862,11824,2,0.6,+1.4,7,120,6,2,108,56
Tyrick Mitchell\Tyrick-Mitchell,DF,Crystal Palace,19,547,779,70.2,8911,5506,1,0.4,+0.6,3,50,10,6,55,193
Aleksandar Mitrović\Aleksandar-Mitrovic,FW,Fulham,15.6,292,384,76,3977,615,3,2.6,+0.4,22,12,13,1,20,25
Jakub Moder\Jakub-Moder,DFMF,Brighton,7.2,200,268,74.6,2874,870,0,0.2,-0.2,3,17,7,0,21,8
Jayson Molumby\Jayson-Molumby,MF,Brighton,0,0,1,0,0,0,0,0,0,0,0,0,0,0,0
Wesley Moraes\Wesley-Moraes,MFFW,Aston Villa,0.2,4,4,100,30,0,0,0,0,0,0,0,0,0,0
Wes Morgan\Wes-Morgan,DF,Leicester City,0.2,5,5,100,93,78,0,0,0,0,0,0,0,2,0
Mason Mount\Mason-Mount,MFFW,Chelsea,32.1,1548,1881,82.3,27434,7401,5,7.8,-2.8,90,144,58,7,182,196
Lucas Moura\Lucas-Moura,FWMF,Tottenham,15.7,448,600,74.7,6841,1695,4,2.3,+1.7,16,30,14,3,47,28
Lys Mousset\Lys-Mousset,FWMF,Sheffield Utd,3.3,40,50,80,671,93,0,0.3,-0.3,3,5,0,0,3,11
João Moutinho\Joao-Moutinho,MF,Wolves,28.1,1540,1817,84.8,30715,7297,1,2.6,-1.6,47,117,19,6,123,205
Joel Mumbongo\Joel-Mumbongo,FW,Burnley,0.4,5,6,83.3,52,0,0,0,0,0,0,0,0,0,0
Jacob Murphy\Jacob-Murphy,DFMF,Newcastle Utd,18.1,416,608,68.4,7545,3364,3,2.4,+0.6,18,26,28,10,44,117
Shkodran Mustafi\Shkodran-Mustafi,DF,Arsenal,0.5,41,48,85.4,1100,210,0,0,0,0,2,0,0,4,1
Marvelous Nakamba\Marvelous-Nakamba,MF,Aston Villa,8.3,234,273,85.7,4243,950,0,0,0,1,16,0,0,9,4
Iliman Ndiaye\Iliman-Ndiaye,MF,Sheffield Utd,0.1,3,3,100,35,16,0,0,0,0,0,0,0,1,0
Wilfred Ndidi\Wilfred-Ndidi,MFDF,Leicester City,24.2,1201,1363,88.1,22396,4643,4,1.5,+2.5,15,80,4,0,57,17
Tanguy Ndombele\Tanguy-Ndombele,MF,Tottenham,23.2,994,1165,85.3,15903,4088,2,2.4,-0.4,16,91,22,0,101,37
Reiss Nelson\Reiss-Nelson,FW,Arsenal,0.8,17,30,56.7,319,94,0,0,0,0,2,1,0,2,7
Pedro Neto\Pedro-Neto,FWMF,Wolves,28.3,955,1212,78.8,15501,3302,6,6.2,-0.2,60,34,39,24,53,148
Rúben Neves\Ruben-Neves,MF,Wolves,29.7,1633,1937,84.3,38493,8615,1,2.1,-1.1,32,203,21,2,140,57
Eddie Nketiah\Eddie-Nketiah,FW,Arsenal,4.7,73,89,82,1014,102,1,0.8,+0.2,5,3,2,0,3,7
Niels Nkounkou\Niels-Nkounkou,DFFW,Everton,0.9,27,34,79.4,480,107,0,0,0,0,3,0,0,2,4
Dan Nlundulu\Dan-Nlundulu,FW,Southampton,1.2,22,33,66.7,398,55,0,0,0,1,3,1,0,2,0
Mark Noble\Mark-Noble,MF,West Ham,7.9,374,429,87.2,7323,1739,0,0.2,-0.2,5,41,6,3,25,32
Will Norris\Will-Norris,GK,Burnley,2,27,56,48.2,1551,1393,0,0.1,-0.1,1,8,1,0,1,25
Oliver Norwood\Oliver-Norwood,MF,Sheffield Utd,24.7,1180,1483,79.6,27097,7444,0,1.7,-1.7,31,131,29,10,106,132
Jack O'Connell\Jack-OConnell,DF,Sheffield Utd,2,60,77,77.9,1225,531,0,0,0,0,4,2,0,6,2
Dara O'Shea\Dara-OShea,DF,West Brom,23.4,566,857,66,12412,5876,0,0.1,-0.1,6,70,4,0,57,119
Michael Obafemi\Michael-Obafemi,FW,Southampton,0.7,13,15,86.7,178,29,0,0.1,-0.1,1,1,0,0,1,1
Denis Odoi\Denis-Odoi,DF,Fulham,3,153,185,82.7,3165,1036,0,0.1,-0.1,1,11,2,1,10,20
Angelo Ogbonna\Angelo-Ogbonna,DF,West Ham,27.7,810,960,84.4,17791,4668,0,1,-1,3,27,0,0,26,14
Robin Olsen\Robin-Olsen,GK,Everton,7,142,199,71.4,4967,3508,0,0,0,0,2,0,0,0,73
Josh Onomah\Josh-Onomah,MF,Fulham,4.2,149,166,89.8,2404,472,0,0.1,-0.1,2,12,3,0,16,1
Divock Origi\Divock-Origi,FW,Liverpool,2.1,46,60,76.7,564,77,0,0.2,-0.2,2,2,0,0,1,1
Ben Osborn\Ben-Osborn,MFDF,Sheffield Utd,17.8,663,840,78.9,10376,3744,0,2.1,-2.1,19,54,28,11,70,69
Owen Otasowie\Owen-Otasowie,MFFW,Wolves,2.1,45,64,70.3,691,118,1,0.1,+0.9,2,0,0,0,2,1
Alex Oxlade-Chamberlain\Alex-Oxlade-Chamberlain,FWMF,Liverpool,2.8,104,138,75.4,2185,456,1,0.2,+0.8,2,17,2,0,15,2
Emerson Palmieri\Emerson-Palmieri,DF,Chelsea,1,51,63,81,927,203,0,0,0,0,1,1,1,0,11
Thomas Partey\Thomas-Partey,MF,Arsenal,17,966,1112,86.9,18748,5119,2,1,+1.0,12,124,10,0,108,29
Rui Patrício\Rui-Patricio,GK,Wolves,37,535,801,66.8,18083,11654,0,0,0,0,5,0,0,0,346
Bailey Peacock-Farrell\Bailey-Peacock-Farrell,GK,Burnley,4,58,113,51.3,3210,2706,0,0,0,0,6,0,0,0,52
Lee Peltier\Lee-Peltier,DF,West Brom,2.5,48,76,63.2,895,258,0,0,0,1,4,2,1,2,13
Nicolas Pépé\Nicolas-Pepe,FW,Arsenal,18,510,674,75.7,7447,1466,1,0.9,+0.1,11,17,17,1,40,35
Matheus Pereira\Matheus-Pereira,MFFW,West Brom,28.6,765,1066,71.8,13122,4424,6,5.4,+0.6,57,64,43,9,95,182
Ricardo Pereira\Ricardo-Pereira,DF,Leicester City,10.7,411,525,78.3,6621,2242,1,0.5,+0.5,9,19,11,1,44,70
Ayoze Pérez\Ayoze-Perez,MFFW,Leicester City,14.8,382,499,76.6,5452,1421,1,1.2,-0.2,23,26,27,5,54,22
Kalvin Phillips\Kalvin-Phillips,MF,Leeds United,27,1210,1461,82.8,28517,7192,2,3.8,-1.8,34,139,16,3,104,127
Matt Phillips\Matt-Phillips,MFFW,West Brom,20.3,393,567,69.3,6869,2326,1,3.1,-2.1,27,21,21,14,42,35
Nathaniel Phillips\Nathaniel-Phillips,DF,Liverpool,16.2,923,1058,87.2,19944,6161,1,0.4,+0.6,6,79,2,0,60,26
Jaden Philogene Bidace\Jaden-Philogene-Bidace,FW,Aston Villa,0,2,4,50,38,0,0,0,0,0,0,0,0,0,0
Jordan Pickford\Jordan-Pickford,GK,Everton,30.5,761,1152,66.1,26383,18594,0,0,0,1,30,1,0,0,308
Erik Pieters\Erik-Pieters,DFMF,Burnley,14.1,434,580,74.8,7764,2960,1,0.5,+0.5,6,33,4,1,31,121
Daniel Podence\Daniel-Podence,MFFW,Wolves,18.5,478,636,75.2,8742,2328,2,1.9,+0.1,23,45,21,3,66,25
Paul Pogba\Paul-Pogba,MFFW,Manchester Utd,21.1,1112,1343,82.8,21208,5036,3,2.1,+0.9,24,113,34,3,111,30
Nick Pope\Nick-Pope,GK,Burnley,32,496,979,50.7,22939,18453,0,0.4,-0.4,3,34,1,0,1,381
Dennis Praet\Dennis-Praet,MFFW,Leicester City,8,248,313,79.2,3875,850,1,0.8,+0.2,7,10,7,2,20,5
Davy Pröpper\Davy-Propper,MF,Brighton,2.4,73,96,76,1416,432,0,0,0,0,7,5,1,13,0
Christian Pulisic\Christian-Pulisic,FWMF,Chelsea,19.3,552,690,80,8355,1840,2,2.8,-0.8,26,31,40,2,66,15
Aaron Ramsdale\Aaron-Ramsdale,GK,Sheffield Utd,38,560,1141,49.1,24918,19336,0,0.2,-0.2,2,52,0,0,0,414
Jacob Ramsey\Jacob-Ramsey,MF,Aston Villa,7,188,220,85.5,3360,717,0,0.3,-0.3,6,16,1,1,15,1
Kayne Ramsey\Kayne-Ramsey,DF,Southampton,1,18,26,69.2,286,101,0,0,0,0,0,0,0,0,3
Darren Randolph\Darren-Randolph,GK,West Ham,3,36,66,54.5,1311,986,0,0,0,0,0,0,0,0,33
Marcus Rashford\Marcus-Rashford,FW,Manchester Utd,32.4,995,1234,80.6,15841,3175,9,3.6,+5.4,41,34,56,6,96,28
Tim Ream\Tim-Ream,DF,Fulham,7,396,434,91.2,8687,2742,0,0,0,0,31,0,0,24,2
Nathan Redmond\Nathan-Redmond,MFFW,Southampton,19.3,564,743,75.9,9326,2326,3,3.3,-0.3,29,35,31,5,74,44
Harrison Reed\Harrison-Reed,MF,Fulham,25,1262,1460,86.4,24280,5739,2,1.4,+0.6,22,86,18,4,97,87
Sergio Reguilón\Sergio-Reguilon,DF,Tottenham,24.9,1076,1393,77.2,18509,6530,3,1.7,+1.3,17,60,27,16,82,208
Bobby Reid\Bobby-Reid,MFDF,Fulham,26.4,612,826,74.1,10197,2922,2,1.4,+0.6,15,38,28,6,60,54
Declan Rice\Declan-Rice,MF,West Ham,32,1298,1506,86.2,25003,6065,1,2.1,-1.1,19,113,21,9,94,22
Lewis Richardson\Lewis-Richardson,FWMF,Burnley,0,0,1,0,0,0,0,0,0,0,0,0,0,0,0
Richarlison\Richarlison,FW,Everton,31.8,534,772,69.2,8273,1745,3,3.2,-0.2,25,24,14,1,42,18
Jaïro Riedewald\Jairo-Riedewald,MF,Crystal Palace,20.2,533,628,84.9,9123,2310,0,1,-1,11,46,8,0,42,11
Matt Ritchie\Matt-Ritchie,DFMF,Newcastle Utd,15,411,607,67.7,7978,3480,2,1.5,+0.5,24,27,18,13,37,134
Tyler Roberts\Tyler-Roberts,MFFW,Leeds United,14.9,337,467,72.2,5289,1239,2,1.8,+0.2,15,25,22,1,43,6
Andrew Robertson\Andrew-Robertson,DF,Liverpool,37.6,2567,3213,79.9,47107,15919,7,6.9,+0.1,66,177,66,26,265,513
Antonee Robinson\Antonee-Robinson,DF,Fulham,24,982,1352,72.6,18310,7073,0,1.6,-1.6,28,40,43,25,87,249
Callum Robinson\Callum-Robinson,FWMF,West Brom,17.3,319,450,70.9,5044,1156,0,0.8,-0.8,14,21,12,7,22,23
Jack Robinson\Jack-Robinson,DF,Sheffield Utd,9.7,354,439,80.6,6743,2333,1,0.9,+0.1,1,24,1,0,20,43
Hal Robson-Kanu\Hal-Robson-Kanu,FW,West Brom,6.2,64,86,74.4,941,238,0,0.4,-0.4,6,7,2,1,9,6
Marek Rodák\Marek-Rodak,GK,Fulham,2,37,46,80.4,959,536,0,0,0,0,0,0,0,0,9
Joe Rodon\Joe-Rodon,DF,Tottenham,8.1,365,411,88.8,7783,1857,0,0,0,0,9,0,0,10,6
Rodri\Rodri,MF,Manchester City,30.5,2495,2728,91.5,50166,10296,2,1.7,+0.3,27,239,17,1,156,39
Rodrigo\Rodrigo,MFFW,Leeds United,14.3,432,573,75.4,7609,1732,2,2.4,-0.4,28,39,20,4,57,8
James Rodríguez\James-Rodriguez,FWMF,Everton,19.6,879,1111,79.1,18324,5584,4,5.4,-1.4,43,104,41,7,132,135
Jay Rodriguez\Jay-Rodriguez,FWMF,Burnley,14.1,208,283,73.5,2682,611,2,1.7,+0.3,8,11,7,1,22,3
Oriol Romeu\Oriol-Romeu,MF,Southampton,19.6,1042,1258,82.8,17575,3666,1,1.1,-0.1,14,62,15,1,87,15
John Ruddy\John-Ruddy,GK,Wolves,1,19,24,79.2,524,323,0,0,0,0,0,0,0,0,8
Antonio Rüdiger\Antonio-Rudiger,DF,Chelsea,19,1339,1475,90.8,27991,7649,0,0.3,-0.3,3,111,4,1,52,34
Mathew Ryan\Mathew-Ryan,GK,Brighton,11,314,399,78.7,8454,4146,0,0,0,0,1,0,0,0,84
Mathew Ryan\Mathew-Ryan,GK,Arsenal,3,62,67,92.5,1535,794,0,0,0,0,0,0,0,0,12
Allan Saint-Maximin\Allan-Saint-Maximin,FWMF,Newcastle Utd,17.3,348,436,79.8,5913,1360,4,3.3,+0.7,28,27,10,2,46,16
Romain Saïss\Romain-Saiss,DF,Wolves,26.7,1157,1411,82,25009,10518,0,0.3,-0.3,6,106,8,3,106,72
Bukayo Saka\Bukayo-Saka,FWDF,Arsenal,28.4,865,1155,74.9,13388,3443,3,4.7,-1.7,38,55,29,8,64,123
Mamadou Sakho\Mamadou-Sakho,DF,Crystal Palace,3.1,72,82,87.8,1518,639,0,0,0,0,2,0,0,3,10
Mohamed Salah\Mohamed-Salah,FW,Liverpool,34.2,1071,1288,83.2,16219,3877,5,6.3,-1.3,54,61,74,12,137,29
Mohammed Salisu\Mohammed-Salisu,DF,Southampton,9.4,310,376,82.4,5129,1850,0,0,0,1,16,0,0,18,24
Davinson Sánchez\Davinson-Sanchez,DF,Tottenham,16.5,849,977,86.9,18273,4714,0,0,0,0,20,1,0,29,24
Robert Sánchez\Robert-Sanchez,GK,Brighton,27,784,1095,71.6,23930,12677,0,0,0,0,25,0,0,1,222
Morgan Sanson\Morgan-Sanson,MF,Aston Villa,3.3,122,161,75.8,2089,516,0,0.1,-0.1,1,7,1,0,9,8
Romaine Sawyers\Romaine-Sawyers,MF,West Brom,16.5,605,712,85,11796,3172,0,0.4,-0.4,5,57,5,2,53,31
Dane Scarlett\Dane-Scarlett,FW,Tottenham,0,0,0,,0,0,0,0,0,0,0,0,0,0,0
Fabian Schär\Fabian-Schar,DF,Newcastle Utd,13.8,453,583,77.7,10909,4622,0,0,0,1,40,12,0,39,54
Jeffrey Schlupp\Jeffrey-Schlupp,MF,Crystal Palace,15.9,304,429,70.9,4887,1406,3,1.7,+1.3,17,31,10,2,36,14
Kasper Schmeichel\Kasper-Schmeichel,GK,Leicester City,38,885,1218,72.7,27045,14438,0,0,0,0,7,0,0,0,351
Nélson Semedo\Nelson-Semedo,DF,Wolves,33.1,1541,1892,81.4,24883,7784,1,1.1,-0.1,20,93,24,14,100,348
Femi Seriki\Femi-Seriki,DF,Sheffield Utd,0,0,0,,0,0,0,0,0,0,0,0,0,0,0
Jamie Shackleton\Jamie-Shackleton,MFDF,Leeds United,5.1,182,206,88.3,2900,627,0,0.3,-0.3,2,7,2,1,7,20
Xherdan Shaqiri\Xherdan-Shaqiri,MFFW,Liverpool,6.2,356,426,83.6,6282,1550,2,3,-1,19,25,26,5,39,24
Billy Sharp\Billy-Sharp,FW,Sheffield Utd,8.2,86,123,69.9,1158,168,0,0.6,-0.6,4,2,3,0,6,12
Luke Shaw\Luke-Shaw,DF,Manchester Utd,29.5,1645,2015,81.6,25958,11037,5,5.2,-0.2,71,87,46,16,154,395
Jonjo Shelvey\Jonjo-Shelvey,MF,Newcastle Utd,29.1,1047,1418,73.8,25957,7702,3,2.7,+0.3,38,132,23,5,110,143
Shola Shoretire\Shola-Shoretire,FW,Manchester Utd,0.1,6,8,75,84,12,0,0,0,0,1,0,0,0,0
Gylfi Sigurðsson\Gylfi-Sigurdsson,MF,Everton,25,749,947,79.1,13596,3452,5,5,0,45,52,22,5,62,125
Bernardo Silva\Bernardo-Silva,MFFW,Manchester City,22.9,1280,1427,89.7,21634,3378,6,3.7,+2.3,32,81,32,0,72,68
Fábio Silva\Fabio-Silva,FW,Wolves,15.2,227,306,74.2,3155,438,3,0.5,+2.5,11,8,6,0,17,22
Thiago Silva\Thiago-Silva,DF,Chelsea,21.5,1749,1871,93.5,38049,11880,0,0.3,-0.3,5,113,7,0,78,43
Moussa Sissoko\Moussa-Sissoko,MF,Tottenham,17.6,666,792,84.1,11832,2567,0,0.5,-0.5,5,50,6,2,36,47
Islam Slimani\Islam-Slimani,FW,Leicester City,0.2,8,11,72.7,108,16,0,0,0,1,0,0,0,1,1
William Smallbone\William-Smallbone,MF,Southampton,1.9,64,78,82.1,1113,243,0,0,0,0,4,1,0,5,0
Emile Smith-Rowe\Emile-Smith-Rowe,MFFW,Arsenal,16,635,724,87.7,9532,1794,4,3,+1.0,24,37,14,2,42,13
Robert Snodgrass\Robert-Snodgrass,FWDF,West Ham,0.1,3,3,100,35,13,0,0,0,0,0,0,0,0,0
Robert Snodgrass\Robert-Snodgrass,MFFW,West Brom,5.8,105,133,78.9,1699,544,0,0.3,-0.3,3,9,5,0,15,1
Cédric Soares\Cedric-Soares,DF,Arsenal,8.3,351,463,75.8,5737,2100,1,0.9,+0.1,6,29,7,2,27,86
Tomáš Souček\Tomas-Soucek,MF,West Ham,38,1184,1539,76.9,21845,5546,1,1.5,-0.5,16,102,11,2,103,27
Çağlar Söyüncü\Caglar-Soyuncu,DF,Leicester City,20.2,1202,1351,89,22877,6879,0,0.2,-0.2,4,74,5,3,72,58
Zack Steffen\Zack-Steffen,GK,Manchester City,1,23,28,82.1,512,236,0,0,0,0,0,0,0,0,8
Dale Stephens\Dale-Stephens,MF,Burnley,2.9,103,124,83.1,1894,528,0,0,0,0,7,3,0,12,1
Jack Stephens\Jack-Stephens,DF,Southampton,17.1,845,1016,83.2,17222,6271,0,0.5,-0.5,8,67,11,0,60,57
Raheem Sterling\Raheem-Sterling,FW,Manchester City,28.2,962,1127,85.4,12874,2421,7,4.8,+2.2,38,38,29,5,62,21
Enda Stevens\Enda-Stevens,DF,Sheffield Utd,30,1106,1427,77.5,19176,8176,1,1.6,-0.6,18,88,30,8,116,205
John Stones\John-Stones,DF,Manchester City,21.5,1615,1713,94.3,31552,7992,0,0.1,-0.1,2,113,4,0,75,24
Pascal Struijk\Pascal-Struijk,DFMF,Leeds United,23.1,1097,1259,87.1,24438,6594,0,0.2,-0.2,5,48,2,0,47,39
Japhet Tanganga\Japhet-Tanganga,DF,Tottenham,5.4,193,229,84.3,2898,1163,0,0,0,0,6,3,1,12,38
Matt Targett\Matt-Targett,DF,Aston Villa,37.8,1653,2147,77,30781,15309,2,3.1,-1.1,44,159,53,15,222,436
James Tarkowski\James-Tarkowski,DF,Burnley,36,840,1167,72,20747,7676,0,0.7,-0.7,10,69,13,2,76,37
Percy Tau\Percy-Tau,FWMF,Brighton,1.1,22,29,75.9,322,67,1,0.3,+0.7,3,1,1,0,2,2
Sidnei Tavares\Sidnei-Tavares,MF,Leicester City,0.9,19,26,73.1,309,52,0,0,0,0,0,0,0,1,1
Charlie Taylor\Charlie-Taylor,DF,Burnley,27,907,1298,69.9,16840,7035,1,1.8,-0.8,15,73,25,19,66,261
Neil Taylor\Neil-Taylor,DF,Aston Villa,0.2,10,11,90.9,120,29,0,0,0,0,0,0,0,0,1
Allan Tchaptchet\Allan-Tchaptchet,DF,Southampton,0.1,0,2,0,0,0,0,0,0,0,0,0,0,0,0
Nathan Tella\Nathan-Tella,FWMF,Southampton,8.3,107,146,73.3,1677,313,1,0.8,+0.2,6,4,8,4,6,3
Alex Telles\Alex-Telles,DF,Manchester Utd,7.7,459,570,80.5,7690,3146,2,1.1,+0.9,12,35,14,2,50,106
Kenny Tete\Kenny-Tete,DF,Fulham,16.5,642,863,74.4,11784,4782,1,1.6,-0.6,17,35,25,19,54,124
William Thomas Fish\William-Thomas-Fish,DF,Manchester Utd,0,0,1,0,0,0,0,0,0,0,0,0,0,0,0
Luke Thomas\Luke-Thomas,DF,Leicester City,10.8,359,484,74.2,5636,1957,0,0.2,-0.2,5,22,7,2,28,81
Youri Tielemans\Youri-Tielemans,MF,Leicester City,37.3,2011,2559,78.6,38768,9963,4,3.3,+0.7,48,212,43,4,206,182
Kieran Tierney\Kieran-Tierney,DF,Arsenal,25.5,1136,1490,76.2,20866,6069,3,4.1,-1.1,33,56,34,14,98,226
James Tomkins\James-Tomkins,DF,Crystal Palace,6.1,129,164,78.7,2909,907,0,0.1,-0.1,1,12,0,0,4,6
Fikayo Tomori\Fikayo-Tomori,DF,Chelsea,0.5,27,29,93.1,574,161,0,0,0,0,0,0,0,0,1
Ferrán Torres\Ferran-Torres,FWMF,Manchester City,14.5,360,442,81.4,5793,1046,2,1.9,+0.1,18,16,15,2,34,19
Cenk Tosun\Cenk-Tosun,FW,Everton,0.5,8,10,80,151,14,0,0.1,-0.1,1,0,0,0,0,1
Andros Townsend\Andros-Townsend,MFFW,Crystal Palace,25.1,587,864,67.9,10358,3963,5,3.7,+1.3,39,42,40,20,75,99
Conor Townsend\Conor-Townsend,DF,West Brom,24.8,881,1176,74.9,16373,7926,2,2.1,-0.1,22,78,25,15,118,229
Adama Traoré\Adama-Traore,FW,Wolves,29.4,579,878,65.9,9468,2410,2,5.4,-3.4,56,43,26,16,63,25
Bertrand Traoré\Bertrand-Traore,FW,Aston Villa,25.7,566,796,71.1,10852,2636,6,3.2,+2.8,33,28,26,7,62,86
Trézéguet\Trezeguet,FW,Aston Villa,13,228,328,69.5,3782,1102,1,2,-1,12,22,6,3,28,2
Leandro Trossard\Leandro-Trossard,FWMF,Brighton,29,813,1085,74.9,15607,4328,5,4.3,+0.7,46,79,64,15,124,68
Kostas Tsimikas\Kostas-Tsimikas,DF,Liverpool,0.1,6,8,75,118,0,0,0,0,0,0,0,0,0,2
Axel Tuanzebe\Axel-Tuanzebe,DF,Manchester Utd,4.5,236,263,89.7,4763,1047,0,0,0,0,9,0,0,10,10
Cengiz Ünder\Cengiz-Under,MFFW,Leicester City,3.1,91,129,70.5,1556,499,2,1.8,+0.2,6,5,10,4,10,10
Yan Valery\Yan-Valery,DFMF,Southampton,1.1,53,64,82.8,883,269,0,0,0,0,0,2,1,2,17
Jamie Vardy\Jamie-Vardy,FW,Leicester City,31.6,300,452,66.4,4478,717,9,4.9,+4.1,27,13,11,0,25,34
Joël Veltman\Joel-Veltman,DF,Brighton,25.3,1152,1491,77.3,22778,9083,1,1.1,-0.1,21,96,35,13,121,241
Jannik Vestergaard\Jannik-Vestergaard,DF,Southampton,28.6,1444,1712,84.3,29904,10850,0,0.6,-0.6,7,98,9,0,73,42
Rúben Vinagre\Ruben-Vinagre,DF,Wolves,1.9,82,98,83.7,1310,324,0,0,0,0,2,1,1,2,17
Carlos Vinícius\Carlos-Vinicius,FW,Tottenham,3.4,25,44,56.8,344,57,0,0.1,-0.1,2,2,1,0,3,1
João Virgínia\Joao-Virginia,GK,Everton,0.5,9,17,52.9,310,223,0,0,0,0,0,0,0,0,4
Vitinha\Vitinha,MF,Wolves,5.8,290,329,88.1,4834,678,1,0.7,+0.3,12,21,3,0,12,15
Jake Vokins\Jake-Vokins,DF,Southampton,0.7,20,22,90.9,371,115,0,0.2,-0.2,2,0,2,1,3,7
Matěj Vydra\Matej-Vydra,FW,Burnley,15.2,193,266,72.6,2434,375,2,1.8,+0.2,14,7,9,2,13,11
Theo Walcott\Theo-Walcott,MFFW,Southampton,18,307,424,72.4,4385,925,3,1.2,+1.8,17,19,14,4,27,4
Theo Walcott\Theo-Walcott,FW,Everton,0.1,1,1,100,18,10,0,0,0,0,0,0,0,0,0
Kyle Walker\Kyle-Walker,DF,Manchester City,21.6,1695,1897,89.4,33841,8941,1,0.5,+0.5,7,193,12,2,107,179
Kyle Walker-Peters\Kyle-Walker-Peters,DF,Southampton,29.4,1295,1613,80.3,21589,7161,2,1.4,+0.6,17,59,16,2,92,324
Aaron Wan-Bissaka\Aaron-Wan-Bissaka,DF,Manchester Utd,34,1775,2065,86,26841,9551,4,2.4,+1.6,30,88,33,14,125,291
Joel Ward\Joel-Ward,DF,Crystal Palace,25.1,783,1078,72.6,13152,6479,1,0.4,+0.6,7,61,10,2,69,267
James Ward-Prowse\James-Ward-Prowse,MF,Southampton,38,2117,2619,80.8,37952,10063,7,4.1,+2.9,57,155,24,1,155,336
Ollie Watkins\Ollie-Watkins,FW,Aston Villa,37,606,832,72.8,8190,1449,5,4.2,+0.8,42,40,25,3,45,43
Caleb Watts\Caleb-Watts,MFFW,Southampton,0.4,8,13,61.5,161,41,0,0,0,0,0,1,1,0,0
Adam Webster\Adam-Webster,DF,Brighton,28.8,1484,1794,82.7,32506,11319,0,0.2,-0.2,6,132,7,1,110,53
Danny Welbeck\Danny-Welbeck,FW,Brighton,17.2,219,268,81.7,2962,603,1,2.2,-1.2,22,13,6,1,21,4
Timo Werner\Timo-Werner,FW,Chelsea,28.9,638,826,77.2,9609,1894,8,6.1,+1.9,34,31,23,6,56,32
Ashley Westwood\Ashley-Westwood,MF,Burnley,37.9,1567,2125,73.7,33232,10582,3,5,-2,49,181,73,12,202,236
Ben White\Ben-White,DFMF,Brighton,35.5,1470,1766,83.2,30785,9425,0,0.7,-0.7,8,111,20,2,116,78
Georginio Wijnaldum\Georginio-Wijnaldum,MF,Liverpool,32.7,1630,1747,93.3,28047,5426,0,1.7,-1.7,22,140,21,1,93,37
Brandon Williams\Brandon-Williams,DF,Manchester Utd,2.1,120,140,85.7,2062,741,0,0,0,1,8,2,1,6,19
Neco Williams\Neco-Williams,DF,Liverpool,2.8,156,213,73.2,2548,872,0,0.3,-0.3,3,10,1,1,17,28
Rhys Williams\Rhys-Williams,DF,Liverpool,7.3,415,451,92,9374,2316,0,0.4,-0.4,2,21,1,0,13,7
Willian\Willian,FWMF,Arsenal,15.6,624,787,79.3,11784,2300,5,2.5,+2.5,29,34,30,10,49,102
Joe Willock\Joe-Willock,MF,Arsenal,2.6,69,91,75.8,1078,279,0,0,0,2,9,4,1,6,0
Joe Willock\Joe-Willock,MF,Newcastle Utd,10.9,180,234,76.9,2983,1140,0,0.7,-0.7,8,19,7,2,28,5
Callum Wilson\Callum-Wilson,FW,Newcastle Utd,23.2,255,366,69.7,3521,684,5,2.2,+2.8,14,10,13,0,20,27
Harry Winks\Harry-Winks,MF,Tottenham,9.6,554,658,84.2,10474,2951,0,0.3,-0.3,5,73,6,0,54,16
Chris Wood\Chris-Wood,FW,Burnley,30.5,440,658,66.9,5847,916,3,2.2,+0.8,23,24,5,0,34,21
Granit Xhaka\Granit-Xhaka,MFDF,Arsenal,28,1945,2164,89.9,39353,10257,2,1.6,+0.4,18,268,29,1,213,92
Andriy Yarmolenko\Andriy-Yarmolenko,FWMF,West Ham,4.2,124,157,79,2158,584,1,1,0,5,10,6,2,11,7
DeAndre Yedlin\DeAndre-Yedlin,DF,Newcastle Utd,4.8,111,172,64.5,1760,809,0,0.1,-0.1,3,5,6,1,13,32
Okay Yokuşlu\Okay-Yokuslu,MF,West Brom,14.6,441,530,83.2,7663,2263,1,0.6,+0.4,5,27,3,0,42,17
Wilfried Zaha\Wilfried-Zaha,FW,Crystal Palace,29,590,778,75.8,8928,2221,2,3.3,-1.3,27,29,36,5,72,22
Andre-Frank Zambo Anguissa\Andre-Frank-Zambo-Anguissa,MF,Fulham,28.7,1197,1410,84.9,20529,4894,3,2.2,+0.8,27,134,23,5,114,22
Andi Zeqiri\Andi-Zeqiri,FWDF,Brighton,1.9,20,43,46.5,308,84,0,0.1,-0.1,1,2,1,1,4,1
Oleksandr Zinchenko\Oleksandr-Zinchenko,DF,Manchester City,16.4,1331,1475,90.2,21806,6052,0,1.3,-1.3,13,108,14,0,93,151
Hakim Ziyech\Hakim-Ziyech,FWMF,Chelsea,13,548,734,74.7,9413,2551,3,3.7,-0.7,34,47,32,6,70,46
Kurt Zouma\Kurt-Zouma,DF,Chelsea,22.5,1580,1720,91.9,34007,8862,0,0,0,2,96,3,0,66,30
Martin Ødegaard\Martin-Odegaard,MF,Arsenal,9.6,450,521,86.4,7319,1776,2,2.1,-0.1,21,34,18,1,48,54