Player,Nation,Pos,Squad,Age,Born,90s,Tackles,Tkls Won,Tkls vs Dribbles,Dribbled Past,  Successful Pressures,Def 3rd Press,Mid 3rd Press,Att 3rd Press,Blocks,Intreceptions,Tkl+Int,Clearances,Errors
Max Aarons\774cf58b,eng ENG,DF,Norwich City,21,2000,32,2.16,1.16,1.16,0.66,3.53,7.97,4.38,1.22,2.69,1.75,3.91,2.19,0
Che Adams\f2bf1b0f,sct SCO,FW,Southampton,25,1996,22.7,0.7,0.4,0.09,0.57,3.83,1.67,5.81,7.14,1.1,0.44,1.15,0.66,0
Rayan Aït Nouri\9b398aea,fr FRA,DF,Wolves,20,2001,20.3,3.74,2.12,1.38,0.84,6.65,11.4,5.71,2.71,1.67,1.87,5.62,1.58,0.05
Kristoffer Ajer\a8c0acb7,no NOR,DF,Brentford,23,1998,22.2,1.8,0.99,0.9,0.72,3.29,4.82,3.15,1.31,1.62,2.21,4.01,3.65,0.05
Nathan Aké\eaeca114,nl NED,DF,Manchester City,26,1995,10.3,1.46,0.49,0.39,0.29,2.23,2.52,3.59,0.68,1.17,1.75,3.2,3.01,0
Marc Albrighton\b827d5b3,eng ENG,FWDF,Leicester City,31,1989,12.6,2.62,1.27,0.79,2.46,5,7.78,11.2,3.97,2.14,1.98,4.6,0.79,0
Thiago Alcántara\77e84962,es ESP,MF,Liverpool,30,1991,17,3.41,2.35,0.71,1.65,6.88,5.06,9.59,4.12,1.53,2.06,5.47,1.06,0.12
Trent Alexander-Arnold\cd1acf9d,eng ENG,DF,Liverpool,22,1998,31.7,1.39,0.76,0.73,1.14,3.06,3.6,2.78,2.71,1.23,2.4,3.79,1.36,0.03
Alisson\7a2e46a8,br BRA,GK,Liverpool,28,1992,36,0,0,0,0.06,0.08,0.17,0,0,0.03,0,0,0.03,0.06
Allan\cc700722,br BRA,MF,Everton,30,1991,24.3,3.17,2.51,1.07,2.55,8.4,10.7,13.5,2.51,1.89,1.73,4.9,1.65,0
Dele Alli\cea4ee8f,eng ENG,MFFW,Tottenham,25,1996,7.3,2.6,0.96,0.68,1.64,7.53,11.1,12.6,4.93,3.42,2.33,4.93,1.64,0
Dele Alli\cea4ee8f,eng ENG,MF,Everton,25,1996,3.8,3.95,2.63,1.32,1.84,8.95,9.21,16.3,7.89,2.37,2.63,6.58,1.84,0
Miguel Almirón\862a1c15,py PAR,MFFW,Newcastle Utd,27,1994,19.1,2.98,1.73,0.68,1.78,5.71,6.65,8.69,7.28,1.15,1.31,4.29,0.63,0
Marcos Alonso\f4290206,es ESP,DF,Chelsea,30,1990,24.1,1.87,1.16,0.58,0.75,3.53,5.02,4.19,3.24,1.62,2.74,4.61,2.28,0
Steven Alzate\ad1f61f3,co COL,MF,Brighton,22,1998,4.5,2,1.78,0.67,0.44,4.44,6.67,8.22,2.67,1.11,3.11,5.11,2.22,0
Daniel Amartey\1a4ef233,gh GHA,DF,Leicester City,26,1994,23.6,1.06,0.51,0.68,0.68,2.29,4.11,2.84,0.34,2.03,1.27,2.33,4.66,0.08
Joachim Andersen\e34fc66d,dk DEN,DF,Crystal Palace,25,1996,32.4,1.11,0.71,0.43,0.43,1.79,2.93,1.7,0.22,1.27,1.85,2.96,4.81,0.06
Michail Antonio\ac05f970,jm JAM,FW,West Ham,31,1990,33,0.85,0.7,0.18,0.42,4.03,1.03,5.03,7.88,0.79,0.42,1.27,0.52,0
Cameron Archer\05e8ca6d,eng ENG,MFFW,Aston Villa,19,2001,0.3,0,0,0,0,0,0,6.67,6.67,0,3.33,3.33,3.33,0
Alphonse Areola\2f965a72,fr FRA,GK,West Ham,28,1993,1,0,0,0,0,0,0,0,0,0,0,0,0,0
Adam Armstrong\68c720b5,eng ENG,FW,Southampton,24,1997,15.7,0.64,0.45,0,0.38,4.08,1.34,5.67,8.22,0.64,0.57,1.21,0.38,0
Stuart Armstrong\97333cf5,sct SCO,MF,Southampton,29,1992,16.4,1.59,0.91,0.43,1.34,5.18,4.63,7.32,4.27,1.04,0.85,2.44,0.91,0
Kepa Arrizabalaga\28d596a0,es ESP,GK,Chelsea,26,1994,4,0,0,0,0,0,0,0,0,0,0,0,0,0
Harrison Ashby\b391383a,sct SCO,DF,West Ham,19,2001,0.1,0,0,0,0,0,0,0,0,10,10,10,0,0
Pierre-Emerick Aubameyang\d5dd5f1f,ga GAB,FW,Arsenal,32,1989,11.5,1.04,0.61,0.17,0.35,4.61,2,6.78,8.7,1.65,0.09,1.13,0.26,0
Jordan Ayew\da052c14,gh GHA,FW,Crystal Palace,29,1991,22.4,2.32,1.52,0.49,0.49,6.52,5.4,10.1,7.46,1.65,1.25,3.57,0.4,0
Luke Ayling\420d7c7d,eng ENG,DF,Leeds United,29,1991,25.2,3.13,1.79,1.94,2.06,5.44,8.53,5.44,1.59,1.94,2.14,5.28,2.7,0.04
César Azpilicueta\53cad200,es ESP,DF,Chelsea,31,1989,23,2.35,1.35,0.91,0.96,4.52,6.22,6.87,2.39,2.7,1.61,3.96,3.09,0.04
Daniel Bachmann\1c0eea98,at AUT,GK,Watford,27,1994,12,0,0,0,0,0,0,0,0,0,0,0,0,0
Leon Bailey\3a233281,jm JAM,FWMF,Aston Villa,23,1997,8.5,2.24,1.41,0.47,1.06,5.65,2.82,6.94,7.29,1.53,0.35,2.59,0.35,0
Eric Bailly\a1232f4e,ci CIV,DF,Manchester Utd,27,1994,2.4,3.33,1.25,0.42,0.42,3.75,5.83,2.5,0.42,2.08,3.33,6.67,4.17,0
Folarin Balogun\31822f8c,eng ENG,FW,Arsenal,20,2001,0.8,0,0,0,0,6.25,2.5,2.5,21.3,1.25,0,0,1.25,0
Patrick Bamford\93feac6e,eng ENG,FW,Leeds United,27,1993,6.2,0.48,0.32,0.16,0.48,6.13,0.65,7.58,9.68,0.97,0.48,0.97,1.29,0
Shandon Baptiste\2886c9b5,gd GRN,MF,Brentford,23,1998,10.1,0.69,0.4,0.3,0.99,6.73,6.14,9.31,4.75,1.49,2.08,2.77,1.09,0
Ross Barkley\3a24769f,eng ENG,MF,Chelsea,27,1993,2,0.5,0.5,0,0.5,1.5,0.5,5,3.5,0.5,1,1.5,0,0
Ashley Barnes\2691c772,eng ENG,FW,Burnley,31,1989,9,1.44,1.11,0.22,0.44,3.89,1.78,9.33,6.33,0.67,0.67,2.11,0.44,0
Harvey Barnes\3ea50f67,eng ENG,FWMF,Leicester City,23,1997,23.3,1.33,0.56,0.21,0.86,3.82,3.13,5.06,4.46,1.12,0.43,1.76,0.26,0
Lewis Bate\cd4256d3,eng ENG,MF,Leeds United,18,2002,1.6,0.63,0,0,3.75,6.25,13.1,30,2.5,1.25,3.13,3.75,1.25,0
Mads Bech Sørensen\30db8574,dk DEN,DF,Brentford,22,1999,9.3,1.29,0.75,0.54,0.11,3.12,4.84,2.37,0.65,1.08,0.97,2.26,3.01,0
Jan Bednarek\4115ce4e,pl POL,DF,Southampton,25,1996,29.2,1.27,0.72,0.62,0.65,2.6,4.45,3.49,0.21,2.19,3.25,4.52,5.79,0
Donny van de Beek\50dc94ce,nl NED,MF,Manchester Utd,24,1997,0.8,6.25,3.75,1.25,0,7.5,6.25,7.5,6.25,2.5,2.5,8.75,2.5,0
Donny van de Beek\50dc94ce,nl NED,MF,Everton,24,1997,5.4,2.78,1.67,1.11,1.67,4.81,5,9.63,3.89,1.3,1.67,4.44,0.93,0
Asmir Begović\7b4de647,ba BIH,GK,Everton,34,1987,3,0,0,0,0,0,0,0,0,0,0,0,0.67,0
Saïd Benrahma\5a04fd92,dz ALG,FWMF,West Ham,25,1995,24.1,1.45,0.95,0.66,0.91,3.9,4.48,7.76,3.4,0.91,0.5,1.95,0.29,0
Rodrigo Bentancur\3b8674e6,uy URU,MF,Tottenham,24,1997,15.1,2.45,0.99,0.79,1.39,5.23,7.48,11.6,2.58,2.12,1.19,3.64,1.85,0
Christian Benteke\ab070c55,be BEL,FW,Crystal Palace,30,1990,12.7,0.63,0.16,0.16,0.31,2.52,0.71,3.94,4.8,0.63,0.08,0.71,2.36,0.08
Jóhann Berg Guðmundsson\f72293fc,is ISL,MF,Burnley,30,1990,12.2,1.56,0.74,0.74,0.9,3.61,4.02,5.66,4.26,1.48,1.39,2.95,1.72,0
Steven Bergwijn\a29b1131,nl NED,FWMF,Tottenham,23,1997,6.3,0.79,0.63,0.16,0.95,2.54,2.38,5.4,5.56,0.63,0.63,1.43,1.43,0
Ryan Bertrand\01226327,eng ENG,DF,Leicester City,31,1989,3.7,2.43,1.08,1.08,0.27,6.76,10.8,6.49,2.97,2.97,0.81,3.24,1.89,0
Mads Bidstrup\407db0d5,dk DEN,MF,Brentford,20,2001,0.5,8,4,0,4,16,24,14,0,2,2,10,4,0
Yves Bissouma\6c203af0,ml MLI,MF,Brighton,24,1996,23.5,3.11,2.13,0.77,0.64,6.34,7.06,8.55,2.04,1.83,2.34,5.45,2.17,0
Willy Boly\a4ac4b8f,ci CIV,DF,Wolves,30,1991,10,2.7,2.2,0.8,0.7,4.3,6.4,4.3,0.3,2.1,1.9,4.6,3.9,0
Jarrod Bowen\79c84d1c,eng ENG,FW,West Ham,24,1996,33.1,1.18,0.79,0.45,0.88,3.6,4.89,7.25,4.74,1.42,1.15,2.33,0.24,0
Jarrad Branthwaite\c1949191,eng ENG,DF,Everton,19,2002,4.3,0.7,0.47,0.23,1.4,3.72,6.74,2.79,0,1.63,1.86,2.56,3.72,0
Armando Broja\97220da2,al ALB,FW,Southampton,19,2001,21.9,0.78,0.55,0.09,0.55,5.11,1.69,6.07,9.41,1,0.59,1.37,0.37,0
Josh Brownhill\47369df8,eng ENG,MF,Burnley,25,1995,32.8,2.23,1.25,0.46,0.95,5.12,5.12,8.26,3.08,1.55,2.41,4.63,1.49,0
Lewis Brunt\a2081c6b,eng ENG,MF,Leicester City,20,2000,0.3,0,0,0,0,0,0,10,6.67,3.33,0,0,0,0
Bryan\7b5ab7f2,es ESP,FWMF,Tottenham,20,2001,1,4,3,3,3,12,10,6,22,2,0,4,0,0
Emi Buendía\66b76d44,ar ARG,FWMF,Aston Villa,24,1996,21.1,2.46,1.47,0.71,1.37,5.12,5.31,9.72,5.88,1.14,0.85,3.32,0.28,0
Dan Burn\b2d31e83,eng ENG,DF,Newcastle Utd,29,1992,16,1.56,0.75,0.5,0.25,3.5,5.56,3.13,0.31,2.06,1.81,3.38,7.13,0
Dan Burn\b2d31e83,eng ENG,DF,Brighton,29,1992,11.4,2.11,1.32,0.53,1.05,4.04,5.35,5.61,1.4,2.46,2.81,4.91,4.56,0.18
Jack Butland\cc70a1d5,eng ENG,GK,Crystal Palace,28,1993,8.5,0,0,0,0,0,0,0,0,0,0,0,0,0
Sam Byram\1bf811d4,eng ENG,DF,Norwich City,27,1993,11.4,2.46,1.32,1.23,1.05,2.98,6.84,4.04,1.32,2.72,3.33,5.79,4.47,0
Willy Caballero\a179d516,ar ARG,GK,Southampton,39,1981,2,0,0,0,0,0,0,0,0,0,0,0,0.5,0
Moisés Caicedo\16264a81,ec ECU,MF,Brighton,19,2001,7.3,2.74,1.64,0.82,1.1,6.03,4.93,10.3,4.11,1.78,1.64,4.38,1.51,0
Dominic Calvert-Lewin\59e6e5bf,eng ENG,FW,Everton,24,1997,14.3,0.98,0.77,0.14,0.28,3.43,0.77,6.5,6.57,0.77,0.42,1.4,0.84,0
Chem Campbell\6f711f67,wls WAL,MF,Wolves,18,2002,0.1,10,10,0,0,10,0,10,0,0,0,10,0,0
João Cancelo\bd6351cd,pt POR,DF,Manchester City,27,1994,35.9,2.48,1.5,0.97,1.34,3.31,2.95,3.84,2.87,1.25,2.09,4.57,1.56,0
Sergi Canós\1137759d,es ESP,DF,Brentford,24,1997,23.1,2.47,0.95,1,1.6,4.89,8.53,7.58,3.81,1.73,1.43,3.9,1.65,0
Todd Cantwell\f63d8a4b,eng ENG,FWMF,Norwich City,23,1998,4.9,3.06,2.24,0.82,2.04,5.1,7.96,9.39,4.29,0.41,0.82,3.88,0.61,0
Matty Cash\2389cdc2,pl POL,DF,Aston Villa,23,1997,37.5,2.4,1.17,1.09,0.88,3.79,7.15,5.15,1.33,2.43,2.4,4.8,2.53,0
Timothy Castagne\197640fd,be BEL,DF,Leicester City,25,1995,23.6,2.8,1.23,0.97,0.89,4.58,6.36,6.44,1.99,2.25,1.61,4.41,2.75,0.08
Jonny Castro\e28868f3,es ESP,DF,Wolves,27,1994,11.4,2.37,1.84,0.88,0.88,5.09,7.54,5.53,2.28,1.67,1.14,3.51,0.61,0
Craig Cathcart\89e4b358,nir NIR,DF,Watford,32,1989,26.6,1.24,0.56,0.6,0.68,1.92,4.4,1.69,0.11,2.07,1.43,2.67,4.85,0.08
Edinson Cavani\527f063d,uy URU,FW,Manchester Utd,34,1987,8.5,0.47,0.24,0.35,0.35,4.59,1.65,4.24,6.47,1.06,1.06,1.53,0.82,0
Kayky Chagas\17734ea0,br BRA,FW,Manchester City,18,2003,0.1,0,0,0,0,0,10,10,10,0,0,0,0,0
Trevoh Chalobah\5515376c,eng ENG,DF,Chelsea,22,1999,16.1,2.36,1.3,1.24,0.62,3.73,3.98,5.34,0.93,1.24,2.05,4.41,4.04,0.06
Calum Chambers\dc6f5bdd,eng ENG,DF,Arsenal,26,1995,1.9,1.05,0.53,0.53,1.05,2.63,9.47,2.63,0.53,5.79,1.58,2.63,3.68,0.53
Calum Chambers\dc6f5bdd,eng ENG,DF,Aston Villa,26,1995,9.2,2.17,1.2,0.54,0.22,3.37,5.43,4.35,0.43,2.28,1.2,3.37,6.41,0
Daniel Chesters\240c8ab6,eng ENG,MF,West Ham,19,2002,0,0,0,0,0,0,0,0,0,0,0,0,0,0
Ben Chilwell\d2424d1b,eng ENG,DF,Chelsea,24,1996,6,1.67,0.83,0,0.83,5.17,5.67,6,3.67,1.67,1,2.67,2.5,0.17
Chiquinho\dc6c2f02,pt POR,DFMF,Wolves,21,2000,2.3,3.91,2.61,1.3,0.43,6.09,6.09,12.6,6.52,1.3,2.61,6.52,1.3,0
Hamza Choudhury\7d2d3329,eng ENG,DFMF,Leicester City,23,1997,3.2,2.5,0.63,0.63,0.94,1.88,4.69,7.5,0.94,1.56,5,7.5,3.75,0
Andreas Christensen\1cb49278,dk DEN,DF,Chelsea,25,1996,16.6,1.08,0.72,0.6,0.3,3.07,5.06,3.13,0.72,1.81,3.13,4.22,5.24,0.06
Carney Chukwuemeka\b2f9c73e,eng ENG,MFFW,Aston Villa,17,2004,3.3,0.91,0.61,0.61,1.21,7.58,6.97,14.5,4.55,0.91,1.21,2.12,0.3,0
Ciaran Clark\2b91cf8e,ie IRL,DF,Newcastle Utd,31,1989,11.3,1.5,1.15,0.8,0.53,2.39,4.69,1.68,0.35,1.24,1.33,2.83,4.42,0
Tom Cleverley\6cdd8245,eng ENG,MF,Watford,31,1989,18,1.89,1.5,0.56,1.22,5.89,6.44,10.6,3.67,1.56,1.5,3.39,1.06,0.06
Nathaniel Clyne\0442183b,eng ENG,DF,Crystal Palace,30,1991,15,1.47,0.73,0.47,0.53,2.87,4.27,2.87,1.27,0.67,2.2,3.67,2.07,0
Conor Coady\2928dca2,eng ENG,DF,Wolves,28,1993,37.3,0.83,0.48,0.32,0.38,1.82,3.32,1.82,0.13,1.72,1.18,2.01,4.02,0
Séamus Coleman\0420d84f,ie IRL,DF,Everton,32,1988,29.5,2.44,1.42,0.98,0.61,4.2,5.39,4.41,1.59,2,1.83,4.27,2.54,0.03
Nathan Collins\a8c19eb8,ie IRL,DF,Burnley,20,2001,18.6,1.61,1.24,0.48,0.75,2.9,5.54,2.47,0.65,2.58,1.99,3.6,5.48,0.05
Aaron Connolly\27c01749,ie IRL,FW,Brighton,21,2000,1.7,0,0,0,0.59,2.94,2.35,6.47,7.06,1.18,0,0,0,0
Liam Cooper\dc64b8b3,sct SCO,DF,Leeds United,29,1991,20.2,1.73,0.89,0.74,0.59,3.66,6.09,3.71,0.15,1.58,1.98,3.71,5.79,0.15
Jack Cork\74e12f1e,eng ENG,MF,Burnley,32,1989,18.6,0.91,0.43,0.27,1.02,5.05,5.75,9.46,3.23,1.4,1.83,2.74,1.45,0
Maxwel Cornet\beb391dd,ci CIV,FWMF,Burnley,24,1996,19.6,1.02,0.56,0.2,0.36,4.29,3.47,6.48,5.51,0.71,0.56,1.58,0.82,0
Hélder Costa\f13d02a6,ao ANG,MF,Leeds United,27,1994,0.2,0,0,0,10,10,5,25,15,0,0,0,0,0
Vladimír Coufal\fdf3cb77,cz CZE,DF,West Ham,28,1992,24.5,1.8,0.9,0.65,0.86,3.22,5.76,4,2.53,2.04,1.39,3.18,3.02,0
Philippe Coutinho\0ef89a37,br BRA,MFFW,Aston Villa,29,1992,14.8,1.35,0.74,0.47,0.47,3.24,3.45,7.43,4.05,1.15,0.54,1.89,0.2,0
Aaron Cresswell\4f974391,eng ENG,DF,West Ham,31,1989,30.3,0.99,0.63,0.46,0.43,2.21,3.66,2.41,0.96,1.58,1.42,2.41,2.51,0.03
Charlie Cresswell\4654e5f5,eng ENG,DF,Leeds United,18,2002,1.6,4.38,1.88,1.88,0,3.13,8.75,9.38,0,1.25,2.5,6.88,6.25,0
Cucho\71b47ab9,co COL,FWMF,Watford,22,1999,12.7,1.26,0.39,0.31,2.2,4.49,5.51,8.58,6.38,0.94,0.87,2.13,0.79,0
Marc Cucurella\1daec722,es ESP,DF,Brighton,23,1998,34.3,2.57,1.81,1.4,0.85,5.86,6.27,6.36,2.94,2.1,2.1,4.66,1.92,0
Luke Cundle\cc3b8e78,eng ENG,MF,Wolves,19,2002,2,2,1.5,0.5,0,4.5,7.5,11,3,0.5,1,3,1,0
Patson Daka\ca45605e,zm ZAM,FW,Leicester City,22,1998,12.9,1.32,0.85,0.08,0.93,5.97,1.47,7.75,8.84,0.85,0.23,1.55,0.62,0
Stuart Dallas\67ca8566,nir NIR,DFMF,Leeds United,30,1991,32.4,2.78,1.42,1.48,2.07,5.46,8.09,6.54,1.76,1.98,2.41,5.19,2.04,0
Diogo Dalot\d9565625,pt POR,DF,Manchester Utd,22,1999,20,2.9,1.65,1.35,0.85,3.6,5.5,4.2,1.9,1.85,2.2,5.1,3.05,0
Karl Darlow\cde3309f,eng ENG,GK,Newcastle Utd,30,1990,8,0,0,0,0,0,0,0,0,0,0,0,0.13,0
Josh Dasilva\60344e4f,eng ENG,MFFW,Brentford,22,1998,2.9,1.38,0.69,0.69,1.38,4.14,4.83,9.66,4.48,2.76,1.38,2.76,2.41,0
Ben Davies\44781702,wls WAL,DF,Tottenham,28,1993,28.2,1.42,0.64,0.43,0.78,3.05,4.72,3.26,1.56,1.38,1.6,3.01,3.3,0
Tom Davies\9228b07c,eng ENG,MF,Everton,23,1998,2.6,1.54,0.77,0.38,1.54,5,7.31,8.08,3.46,1.54,3.08,4.62,2.69,0
Keinan Davis\9deaf2c8,eng ENG,FW,Aston Villa,23,1998,0.1,0,0,0,0,0,0,0,10,0,0,0,0,0
Craig Dawson\3e9e06cb,eng ENG,DF,West Ham,31,1990,30.6,1.08,0.69,0.39,0.49,2.19,4.12,2.09,0.29,2.16,0.98,2.06,4.74,0.03
Kevin De Bruyne\e46012d4,be BEL,MF,Manchester City,30,1991,24.5,0.9,0.57,0.41,1.27,4,1.88,6.08,6.78,1.39,0.57,1.47,0.73,0
Troy Deeney\82e34b69,eng ENG,FW,Watford,33,1988,0.3,0,0,0,3.33,6.67,3.33,6.67,13.3,0,0,0,10,0
Liam Delap\dd897ee7,eng ENG,FW,Manchester City,18,2003,0.1,0,0,0,10,0,0,10,10,0,0,0,0,0
Fabian Delph\111c3236,eng ENG,MF,Everton,31,1989,7.4,2.57,1.76,0.81,2.16,5.27,4.73,10.4,2.03,1.76,2.57,5.14,1.22,0
Leander Dendoncker\5a7301ae,be BEL,MF,Wolves,26,1995,21.7,2.07,1.11,0.83,0.88,5.53,8.53,9.26,2.58,2.17,1.11,3.18,1.52,0
Emmanuel Dennis\2c44a35d,ng NGA,FWMF,Watford,23,1997,28.7,1.6,0.98,0.45,1.01,5.09,4.32,8.68,6.62,1.22,0.87,2.47,0.49,0
Kiernan Dewsbury Hall\5c74c0f5,eng ENG,MF,Leicester City,22,1998,23.4,1.71,1.07,0.56,0.94,4.83,6.62,7.82,5.56,1.97,1.15,2.86,1.2,0.04
Ibrahima Diallo\11ff3d56,fr FRA,MF,Southampton,22,1999,11.4,2.37,1.75,0.7,1.4,5.96,6.67,10,3.42,0.88,1.49,3.86,0.79,0
Raphael Dias Belloli\3423f250,br BRA,FWMF,Leeds United,24,1996,32.4,1.67,0.77,0.56,1.57,4.2,4.38,7.38,5.96,1.82,1.33,2.99,0.71,0
Rúben Dias\31c69ef1,pt POR,DF,Manchester City,24,1997,26.7,1.27,1.01,0.26,0.34,2.55,2.13,2.92,0.67,1.05,1.42,2.7,2.92,0.04
Luis Díaz\4a1a9578,co COL,FW,Liverpool,24,1997,10.6,1.13,0.94,0.28,0.66,5.57,2.45,6.04,6.89,0.85,0.38,1.51,0.19,0
Eric Dier\ac861941,eng ENG,DF,Tottenham,27,1994,34.1,0.73,0.38,0.12,0.26,2.05,2.73,2.32,0.26,1.64,1.38,2.11,4.93,0
Lucas Digne\1b84dbe1,fr FRA,DF,Aston Villa,28,1993,14.1,1.35,0.71,0.5,0.78,2.41,5.25,3.69,2.2,2.06,2.27,3.62,2.98,0
Lucas Digne\1b84dbe1,fr FRA,DF,Everton,28,1993,13,2.69,1.31,1.69,0.62,3.31,6.15,3.85,2.38,2.15,2.38,5.08,2.31,0
Virgil van Dijk\e06683ca,nl NED,DF,Liverpool,30,1991,34,0.62,0.35,0.32,0.12,1.29,2.12,1.32,0.21,0.91,1.38,2,3.97,0.03
Issa Diop\a712ca2b,fr FRA,DF,West Ham,24,1997,10.7,0.84,0.28,0.19,0.75,2.62,3.83,2.8,0.09,2.15,1.59,2.43,4.11,0
Moussa Djenepo\254147d4,ml MLI,MF,Southampton,23,1998,5.1,2.55,1.57,0.98,1.37,4.9,9.02,7.65,3.73,1.76,1.76,4.31,0.59,0
Lewis Dobbin\e814e1cf,eng ENG,FWMF,Everton,18,2003,0.4,5,5,0,5,12.5,10,17.5,20,0,2.5,7.5,0,0
Matt Doherty\d557d734,ie IRL,DF,Tottenham,29,1992,9.7,1.86,1.24,0.72,0.52,4.33,5.15,5.57,1.65,2.47,1.75,3.61,1.55,0
Gabriel Dos Santos\67ac5bb8,br BRA,DF,Arsenal,23,1997,34,1.68,1.09,0.68,0.35,2.53,3.85,2.26,0.41,1.44,1.15,2.82,3.44,0.09
Abdoulaye Doucouré\02b29014,ml MLI,MF,Everton,28,1993,28.2,2.7,1.6,0.92,1.56,6.35,8.79,10.9,3.55,1.49,1.45,4.15,1.17,0
Kieran Dowell\2f6ec02a,eng ENG,FWMF,Norwich City,23,1997,10.1,1.68,0.69,0.79,2.38,4.85,6.63,12,8.12,0.99,0.89,2.57,0.2,0
Cody Drameh\e0d1510a,eng ENG,DF,Leeds United,19,2001,1.4,4.29,2.14,1.43,1.43,5.71,11.4,7.14,2.14,1.43,2.14,6.43,1.43,0
Martin Dúbravka\3a949a25,sk SVK,GK,Newcastle Utd,32,1989,26,0,0,0,0.08,0.04,0.19,0,0,0,0,0,0,0
Shane Duffy\7314bba4,ie IRL,DF,Brighton,29,1992,16,1,0.56,0.31,0.5,1.19,3.13,1.94,0.25,2.19,1.13,2.13,5.69,0.06
Paul Dummett\3fe6bd8c,wls WAL,DF,Newcastle Utd,29,1991,2.2,4.09,1.82,2.27,1.36,5.45,6.82,5.91,1.36,1.36,1.82,5.91,4.09,0.45
Lewis Dunk\282f75f3,eng ENG,DF,Brighton,29,1991,28.6,0.7,0.38,0.21,0.24,1.68,2.59,1.43,0.35,1.47,1.61,2.31,4.16,0.1
Ederson\3bb7b8b4,br BRA,GK,Manchester City,27,1993,37,0,0,0,0.05,0,0.14,0,0,0,0,0,0,0.03
Odsonne Édouard\0562b7f1,fr FRA,FW,Crystal Palace,23,1998,17.4,0.98,0.75,0.11,0.98,5.63,2.59,8.16,8.79,1.38,0.63,1.61,0.92,0
CJ Egan-Riley\d313e8ff,eng ENG,DF,Manchester City,18,2003,0,1,1,1,0,0,0,0,0,0,0,1,0,0
Anthony Elanga\2fba6108,se SWE,FW,Manchester Utd,19,2002,13.5,1.85,1.26,0.59,1.33,5.93,6.89,9.19,5.33,1.78,1.41,3.26,0.44,0
Harvey Elliott\c8387671,eng ENG,MF,Liverpool,18,2003,3.8,0.79,0.26,0.26,1.58,5.53,5.53,13.2,6.05,2.37,0.79,1.58,1.05,0
Mohamed Elneny\47a34c4f,eg EGY,MF,Arsenal,29,1992,9,1.89,1,0.33,0.44,4.22,5.44,5.56,1,1,2,3.89,1.33,0
Mohamed Elyounoussi\68dc0dac,no NOR,MFFW,Southampton,26,1994,22.7,2.03,1.45,0.44,0.93,6.87,6.34,10.4,5.29,1.63,0.84,2.86,1.06,0
Emerson\df8b52a5,br BRA,DF,Tottenham,22,1999,25.4,3.39,1.54,1.1,1.26,4.96,9.65,6.97,3.07,2.2,1.38,4.76,3.11,0
Christian Eriksen\980522ec,dk DEN,MF,Brentford,29,1992,10.4,1.73,0.96,0.87,0.38,3.08,3.65,8.27,2.5,1.25,0.96,2.69,1.06,0
Oghenekaro Etebo\b579e83d,ng NGA,MF,Watford,25,1995,4.5,2.67,2.22,0.89,0.67,4.89,6.44,7.11,0.89,1.11,1.78,4.44,1.33,0
Jonny Evans\f8fcd2a5,nir NIR,DF,Leicester City,33,1988,15,1.8,1.2,1.07,0.8,3.27,5.13,2.73,0.33,1.47,2.07,3.87,4.07,0
Eberechi Eze\ae4fc6a4,eng ENG,MFFW,Crystal Palace,23,1998,6.7,1.49,0.75,0.9,0.9,3.58,2.69,7.16,2.99,1.04,1.19,2.69,0.15,0
Łukasz Fabiański\9328b835,pl POL,GK,West Ham,36,1985,37,0,0,0,0,0.03,0.03,0,0,0,0,0,0,0
Fabinho\7f3b388c,br BRA,MF,Liverpool,27,1993,25.7,2.22,1.44,0.74,1.67,5.1,4.9,8.75,2.41,1.98,2.18,4.4,1.17,0
Kiko Femenía\e5d01ecf,es ESP,DF,Watford,30,1991,23.8,1.81,1.09,1.01,0.71,3.15,4.71,3.57,1.26,1.64,2.65,4.45,2.56,0
Evan Ferguson\4596da74,ie IRL,MF,Brighton,16,2004,0.3,0,0,0,0,0,0,0,3.33,0,0,0,0,0
Nathan Ferguson\2f8d27bc,eng ENG,DF,Crystal Palace,20,2000,0.1,0,0,0,0,0,10,0,0,0,0,0,0,0
Bruno Fernandes\507c7bdf,pt POR,MF,Manchester Utd,26,1994,34.6,1.71,1.3,0.69,1.45,4.97,3.47,8.38,5.78,0.84,1.1,2.8,1.16,0.09
Álvaro Fernández\f127d782,es ESP,GK,Brentford,23,1998,12,0,0,0,0,0,0,0,0,0,0,0,0,0.17
Federico Fernández\f25b010f,ar ARG,DF,Newcastle Utd,32,1989,5.8,0.17,0.17,0,1.03,0.69,3.62,1.55,0.52,1.9,2.24,2.41,3.97,0
Fernandinho\101da2b5,br BRA,MFDF,Manchester City,36,1985,10.7,2.15,1.5,0.56,1.21,4.21,3.93,6.92,1.31,0.56,1.31,3.46,2.15,0.09
Roberto Firmino\4c370d81,br BRA,FW,Liverpool,29,1991,11,3.09,1.91,0.36,1,7.73,2.91,10.4,9.36,1.82,0.36,3.45,0.27,0
Junior Firpo\24f59bb2,es ESP,DF,Leeds United,24,1996,19,3.84,2,1.74,1.84,5.42,9.68,6.84,2.21,1.95,1.74,5.58,2.47,0
Ashley Fletcher\eeb6551f,eng ENG,FW,Watford,25,1995,0.3,6.67,6.67,3.33,0,3.33,16.7,10,3.33,3.33,0,6.67,0,0
Phil Foden\ed1e53f3,eng ENG,FW,Manchester City,21,2000,23.6,0.81,0.64,0.3,0.13,5.72,1.86,5.59,9.92,0.51,0.72,1.53,0.04,0
Wesley Fofana\132a82f1,fr FRA,DF,Leicester City,20,2000,7,1.43,0.71,1,0.29,3.14,5.43,2.57,0,0.86,2.29,3.71,4,0.14
Pablo Fornals\82927de4,es ESP,FWMF,West Ham,25,1996,31.1,1.64,1.09,0.84,1.96,5.76,6.11,9.61,5.63,1.67,1.51,3.15,0.51,0
Adam Forshaw\9f1938ab,eng ENG,MF,Leeds United,29,1991,17,3,1.65,1.24,1.59,7.29,7.47,12.6,3.88,1.12,1.76,4.76,1.12,0.06
Marcus Forss\82c215a0,fi FIN,FWMF,Brentford,22,1999,2.3,1.74,0.87,0.87,0.87,9.13,4.78,12.6,13,1.3,0.87,2.61,0,0
Fraser Forster\c3e39f12,eng ENG,GK,Southampton,33,1988,19,0.05,0,0,0.05,0.05,0.16,0,0,0,0,0.05,0.21,0.05
Ben Foster\d0b3ceb9,eng ENG,GK,Watford,38,1983,26,0,0,0,0.12,0.04,0.27,0,0,0,0,0,0.23,0.08
Tariqe Fosu\3dcef539,gh GHA,DF,Brentford,25,1995,0.2,0,0,0,0,0,0,10,15,5,0,0,0,0
Ryan Fraser\d56543a0,sct SCO,FWMF,Newcastle Utd,27,1994,16.3,0.8,0.25,0.25,0.74,2.58,2.02,4.36,3.8,0.86,0.98,1.78,0.55,0
Fred\b853e0ad,br BRA,MF,Manchester Utd,28,1993,22.5,2.93,1.69,0.84,2.31,6.27,8.58,13.2,2.8,2.09,2.18,5.11,1.33,0
Ryan Fredericks\c067631c,eng ENG,DF,West Ham,28,1992,3.4,1.18,0.59,0.59,0.59,1.47,3.82,2.06,1.18,1.18,1.76,2.94,2.65,0.29
Leo Fuhr Hjelde\d102b8a2,no NOR,DF,Leeds United,17,2003,1.7,2.35,1.18,1.76,0,6.47,7.65,7.06,2.94,1.76,2.35,4.71,4.71,0
Conor Gallagher\c2731c10,eng ENG,MF,Crystal Palace,21,2000,31.6,2.18,1.39,0.44,1.49,6.99,6.58,11.4,6.71,1.77,1.36,3.54,0.85,0
Alejandro Garnacho\7aa8adfe,es ESP,FW,Manchester Utd,17,2004,0.1,0,0,0,10,0,40,40,10,0,0,0,0,0
Dwight Gayle\e58a03c6,eng ENG,FW,Newcastle Utd,30,1990,0.4,2.5,0,0,0,12.5,2.5,30,12.5,0,2.5,5,0,0
Jean-Philippe Gbamin\6bd603db,ci CIV,MF,Everton,25,1995,0.7,2.86,1.43,0,1.43,10,11.4,4.29,4.29,0,0,2.86,1.43,0
David de Gea\7ba6d84e,es ESP,GK,Manchester Utd,30,1990,38,0,0,0,0,0,0.03,0,0,0,0,0,0,0
Joe Gelhardt\01962d0d,eng ENG,FWMF,Leeds United,19,2002,8.3,1.45,0.72,0.36,0.84,8.19,2.29,11.2,11.1,0.96,0.48,1.93,0.36,0
Anwar El Ghazi\ffa90327,nl NED,FWMF,Aston Villa,26,1995,4.3,0.7,0.7,0.47,0.93,4.19,1.63,5.58,3.95,1.16,0.47,1.16,0.47,0
Anwar El Ghazi\ffa90327,nl NED,FW,Everton,26,1995,0.1,10,10,10,0,30,20,30,50,20,10,20,0,0
Saman Ghoddos\f7b1d4e0,ir IRN,DFMF,Brentford,27,1993,6,2.83,1.33,1.33,0.67,4.33,6.17,8,5.33,2.17,1.17,4,2.17,0
Dimitris Giannoulis\112c495e,gr GRE,DF,Norwich City,25,1995,13,3.08,1.77,1.69,1,4.15,8.08,5.31,2.31,2.92,2.77,5.85,2.38,0
Morgan Gibbs-White\32f60ed8,eng ENG,FWMF,Wolves,21,2000,0.1,0,0,0,0,0,10,10,10,10,0,0,0,0
Ben Gibson\bcfb0142,eng ENG,DF,Norwich City,28,1993,27.7,0.76,0.61,0.18,0.22,1.84,3.5,1.77,0.22,2.06,1.73,2.49,5.74,0.04
Billy Gilmour\df10e27c,sct SCO,MF,Norwich City,20,2001,20.6,2.33,1.07,0.73,1.26,4.9,9.85,11.4,2.77,1.12,1.6,3.93,1.55,0
Ben Godfrey\9f7c837d,eng ENG,DF,Everton,23,1998,22.5,2.36,1.16,0.71,0.62,3.96,5.96,4.84,1.02,2.13,2.13,4.49,4.36,0.13
André Gomes\1961b2aa,pt POR,MF,Everton,28,1993,6.9,2.17,1.3,1.01,2.17,7.39,10.1,13.3,5.22,1.88,1.59,3.77,0.43,0.14
Toti Gomes\f0caab96,pt POR,DF,Wolves,22,1999,4,1.75,0.75,0.75,1.25,3.75,4.75,2.5,1.25,2.5,2.5,4.25,5,0
Joe Gomez\7a11550b,eng ENG,DF,Liverpool,24,1997,3.7,1.89,1.08,0.54,1.08,4.32,4.86,4.32,2.16,0.81,3.24,5.14,2.16,0
Charlie Goode\7aee4dd3,eng ENG,DF,Brentford,25,1995,5,1.6,1,0.8,0,3,4,2.6,0.6,1,1,2.6,2.4,0
Anthony Gordon\2bd83368,eng ENG,MFFW,Everton,20,2001,25.4,2.44,1.42,0.87,1.61,6.06,6.02,10.8,6.61,2.28,1.42,3.86,0.31,0
Kaide Gordon\19a9cb70,eng ENG,FW,Liverpool,16,2004,0.1,10,0,10,0,30,0,10,50,0,0,10,0,0
Dan Gosling\7fec31a0,eng ENG,MF,Watford,31,1990,1.8,1.11,0.56,0.56,2.78,3.89,5,7.22,3.33,0.56,0.56,1.67,1.67,0
Demarai Gray\4468ec10,eng ENG,MFFW,Everton,25,1996,26,1.27,0.73,0.58,0.65,4.19,3.19,5.12,4.73,1.46,0.62,1.88,0.58,0.04
Jack Grealish\b0b4fd3e,eng ENG,FW,Manchester City,25,1995,21.3,0.94,0.7,0.14,0.42,4.93,1.83,4.23,6.57,0.94,0.75,1.69,0.33,0
Mason Greenwood\58eee997,eng ENG,FWMF,Manchester Utd,19,2001,14.1,1.13,0.57,0.35,0.5,2.84,2.48,4.18,4.26,0.35,0.28,1.42,0.35,0
Sam Greenwood\f3354c07,eng ENG,MFFW,Leeds United,19,2002,2.6,3.08,0.77,1.15,1.54,6.15,2.69,16.2,9.23,0.77,0.77,3.85,1.15,0
Pascal Groß\8aec0537,de GER,MFDF,Brighton,30,1991,22.6,1.37,0.93,0.53,0.97,5.22,5.75,6.59,5.4,1.73,0.71,2.08,1.06,0
Vicente Guaita\ab13a5aa,es ESP,GK,Crystal Palace,34,1987,29.5,0,0,0,0,0,0.03,0,0,0,0,0,0,0.03
Marc Guéhi\d0706b27,eng ENG,DF,Crystal Palace,21,2000,35.8,0.92,0.61,0.31,0.17,2.54,3.97,1.96,0.31,1.28,1.62,2.54,3.99,0
Bruno Guimarães\82518f62,br BRA,MF,Newcastle Utd,23,1997,11.5,4.43,3.39,1.22,1.57,7.74,9.39,12.5,4.09,2.35,1.65,6.09,0.78,0
İlkay Gündoğan\819b3158,de GER,MF,Manchester City,30,1990,20.6,1.02,0.53,0.44,0.78,2.72,2.43,4.51,2.57,0.92,1.31,2.33,0.49,0
Angus Gunn\e082af5b,eng ENG,GK,Norwich City,25,1996,9,0,0,0,0,0,0.22,0,0,0,0,0,0.11,0
Grant Hanley\e9254eec,sct SCO,DF,Norwich City,29,1991,32.2,1.71,1.18,0.43,0.47,3.17,5.96,2.08,0.31,2.39,2.02,3.73,6.09,0.03
Jack Harrison\aa849a12,eng ENG,FWMF,Leeds United,24,1996,29.3,1.91,1.09,0.89,1.13,5.73,5.8,8.67,6.01,1.81,1.4,3.31,1.06,0
Kortney Hause\bf8fad51,eng ENG,DF,Aston Villa,26,1995,4.4,0.91,0.91,0.45,0,4.77,6.82,3.64,0.23,2.27,2.05,2.95,4.32,0
Kai Havertz\fed7cb61,de GER,FWMF,Chelsea,22,1999,20.1,1.04,0.65,0.25,0.65,4.73,1.79,6.37,9.35,1.84,0.3,1.34,1.49,0
Isaac Hayden\c951a6df,eng ENG,MFDF,Newcastle Utd,26,1995,11.1,3.06,1.62,0.72,1.35,4.77,6.94,8.65,1.89,1.98,1.8,4.86,2.7,0
Hwang Hee-chan\169fd162,kr KOR,FWMF,Wolves,25,1996,20.2,1.39,0.69,0.64,1.14,3.17,2.62,6.58,4.26,0.69,1.24,2.62,0.4,0.05
Jordan Henderson\935e6b8f,eng ENG,MF,Liverpool,31,1990,28.9,1.28,0.83,0.55,1.07,5.05,3.43,8.89,3.84,1.07,1.49,2.77,0.59,0
Jeff Hendrick\989d5705,ie IRL,MF,Newcastle Utd,29,1992,0.8,1.25,1.25,1.25,0,2.5,2.5,13.8,3.75,0,0,1.25,1.25,0
Wayne Hennessey\76eca7e2,wls WAL,GK,Burnley,34,1987,2,0,0,0,0,0,0.5,0,0,0,0,0,0,0
Rico Henry\8a3c1dc7,eng ENG,DF,Brentford,24,1997,30.8,1.36,0.88,0.36,0.81,3.44,5.94,4.32,2.6,2.4,1.92,3.28,2.01,0.03
Son Heung-min\92e7e919,kr KOR,FWMF,Tottenham,29,1992,33.4,0.57,0.36,0.15,0.63,2.87,1.95,5.69,3.83,0.96,0.87,1.44,0.33,0
Ki-Jana Hoever\9a71e978,nl NED,DF,Wolves,19,2002,3.4,4.71,2.94,1.47,2.35,7.35,11.8,8.82,3.24,1.76,1.47,6.18,2.35,0
Rob Holding\d79a8c87,eng ENG,DF,Arsenal,25,1995,9.4,1.28,0.74,0.53,0.32,2.02,3.72,2.45,0.43,2.66,1.6,2.87,5.32,0
Mason Holgate\d0042ab9,eng ENG,DF,Everton,24,1996,23.7,1.86,1.1,0.59,0.68,3.29,5.99,3.12,0.63,1.27,1.77,3.63,5.36,0
Callum Hudson-Odoi\15f3ec41,eng ENG,FWMF,Chelsea,20,2000,10.7,1.21,0.56,0.28,1.12,3.55,2.24,7.2,5.33,1.21,0.47,1.68,0.47,0
Will Hughes\a0666d3e,eng ENG,MF,Crystal Palace,26,1995,11.7,2.48,1.28,0.6,1.03,4.79,6.07,10.3,1.71,2.14,1.88,4.36,1.2,0
Pierre Højbjerg\8b04d6c1,dk DEN,MF,Tottenham,25,1995,35.5,2.37,1.38,0.82,1.44,4.96,7.18,8.99,2.68,2.06,1.97,4.34,1.72,0
Adam Idah\291e3ec3,ie IRL,FWMF,Norwich City,20,2001,6.9,1.59,0.87,0.29,0.43,3.33,2.17,5.8,5.51,0.58,0.58,2.17,1.16,0
Kelechi Iheanacho\c92e1a31,ng NGA,FW,Leicester City,24,1996,14,1.07,0.64,0.29,0.57,4.64,1.21,7.93,8.29,1.14,0.29,1.36,0.71,0
Danny Ings\07802f7f,eng ENG,FW,Aston Villa,29,1992,21.1,1.23,0.52,0.52,0.81,4.22,2.46,7.82,7.96,1.42,0.71,1.94,0.9,0
Tim Iroegbunam\84c5ceea,eng ENG,MF,Aston Villa,18,2003,1,5,2,1,1,8,6,16,2,1,2,7,1,0
Alex Iwobi\6ca5ec4b,ng NGA,MFDF,Everton,25,1996,22.6,2.04,1.24,0.88,1.19,6.77,8.05,9.34,5.58,1.99,1.77,3.81,1.02,0
Daniel James\c931d9f9,wls WAL,FW,Manchester Utd,23,1997,1.4,2.86,2.86,0.71,0,5.71,3.57,9.29,9.29,1.43,0,2.86,0.71,0
Daniel James\c931d9f9,wls WAL,FWMF,Leeds United,23,1997,26.3,1.33,0.65,0.42,0.61,5.67,3.31,8.4,10.3,0.91,0.72,2.05,0.46,0
Reece James\1265a93a,eng ENG,DF,Chelsea,21,1999,20.7,1.88,1.11,0.39,0.82,4.49,4.73,5.17,2.9,1.4,1.01,2.9,1.01,0
Vitaly Janelt\8449d35e,de GER,MF,Brentford,23,1998,25.5,2.43,1.37,0.67,1.06,5.69,5.02,9.65,4.43,1.69,1.73,4.16,1.33,0.04
Pontus Jansson\172e52d8,se SWE,DF,Brentford,30,1991,36.9,0.98,0.68,0.46,0.51,2.03,3.25,1.92,0.35,1.52,1.87,2.85,5.64,0.05
Mathias Jensen\0f134faf,dk DEN,MF,Brentford,25,1996,17.8,1.91,1.57,1.07,2.36,7.47,9.33,12,4.27,1.85,1.85,3.76,0.79,0.06
Gabriel Jesus\b66315ae,br BRA,FW,Manchester City,24,1997,20.9,1.15,0.57,0.29,0.91,3.44,1.58,6.17,6.36,1.2,0.86,2.01,0.33,0
Raúl Jiménez\b561db50,mx MEX,FW,Wolves,30,1991,29.2,1.13,0.79,0.14,0.58,3.7,1.4,8.01,5.82,1.23,0.65,1.78,0.92,0
Joelinton\c17bfb65,br BRA,MFFW,Newcastle Utd,24,1996,28.4,2.54,1.55,0.81,1.16,5.74,6.69,9.75,5.04,2.36,1.69,4.23,1.65,0.04
Ben Johnson\9319781b,eng ENG,DF,West Ham,21,2000,15.5,1.94,1.03,1.1,0.84,3.94,5.61,3.42,2.06,3.16,1.61,3.55,3.16,0
Curtis Jones\4fb9c88f,eng ENG,MF,Liverpool,20,2001,9.5,1.26,0.95,0.21,0.74,6.42,3.89,12.2,6.21,0.53,1.05,2.32,0.21,0
Phil Jones\def899bd,eng ENG,DF,Manchester Utd,29,1992,1.8,3.33,2.22,1.67,0.56,2.22,6.11,6.11,0.56,1.67,2.78,6.11,5,0
Jorginho\45db685d,it ITA,MF,Chelsea,29,1991,25.3,2.69,1.82,0.91,2.09,6.92,6.96,9.37,2.96,1.38,2.37,5.06,0.83,0.04
Diogo Jota\178ae8f8,pt POR,FW,Liverpool,24,1996,26.3,1.37,0.8,0.38,1.41,6.24,3.73,9.01,9.66,0.72,0.65,2.02,0.23,0
James Justin\fb614c44,eng ENG,DF,Leicester City,23,1998,11.1,2.79,1.89,0.81,0.81,4.68,7.75,6.49,2.07,2.52,2.43,5.23,2.97,0
Mathias Jørgensen\0db5d2c8,dk DEN,DF,Brentford,31,1990,5.8,1.9,0.34,1.03,0.52,2.24,4.83,3.28,1.21,1.38,1.72,3.62,2.41,0
Ozan Kabak\2d61d13a,tr TUR,DF,Norwich City,21,2000,10.2,1.27,1.08,0.39,0.49,3.73,6.37,2.65,0.2,1.86,2.16,3.43,2.84,0
Christian Kabasele\914ab9a1,be BEL,DF,Watford,30,1991,13.3,0.75,0.45,0.23,0.15,2.63,4.29,1.8,0.15,2.48,1.95,2.71,4.36,0.15
Samuel Kalu\b8d22478,ng NGA,FW,Watford,23,1997,2.5,0.8,0.8,0.4,0.4,2.4,2.8,2.4,4,1.2,2,2.8,1.2,0
Hassane Kamara\19a12bed,ci CIV,DF,Watford,27,1994,18,3.39,1.61,1.33,0.89,4.17,9.83,5.61,1.22,1.83,5.22,8.61,3.17,0
Harry Kane\21a66f6a,eng ENG,FW,Tottenham,28,1993,35.9,0.53,0.28,0.22,0.47,3.06,0.75,4.18,5.6,0.61,0.19,0.72,1.06,0
N'Golo Kanté\b9fbae28,fr FRA,MF,Chelsea,30,1991,19.7,2.89,1.73,0.96,0.96,6.8,6.24,9.14,4.16,1.88,2.23,5.13,0.71,0
Edo Kayembe\f99b71de,cd COD,MF,Watford,22,1998,8.9,2.36,1.69,0.56,0.56,5.28,7.08,6.63,0.56,1.46,1.57,3.93,2.25,0
Moise Kean\3d50bcdb,it ITA,FW,Everton,21,2000,0,0,0,0,0,0,0,0,0,0,0,0,0,0
Michael Keane\c5b7c315,eng ENG,DF,Everton,28,1993,31,1.58,1.13,0.81,0.58,3,4.23,2.61,0.52,1.65,2,3.58,4.81,0.06
Naby Keïta\f25c8e3a,gn GUI,MF,Liverpool,26,1995,13,3.62,2.15,1.38,1.31,8.23,5.69,12.4,6.62,1.85,1.54,5.15,0.31,0
Caoimhín Kelleher\62d7ef38,ie IRL,GK,Liverpool,22,1998,2,0,0,0,0,0,0,0,0,0,0,0,0,0
Kenedy\5eebbfdf,br BRA,DF,Chelsea,25,1996,0.6,5,3.33,0,3.33,3.33,1.67,8.33,5,3.33,0,5,0,0
Jonjoe Kenny\099e666f,eng ENG,DF,Everton,24,1997,11.3,1.68,1.06,1.24,1.24,4.51,5.66,5.66,1.15,1.5,2.83,4.51,1.86,0
Max Kilman\d0f72bf1,eng ENG,DF,Wolves,24,1997,29.9,1.77,1.1,0.67,0.43,3.08,5.32,2.34,0.37,1.74,2.14,3.91,3.95,0.03
Joshua King\43458538,no NOR,FW,Watford,29,1992,25,1.24,0.84,0.2,0.44,5.36,2.76,8.84,7.84,0.84,0.48,1.72,1.08,0
Kristoffer Klaesson\3f70db80,no NOR,GK,Leeds United,20,2000,0.4,0,0,0,0,0,0,0,0,0,0,0,0,0
Mateusz Klich\282679b4,pl POL,MF,Leeds United,31,1990,23,2.13,1.13,0.83,2.04,6.52,7.74,13.6,4.57,1.04,1.35,3.48,1.04,0
Robin Koch\ea6bc03a,de GER,MFDF,Leeds United,25,1996,17.5,1.77,1.14,0.69,1.37,5.71,7.71,7.49,1.89,1.89,1.94,3.71,2.63,0
Sead Kolašinac\3935e52e,ba BIH,DF,Arsenal,28,1993,1,1,1,0,0,3,7,3,2,2,4,5,8,0
Ibrahima Konaté\5ed9b537,fr FRA,DF,Liverpool,22,1999,11,1.27,0.73,0.27,0.36,2.09,4,3.27,0.55,1.36,2.55,3.82,4.27,0
Ezri Konsa\0313a347,eng ENG,DF,Aston Villa,23,1997,27.5,0.95,0.51,0.25,0.22,2.33,3.85,2.18,0.47,1.56,1.64,2.58,2.95,0.07
Cheikhou Kouyaté\8d3c902d,sn SEN,MF,Crystal Palace,31,1989,21.9,2.74,1.55,0.68,0.87,5.25,8.81,8.08,1.05,2.69,2.05,4.79,2.47,0
Mateo Kovačić\79c0821a,hr CRO,MF,Chelsea,27,1994,17.3,3.01,2.31,0.98,0.92,6.65,5.61,12.4,3.93,1.04,1.16,4.16,0.75,0.06
Emil Krafth\77cf6852,se SWE,DF,Newcastle Utd,26,1994,18.2,2.14,1.1,1.15,0.99,3.52,6.15,5.22,1.37,2.09,2.64,4.78,2.91,0
Alex Král\e717705a,cz CZE,MF,West Ham,23,1998,0,0,0,0,0,2,0,1,1,0,0,0,0,0
Tim Krul\f23f9d20,nl NED,GK,Norwich City,33,1988,29,0,0,0,0.1,0.07,0.31,0,0,0.03,0,0,0,0.14
Juraj Kucka\5aaef9ef,sk SVK,MF,Watford,34,1987,21.3,3.47,2.21,1.31,1.83,6.34,7.37,9.44,3.05,1.83,2.16,5.63,2.35,0.05
Dejan Kulusevski\df3cda47,se SWE,MFFW,Tottenham,21,2000,14,1.43,1.14,0.43,0.93,5.64,8,9,5.14,0.79,1.86,3.29,0.07,0
Alexandre Lacazette\9dbb75ca,fr FRA,FWMF,Arsenal,30,1991,19.8,1.31,0.96,0.35,0.4,5.45,2.37,6.36,9.34,0.66,0.66,1.97,0.3,0
Adam Lallana\99813635,eng ENG,MF,Brighton,33,1988,17.3,2.2,1.27,0.64,1.45,6.01,6.53,7.69,3.29,1.5,1.56,3.76,0.87,0
Tariq Lamptey\f4e433d4,eng ENG,DFFW,Brighton,20,2000,17.3,2.2,1.33,0.81,0.69,4.28,4.51,5.55,4.1,1.27,2.14,4.34,1.1,0
Manuel Lanzini\26f6dca8,ar ARG,MFFW,West Ham,28,1993,19.8,1.26,0.91,0.61,1.46,4.8,5.4,9.7,3.74,1.11,1.41,2.68,0.35,0
Aymeric Laporte\119b9a8e,es ESP,DF,Manchester City,27,1994,31.4,0.99,0.54,0.48,0.32,2.01,2.58,1.59,0.25,0.76,1.05,2.04,2.48,0.06
Jamaal Lascelles\450ab6fc,eng ENG,DF,Newcastle Utd,27,1993,22.9,0.92,0.48,0.31,0.48,2.23,4.1,2.31,0.31,2.18,1.53,2.45,5.85,0
Pierre Lees-Melou\f5044e54,fr FRA,MF,Norwich City,28,1993,25.2,2.58,1.59,0.95,2.3,6.43,9.88,12.2,3.73,1.63,1.67,4.25,0.75,0
Aaron Lennon\2ff964a0,eng ENG,MF,Burnley,34,1987,17.2,2.21,1.05,0.52,1.74,4.83,5.64,8.26,6.34,1.86,0.87,3.08,0.76,0
Bernd Leno\2628fd2b,de GER,GK,Arsenal,29,1992,4,0,0,0,0,0,0,0,0,0,0,0,0,0
Jamal Lewis\efb9215a,nir NIR,DF,Newcastle Utd,23,1998,2.9,3.79,2.07,1.03,0.34,4.83,8.62,2.76,3.1,1.72,2.07,5.86,2.07,0
Victor Lindelöf\f5deef4c,se SWE,DF,Manchester Utd,27,1994,26.2,0.73,0.38,0.34,0.27,2.21,2.86,2.79,0.27,1.6,1.95,2.67,4.58,0.04
Jesse Lingard\810e3c74,eng ENG,FWMF,Manchester Utd,28,1992,4.1,2.68,1.46,0.49,0.24,6.83,4.88,11,11,0.73,0.98,3.66,0.24,0
Valentino Livramento\afed6722,eng ENG,DF,Southampton,18,2002,24.5,2.2,1.22,1.02,0.82,4.49,6.69,5.1,1.76,1.84,2.98,5.18,2,0
Diego Llorente\bba30585,es ESP,DF,Leeds United,27,1993,26,2.15,1.35,1.15,0.88,5.38,8,5.38,0.5,2.35,2.35,4.5,4,0.04
Hugo Lloris\8f62b6ee,fr FRA,GK,Tottenham,34,1986,38,0,0,0,0.03,0.03,0.08,0.03,0,0,0,0,0,0.08
Giovani Lo Celso\d7553721,ar ARG,MFFW,Tottenham,25,1996,2.6,3.08,1.15,1.15,3.46,5.38,10,11.2,5.38,2.69,1.15,4.23,0,0
Jürgen Locadia\6cc47ae1,nl NED,FW,Brighton,27,1993,0.3,3.33,3.33,0,0,10,0,6.67,6.67,0,0,3.33,0,0
Ruben Loftus-Cheek\e97fd090,eng ENG,MFDF,Chelsea,25,1996,15.5,2,1.29,0.32,0.71,5.42,5.23,8,2.97,1.35,0.97,2.97,1.42,0
Kevin Long\5a4280b1,ie IRL,DF,Burnley,30,1990,4.6,1.3,1.09,0,0.43,2.83,4.78,3.48,0.87,1.74,1.52,2.83,3.26,0
Shane Long\9f472354,ie IRL,FW,Southampton,34,1987,3.4,2.35,0.88,0.29,0,7.06,2.94,9.41,12.1,0.88,0.29,2.65,0.29,0
Sean Longstaff\a2b105e0,eng ENG,MF,Newcastle Utd,23,1997,16.3,3.13,2.02,1.17,2.64,6.63,9.69,12.8,3.68,1.66,1.23,4.36,1.35,0
Ademola Lookman\7c104bb7,ng NGA,FWMF,Leicester City,23,1997,16.1,2.55,1.55,0.56,1.06,6.09,5.03,10.1,6.27,1.61,1.24,3.79,0.12,0
Jonas Lössl\939bc634,dk DEN,GK,Brentford,32,1989,2,0,0,0,0,0,0,0,0,0,0,0,0,0
Imran Louza\e1df6989,ma MAR,MF,Watford,22,1999,15.7,3.25,2.04,1.27,1.53,6.69,9.11,10.1,2.74,1.46,3.06,6.31,1.4,0
Matthew Lowton\9a9c05db,eng ENG,DF,Burnley,32,1989,19.7,2.28,1.32,1.07,1.27,3.1,3.76,3.55,2.23,2.28,1.73,4.01,3.45,0
Douglas Luiz\6f7d826d,br BRA,MF,Aston Villa,23,1998,30.2,2.12,1.42,0.79,1.62,5.17,7.58,8.05,1.72,1.46,2.02,4.14,0.96,0
Romelu Lukaku\5eae500a,be BEL,FW,Chelsea,28,1993,17.7,0.28,0.17,0.11,0.17,3.11,0.34,3.56,6.84,0.56,0.06,0.34,1.19,0
Lyanco\b5bf1770,br BRA,DF,Southampton,24,1997,10.1,1.68,1.39,0.5,0.89,4.26,5.35,4.36,0.1,2.77,2.87,4.55,6.53,0.1
Alexis Mac Allister\83d074ff,ar ARG,MFFW,Brighton,22,1998,23.6,3.09,2.16,0.93,1.57,8.43,6.86,10.9,6.14,1.91,1.02,4.11,0.85,0
James Maddison\ee38d9c5,eng ENG,MFFW,Leicester City,24,1996,27.3,1.65,0.88,0.29,0.84,4.18,4.25,9.19,4.8,0.99,0.73,2.38,0.37,0
Harry Maguire\d8931174,eng ENG,DF,Manchester Utd,28,1993,27.9,1.47,0.93,0.5,0.47,2.33,4.23,1.76,0.22,1.65,1.9,3.37,4.66,0
Riyad Mahrez\892d5bb1,dz ALG,FW,Manchester City,30,1991,16.6,0.6,0.36,0.18,0.72,3.49,1.99,4.82,4.76,0.96,0.78,1.39,0.06,0
Ainsley Maitland-Niles\e3a5814e,eng ENG,MF,Arsenal,23,1997,3,2.33,1.33,0.33,1,5.67,6.33,8.33,3.33,1.67,1,3.33,1.33,0
Sadio Mané\c691bfe2,sn SEN,FW,Liverpool,29,1992,31.3,1.05,0.58,0.26,0.54,4.57,1.82,6.17,6.45,1.15,0.48,1.53,0.32,0
Javier Manquillo\758dd7f0,es ESP,DF,Newcastle Utd,27,1994,14,2.93,1.71,1.36,1.21,4,7.14,3.29,2.07,2,1.64,4.57,2.07,0
Fernando Marçal\9ae9eaea,br BRA,DF,Wolves,32,1989,16.1,2.61,1.61,1.06,0.99,4.16,7.89,5.16,1.93,2.61,1.93,4.53,3.35,0
Solly March\bb5fbd2b,eng ENG,DFFW,Brighton,27,1994,19.4,1.96,1.13,0.46,0.77,3.71,3.66,4.23,5.52,1.7,1.6,3.56,1.19,0
Pablo Marí\aa54ec6f,es ESP,DF,Arsenal,27,1993,2,3,1,2,2,2,4.5,4,1,3,3,6,5.5,0
Anthony Martial\8b788c01,fr FRA,FW,Manchester Utd,25,1995,2.4,0.42,0.42,0,0.42,4.58,2.5,3.75,5.42,1.25,0.42,0.83,0.83,0
Martinelli\48a5a5d6,br BRA,FWMF,Arsenal,20,2001,20.7,1.45,0.92,0.29,0.72,4.78,2.8,5.46,8.21,1.98,1.01,2.46,0.72,0
Emiliano Martínez\7956236f,ar ARG,GK,Aston Villa,28,1992,36,0,0,0,0.06,0,0.06,0,0,0,0.03,0.03,0.03,0.03
Adam Masina\de0f152c,ma MAR,DF,Watford,27,1994,12,2,1.17,0.83,1.67,3.75,6.08,5.83,1.58,2.42,2.58,4.58,3.42,0
Arthur Masuaku\57df7a11,cd COD,DFFW,West Ham,27,1993,7.2,4.58,2.64,1.67,1.53,5.42,8.47,6.94,1.25,1.39,2.5,7.08,2.22,0
Juan Mata\29733c72,es ESP,MF,Manchester Utd,33,1988,2.6,2.69,2.31,1.15,0.77,5.77,6.54,9.23,3.85,0.38,0.77,3.46,0.77,0
Jean-Philippe Mateta\50e6dc35,fr FRA,FW,Crystal Palace,24,1997,12.7,0.55,0.39,0.24,0.79,3.94,1.73,10.9,7.01,0.94,0.31,0.87,1.18,0
Nemanja Matić\eb7822d7,rs SRB,MF,Manchester Utd,32,1988,15.4,2.21,1.82,0.65,1.23,4.55,6.88,6.95,1.23,2.21,2.08,4.29,2.01,0.06
Joël Matip\b217ef29,cm CMR,DF,Liverpool,29,1991,31,1.55,1.16,0.55,0.39,2.87,3.77,2.39,0.61,1.23,2.13,3.68,3.9,0.03
Neal Maupay\4bcf39f6,fr FRA,FW,Brighton,24,1996,25.3,0.75,0.47,0.2,0.36,5.65,1.7,7.35,11,0.83,0.4,1.15,0.12,0
Bryan Mbeumo\6afaebf2,fr FRA,FW,Brentford,21,1999,32.3,1.18,0.77,0.22,0.34,4.27,2.29,6.87,6.47,1.18,0.71,1.89,0.65,0
James McArthur\cee31595,sct SCO,MF,Crystal Palace,33,1987,16,2.31,1.63,0.94,1.56,8.06,8.13,12.3,3.06,2.13,2.13,4.44,2.63,0
James Mcatee\96593e89,eng ENG,MFFW,Manchester City,18,2002,0.2,0,0,0,10,10,10,0,35,0,5,5,0,0
Kasey McAteer\b2c66859,eng ENG,FW,Leicester City,19,2001,0,0,0,0,0,1,0,2,2,0,0,0,0,0
Liam McCarron\076bb352,sct SCO,FW,Leeds United,20,2001,0.1,0,0,0,0,0,20,0,10,0,0,0,0,0
Alex McCarthy\36c2ca73,eng ENG,GK,Southampton,31,1989,17,0,0,0,0,0,0,0,0,0,0,0,0,0
John McGinn\90f91999,sct SCO,MF,Aston Villa,26,1994,34.3,3.03,1.78,1.22,1.81,5.07,4.72,8.69,2.92,1.78,1.52,4.55,1.11,0
Stuart McKinstry\1000a059,sct SCO,MF,Leeds United,18,2002,0,0,0,0,0,1,1,0,0,0,0,0,0,0
Kenny McLean\471f16b3,sct SCO,MF,Norwich City,29,1992,30.1,1.36,0.8,0.56,1.43,3.82,6.98,7.71,2.46,1.06,1.83,3.19,1.83,0
Dwight McNeil\fc15fb84,eng ENG,MF,Burnley,21,1999,34.5,1.97,1.04,0.64,1.51,4.99,6.87,8.35,4.49,2.38,1.94,3.91,0.58,0
Scott McTominay\d93c2511,sct SCO,MF,Manchester Utd,24,1996,26.5,2.6,1.25,1.25,1.25,4.98,6.87,9.28,2.34,1.81,1.77,4.38,2.45,0
Ben Mee\8df7a2fb,eng ENG,DF,Burnley,31,1989,20.4,1.32,0.78,0.54,0.54,1.91,2.99,2.06,0.29,1.96,1.72,3.04,5.98,0
Hannibal Mejbri\ca22ccb0,tn TUN,FW,Manchester Utd,18,2003,0.8,0,0,0,0,7.5,7.5,16.3,16.3,0,1.25,1.25,0,0
Benjamin Mendy\5271c8f1,fr FRA,DF,Manchester City,27,1994,0.9,3.33,1.11,2.22,2.22,2.22,3.33,8.89,1.11,0,0,3.33,3.33,0
Edouard Mendy\33887998,sn SEN,GK,Chelsea,29,1992,34,0,0,0,0.06,0.03,0.09,0,0,0,0,0,0.03,0.15
Nampalys Mendy\1598599e,sn SEN,MF,Leicester City,29,1992,11.5,1.39,1.04,0.52,0.87,4.87,5.65,6.43,1.39,1.39,1.13,2.52,0.78,0.09
Illan Meslier\6b625ac2,fr FRA,GK,Leeds United,21,2000,37.6,0,0,0,0,0.05,0.13,0,0,0,0,0,0.05,0.05
Luka Milivojević\2ce2508a,rs SRB,MF,Crystal Palace,30,1991,8.6,2.44,1.51,1.51,1.16,5.23,6.51,7.79,1.63,1.05,1.05,3.49,2.44,0
James Milner\2f90f6b8,eng ENG,MFDF,Liverpool,35,1986,9.5,3.68,2.42,1.58,2.11,7.16,3.89,9.79,4.42,2.11,2.32,6,2.32,0
Yerry Mina\6d5701f2,co COL,DF,Everton,26,1994,9.4,1.81,1.28,0.96,0.53,3.19,5.11,2.02,0.32,2.02,1.06,2.87,5,0.11
Takumi Minamino\f833a830,jp JPN,FWMF,Liverpool,26,1995,2.1,1.43,0.95,0.95,4.29,10.5,1.9,16.2,12.4,0.48,1.43,2.86,0.48,0
Tyrone Mings\8397a50c,eng ENG,DF,Aston Villa,28,1993,35.4,1.02,0.59,0.31,0.28,1.86,3.19,1.89,0.65,1.95,2.2,3.22,5.11,0.06
Tyrick Mitchell\5cbd1eb0,eng ENG,DF,Crystal Palace,21,1999,34.5,3.13,1.57,1.25,0.64,6.32,11.4,5.48,2.9,2.2,2.29,5.42,2.46,0.03
Jakub Moder\f230bc30,pl POL,MFFW,Brighton,22,1999,18.9,2.22,1.53,0.95,1.16,6.14,6.24,7.14,5.71,1.64,1.16,3.39,1.38,0.05
Wesley Moraes\bfae110f,br BRA,FW,Aston Villa,24,1996,0,0,0,0,0,1,1,0,1,0,0,0,0,0
Tyler Morton\2bc28bb9,eng ENG,MF,Liverpool,18,2002,0.7,0,0,0,2.86,5.71,1.43,12.9,2.86,0,2.86,2.86,0,0
Mason Mount\9674002f,eng ENG,MFFW,Chelsea,22,1999,26.3,1.63,1.1,0.42,0.84,6.12,3.27,7.91,8.9,0.87,0.76,2.4,0.42,0
Lucas Moura\2b622f01,br BRA,FWMF,Tottenham,28,1992,19.7,1.47,0.71,0.3,1.02,3.45,3.35,7.11,3.65,0.91,1.12,2.59,1.07,0
João Moutinho\f5a00fa4,pt POR,MF,Wolves,34,1986,33,2.3,1.64,0.82,2.15,5.64,7.03,9.64,1.76,1.58,1.45,3.76,1.06,0
Bali Mumba\2d760d7b,eng ENG,DF,Norwich City,19,2001,0.5,2,0,0,0,6,20,4,0,4,2,4,10,0
Jacob Murphy\de112b84,eng ENG,FWDF,Newcastle Utd,26,1995,16.4,2.5,1.04,0.91,1.22,4.33,8.29,6.46,4.76,1.89,2.01,4.51,1.22,0
Enock Mwepu\1d5cab82,zm ZAM,MFFW,Brighton,23,1998,11.1,2.25,1.26,0.63,1.98,5.14,5.68,8.38,6.04,2.16,1.44,3.69,1.8,0
Vitaliy Mykolenko\30d4a2e5,ua UKR,DF,Everton,22,1999,11.7,2.39,1.2,1.03,1.2,3.68,7.52,4.96,2.22,2.91,2.14,4.53,2.65,0.09
Marvelous Nakamba\de5b5570,zw ZIM,MF,Aston Villa,27,1994,10,3.1,1.9,1.4,2.1,5.9,10.7,8.6,1.6,1.6,2.3,5.4,1.6,0
Wilfred Ndidi\6b47c5db,ng NGA,MFDF,Leicester City,24,1996,18,3.89,2.61,1.17,1.44,7.61,8.61,11.9,2.28,1.78,2.5,6.39,3.83,0
Tanguy Ndombele\5cdddffa,fr FRA,MF,Tottenham,24,1996,5.4,2.41,1.85,0.19,0.93,4.81,4.44,8.33,3.52,0.37,0.56,2.96,0.56,0
Reiss Nelson\c5bdb6e3,eng ENG,FW,Arsenal,21,1999,0.2,5,0,0,0,10,10,25,5,0,5,10,0,0
Pedro Neto\7ba2eaa9,pt POR,FWMF,Wolves,21,2000,5.2,0.96,0.96,0,1.35,4.23,3.46,7.31,6.54,0.19,1.15,2.12,0.19,0
Rúben Neves\44bfb6c5,pt POR,MF,Wolves,24,1997,29.6,2.26,1.45,0.74,2.3,4.9,6.86,9.73,1.69,1.45,1.86,4.12,1.82,0.03
Jeremy Ngakia\3631ad41,eng ENG,DF,Watford,20,2000,10,4.1,2.1,2,1.3,5.5,13.9,4.8,1.5,1.6,2.9,7,2,0
Saúl Ñíguez\c14bc029,es ESP,MFDF,Chelsea,26,1994,5.3,2.83,1.51,1.13,1.7,5.47,8.11,9.06,2.26,2.45,2.64,5.47,1.32,0.19
Eddie Nketiah\a53649b7,eng ENG,FW,Arsenal,22,1999,9.3,1.29,0.75,0.11,0.22,5.38,1.18,6.67,11.3,0.75,0.65,1.94,0.75,0
Nicolas Nkoulou\93cf32a8,cm CMR,DF,Watford,31,1990,1.9,0.53,0,0,0,2.63,2.63,1.05,0,2.63,0.53,1.05,5.26,0
Mark Noble\ff527768,eng ENG,MF,West Ham,34,1987,3.7,2.97,1.89,0.54,0.54,5.68,6.22,6.22,1.89,1.08,1.35,4.32,0.81,0
Mathias Normann\8996350d,no NOR,MF,Norwich City,25,1996,18.3,2.08,1.31,0.6,1.31,3.61,7.87,8.52,1.31,1.42,1.37,3.44,2.35,0
Christian Nørgaard\df0a4c90,dk DEN,MF,Brentford,27,1994,33.9,3.83,2.36,1.59,1.5,6.43,7.67,10.8,1.92,1.74,2.51,6.34,1.68,0.03
Angelo Ogbonna\74b2cd7e,it ITA,DF,West Ham,33,1988,10.2,1.27,0.78,0.2,0.49,1.57,3.14,1.47,0.29,0.69,1.27,2.55,3.73,0
Michael Olise\c4486bac,fr FRA,FWMF,Crystal Palace,19,2001,12.7,1.73,1.18,0.71,0.87,5.35,5.51,9.06,4.33,1.73,1.02,2.76,0.71,0
Robin Olsen\e7ee38c3,se SWE,GK,Aston Villa,31,1990,1,0,0,0,0,0,0,0,0,0,0,0,0,0
Andrew Omobamidele\c393a6c4,ie IRL,DF,Norwich City,19,2002,4.2,1.9,0.71,1.43,1.43,3.33,8.81,2.86,0,2.38,2.38,4.29,4.05,0
Tyler Onyango\d86a1f3e,eng ENG,MFFW,Everton,18,2003,0.3,3.33,0,0,3.33,6.67,20,10,3.33,0,3.33,6.67,0,0
Frank Onyeka\2944f86f,ng NGA,MF,Brentford,23,1998,11.6,2.59,1.38,0.43,1.29,5.95,9.4,9.14,3.28,1.72,1.29,3.88,1.12,0
Divock Origi\43a166b4,be BEL,FW,Liverpool,26,1995,1.5,0,0,0,2,3.33,1.33,10.7,7.33,1.33,2,2,0.67,0
Alex Oxlade-Chamberlain\38c7feef,eng ENG,MFFW,Liverpool,27,1993,8.7,1.95,1.61,0.57,0.92,7.24,2.99,8.74,8.05,1.26,0.92,2.87,0.8,0
Cole Palmer\dc7f8a28,eng ENG,FWMF,Manchester City,19,2002,1.4,1.43,1.43,0,0.71,4.29,2.14,7.86,10.7,1.43,1.43,2.86,0,0
Emerson Palmieri\e0bc6fdc,it ITA,DF,Chelsea,26,1994,0.1,0,0,0,0,0,0,0,0,0,0,0,0,0
Thomas Partey\529f49ab,gh GHA,MF,Arsenal,28,1993,22.5,2.44,1.82,0.8,1.02,4.58,4.76,6.58,1.6,1.24,1.47,3.91,1.42,0.04
João Pedro\e8832875,br BRA,FWMF,Watford,19,2001,18.3,1.2,0.93,0.22,0.66,5.9,2.84,8.69,6.89,1.53,1.04,2.24,0.98,0
Nicolas Pépé\57e3f0c7,ci CIV,FWMF,Arsenal,26,1995,7.7,1.82,1.43,0.26,0.91,4.55,4.68,5.84,5.32,1.69,1.17,2.99,0.39,0.13
Ricardo Pereira\75a72a99,pt POR,DF,Leicester City,27,1993,11,4.09,2.27,1.82,1.73,5.64,6.91,7.36,3.36,2.45,2.27,6.36,2.91,0
Ayoze Pérez\819aa8e7,es ESP,MFFW,Leicester City,28,1993,4.9,1.63,1.22,0.41,1.84,6.73,6.33,12.7,7.14,2.24,1.84,3.47,0.61,0
Sonny Perkins\87f12e30,eng ENG,FW,West Ham,17,2004,0,0,0,0,0,1,0,1,0,0,0,0,0,0
Romain Perraud\6dfd8f05,fr FRA,DF,Southampton,23,1997,18,2.11,1.11,0.89,0.67,4.72,8.11,6,3.94,1.67,1.33,3.44,2.56,0
Kalvin Phillips\4f565d77,eng ENG,MF,Leeds United,25,1995,17.7,3.67,2.43,1.02,1.69,8.42,9.21,14.7,4.52,2.37,1.92,5.59,1.69,0.06
Jaden Philogene Bidace\19f4d211,eng ENG,FW,Aston Villa,19,2002,0.1,0,0,0,0,0,10,10,0,0,0,0,0,0
Jordan Pickford\4806ec67,eng ENG,GK,Everton,27,1994,35,0.03,0,0,0.03,0.03,0.2,0,0,0.06,0,0.03,0.03,0
Erik Pieters\1ef37668,nl NED,DF,Burnley,32,1988,8.1,3.46,1.98,1.98,2.35,4.94,9.26,6.54,1.85,3.09,2.84,6.3,3.33,0.12
Ethan Pinnock\e541326e,jm JAM,DF,Brentford,28,1993,29.9,2.11,1.27,0.67,0.54,3.41,5.59,3.14,0.67,1.64,1.87,3.98,5.85,0.03
Daniel Podence\7fcc71d8,pt POR,FWMF,Wolves,25,1995,16.5,1.15,0.55,0.48,0.79,4.06,2.97,6.12,5.88,0.79,0.36,1.52,0,0
Paul Pogba\867239d3,fr FRA,MFFW,Manchester Utd,28,1993,15,1.33,0.87,0.33,0.93,5.07,4.07,8.47,5.07,1.07,1.27,2.6,1.67,0
Nick Pope\4b40d9ca,eng ENG,GK,Burnley,29,1992,36,0,0,0,0.06,0.03,0.03,0,0,0,0,0,0.11,0.06
Isaac Price\b9403c99,nir NIR,MF,Everton,17,2003,0.2,5,0,5,0,5,20,15,5,5,5,10,0,0
Teemu Pukki\0745b37d,fi FIN,FW,Norwich City,31,1990,36.1,0.66,0.3,0.08,0.36,4.85,1.11,8.01,10.3,0.58,0.47,1.14,0.11,0
Christian Pulisic\1bf33a9a,us USA,MFFW,Chelsea,22,1998,14.3,1.26,0.63,0.14,0.7,5.03,3.29,8.67,8.6,1.26,0.77,2.03,0.63,0
Przemysław Płacheta\3c33f9d9,pl POL,FWMF,Norwich City,23,1998,5.6,0.89,0.54,0,0.71,4.46,6.07,9.82,4.64,1.25,1.61,2.5,0.89,0
Jesuran Rak Sakyi\45685411,eng ENG,FWMF,Crystal Palace,18,2002,0.9,0,0,0,1.11,2.22,3.33,10,8.89,2.22,3.33,3.33,0,0
Aaron Ramsdale\466fb2c5,eng ENG,GK,Arsenal,23,1998,34,0,0,0,0.09,0,0.09,0,0,0,0,0,0.06,0
Jacob Ramsey\1544f145,eng ENG,MF,Aston Villa,20,2001,27.4,2.41,1.5,0.8,1.35,5.4,6.79,9.42,3.76,1.5,1.39,3.8,0.99,0
Marcus Rashford\a1d5bd30,eng ENG,FWMF,Manchester Utd,23,1997,13.7,0.58,0.44,0.22,1.02,5.55,2.99,8.39,7.15,0.8,0.88,1.46,0.44,0.07
Milot Rashica\6c6a3300,xk KVX,FWMF,Norwich City,25,1996,24.8,1.33,0.85,0.56,0.81,3.75,4.6,4.48,4.15,1.09,1.45,2.78,0.81,0
David Raya\98ea5115,es ESP,GK,Brentford,25,1995,24,0,0,0,0.04,0,0.04,0,0,0.04,0,0,0,0.04
Nathan Redmond\ab651565,eng ENG,MFFW,Southampton,27,1994,20.4,0.98,0.64,0.25,0.83,4.9,4.41,7.06,6.37,1.67,1.03,2.01,0.88,0
Sergio Reguilón\3353737a,es ESP,DF,Tottenham,24,1996,21.3,2.21,1.31,1.08,0.75,4.18,5.49,6.15,2.35,1.5,1.97,4.18,2.02,0
Declan Rice\1c7012b8,eng ENG,MF,West Ham,22,1999,35.3,2.18,1.5,0.79,0.91,4.36,6.09,6.35,1.05,1.7,2.69,4.87,1.5,0.03
Taylor Richards\e0243d23,eng ENG,MFFW,Brighton,20,2000,0.3,0,0,0,6.67,16.7,16.7,16.7,0,0,0,0,0,0
Richarlison\fa031b34,br BRA,FWMF,Everton,24,1997,28,1.43,0.96,0.46,0.43,5.14,3.18,8.46,9.43,1.71,0.75,2.18,1.14,0
Jaïro Riedewald\7a1f2c08,nl NED,MF,Crystal Palace,24,1996,1.3,1.54,1.54,1.54,1.54,2.31,5.38,1.54,1.54,3.08,0,1.54,1.54,0
Matt Ritchie\71ef519e,sct SCO,DF,Newcastle Utd,31,1989,14.9,1.48,0.47,0.87,1.14,3.15,5.1,3.69,1.48,1.88,2.01,3.49,1.74,0
Connor Roberts\24fae784,wls WAL,DF,Burnley,25,1995,18.8,1.12,0.69,0.43,0.43,2.45,3.83,3.3,1.22,2.61,2.23,3.35,2.93,0.05
Tyler Roberts\6c17e046,wls WAL,MFFW,Leeds United,22,1999,11,1.55,0.64,0.82,0.55,4,2.18,7.73,5.45,0.91,0.64,2.18,0.73,0
Andrew Robertson\2e4f5f03,sct SCO,DF,Liverpool,27,1994,28.2,1.17,0.6,0.5,0.71,3.05,3.01,4.08,2.98,1.52,1.74,2.91,2.06,0
Joe Rodon\8d62d31a,wls WAL,DF,Tottenham,23,1997,1,0,0,0,0,3,5,2,0,3,2,2,8,0
Rodri\6434f10d,es ESP,MF,Manchester City,25,1996,32,2.03,1.44,0.91,1,5.34,4.06,7.94,3.03,1.5,1.25,3.28,1.69,0
Rodrigo\1fb1c435,es ESP,MFFW,Leeds United,30,1991,25.2,1.03,0.71,0.36,0.67,4.68,2.62,7.26,6.67,0.6,0.75,1.79,1.07,0
Jay Rodriguez\4ab53cdb,eng ENG,FW,Burnley,32,1989,15.4,1.43,0.65,0.19,0.78,4.55,4.81,7.4,9.22,1.62,0.39,1.82,0.78,0
Mads Roerslev\57c94db2,dk DEN,DF,Brentford,22,1999,13.8,1.88,0.65,1.16,1.38,3.12,8.26,2.9,1.38,2.25,1.52,3.41,2.17,0
Cristian Romero\a3d94a58,ar ARG,DF,Tottenham,23,1998,20.5,3.66,2.2,1.22,0.88,5.51,9.51,4.78,1.17,2.44,2.78,6.44,3.8,0.05
Oriol Romeu\4b511457,es ESP,MF,Southampton,29,1991,32.1,2.52,1.68,0.72,1.68,5.95,5.64,9.63,2.31,1.4,2.09,4.61,1.62,0
Cristiano Ronaldo\dea698d9,pt POR,FW,Manchester Utd,36,1985,27.3,0.37,0.29,0.15,0.11,1.79,0.84,2.82,3,0.44,0.18,0.55,1.14,0.04
Salomón Rondón\b318a643,ve VEN,FW,Everton,31,1989,8.8,0.68,0.23,0.34,0.8,5.68,1.93,8.52,9.09,0.68,0.45,1.14,1.25,0
Danny Rose\89d10e53,eng ENG,DF,Watford,31,1990,7.7,2.99,1.95,1.56,2.21,4.42,5.71,4.68,0.65,1.82,1.95,4.94,1.69,0
Jon Rowe\8c12f884,eng ENG,FWMF,Norwich City,18,2003,2.5,2.8,1.2,0.4,0,6.4,6,11.2,9.6,2.8,1.6,4.4,0,0
John Ruddy\da8b19e2,eng ENG,GK,Wolves,34,1986,1.5,0,0,0,0,0,0,0,0,0,0,0,0,0
Antonio Rüdiger\18b896d6,de GER,DF,Chelsea,28,1993,33.7,1.57,0.83,0.89,0.47,2.73,4.33,3.41,0.98,1.22,1.28,2.85,3.26,0.03
Lukas Rupp\3faa1780,de GER,MF,Norwich City,30,1991,8.5,1.18,0.94,0.47,1.18,6.24,8.82,8.59,2.82,0.94,2,3.18,0.47,0.12
José Sá\903b6e8b,pt POR,GK,Wolves,28,1993,36.5,0.03,0,0.03,0.05,0.08,0.27,0,0,0.03,0,0.03,0.08,0.08
Allan Saint-Maximin\2b16cb1a,fr FRA,FWMF,Newcastle Utd,24,1997,31.2,0.29,0.19,0.06,0.51,2.15,1.67,3.53,3.04,0.54,0.67,0.96,0.06,0
Romain Saïss\9fbbcf39,ma MAR,DF,Wolves,31,1990,30.1,1.99,1.26,0.6,0.47,3.42,5.38,3.36,0.66,2.03,2.69,4.68,5.75,0.03
Bukayo Saka\bc7dc64d,eng ENG,FWMF,Arsenal,19,2001,33.1,1.12,0.69,0.21,0.73,4.05,3.32,5.68,5.98,1.24,0.94,2.05,0.57,0
Mohamed Salah\e342ad68,eg EGY,FW,Liverpool,29,1992,30.7,0.55,0.23,0.13,0.55,4.14,2.18,4.14,8.27,0.42,0.49,1.04,0.13,0
Mohammed Salisu\0b33f6ad,gh GHA,DF,Southampton,22,1999,33,2.76,1.82,1.24,0.94,4.48,6.61,3.73,0.7,2.09,2.82,5.58,5.94,0.15
Albert Sambi Lokonga\1b4f1169,be BEL,MF,Arsenal,21,1999,12.6,1.75,1.03,0.71,0.48,3.73,3.57,5.08,2.3,1.43,1.83,3.57,1.43,0.16
Davinson Sánchez\da7b447d,co COL,DF,Tottenham,25,1996,18.1,2.49,1.22,0.88,0.61,3.65,4.92,4.42,0.94,1.93,1.88,4.36,4.2,0
Robert Sánchez\6a713852,es ESP,GK,Brighton,23,1997,37,0,0,0,0,0.03,0.14,0,0,0.05,0,0,0,0.11
Jadon Sancho\dbf053da,eng ENG,FWMF,Manchester Utd,21,2000,21.1,0.85,0.62,0.33,0.76,3.22,3.08,6.07,3.93,1.33,1.14,1.99,0.24,0.09
Morgan Sanson\6e7f1353,fr FRA,MF,Aston Villa,26,1994,4,3,2,1,0.5,11.5,12.8,15,6,3.75,2.75,5.75,0.5,0
Samir Santos\92b4758e,br BRA,DF,Watford,26,1994,18.6,1.72,1.02,0.54,0.38,2.85,5.27,2.04,0.38,1.51,2.9,4.62,4.41,0.11
Josh Sargent\a8d4428b,us USA,FWMF,Norwich City,21,2000,17.5,1.94,0.97,0.74,1.09,5.71,5.54,8.17,6.91,2.46,1.2,3.14,1.03,0.11
Jeremy Sarmiento\ac0d576d,ec ECU,FWMF,Brighton,19,2002,0.5,6,2,2,2,14,16,26,10,6,2,8,0,0
Ismaila Sarr\bfdb33aa,sn SEN,FWMF,Watford,23,1998,20.7,0.68,0.34,0.1,0.58,4.4,4.15,8.41,6.67,1.01,0.77,1.45,0.63,0
Malang Sarr\4315f30d,fr FRA,DF,Chelsea,22,1999,6.1,2.13,0.66,0.49,0.66,3.77,6.56,3.61,0.98,1.48,1.97,4.1,4.26,0
Dane Scarlett\21945a9e,eng ENG,MF,Tottenham,17,2004,0,0,0,0,0,0,2,0,0,0,0,0,0,0
Fabian Schär\c8aa95da,ch SUI,DF,Newcastle Utd,29,1991,24,0.83,0.46,0.46,0.21,1.96,3.42,2.17,0.71,1.54,3.13,3.96,5.04,0.08
Jeffrey Schlupp\3312f911,gh GHA,MFFW,Crystal Palace,28,1992,20.6,2.38,1.12,0.68,1.26,5.92,5.34,9.51,3.69,2.43,1.21,3.59,1.6,0
Kasper Schmeichel\53af52f3,dk DEN,GK,Leicester City,34,1986,37,0,0,0,0.05,0,0.05,0,0,0,0,0,0.03,0.05
Ken Sema\1770bd68,se SWE,MFFW,Watford,27,1993,9.5,1.26,0.84,0.53,1.58,4.53,7.47,10.1,2.84,1.58,0.95,2.21,1.89,0
Nélson Semedo\d04b94db,pt POR,DF,Wolves,27,1993,23.7,2.49,1.69,1.1,0.93,4.56,7.68,5.49,2.83,1.81,1.81,4.3,2.41,0
Ryan Sessegnon\6aa3e78b,eng ENG,DF,Tottenham,21,2000,11.6,2.33,1.21,1.03,1.21,4.91,8.62,6.38,4.83,2.59,1.64,3.97,1.9,0
Jamie Shackleton\8d03ca5a,eng ENG,DFMF,Leeds United,21,1999,7.9,3.29,2.28,1.14,1.52,4.94,6.58,6.2,1.77,2.03,1.27,4.56,1.14,0.25
Luke Shaw\9c94165b,eng ENG,DF,Manchester Utd,26,1995,17.8,1.24,0.73,0.67,0.67,3.09,4.66,4.04,1.97,2.25,0.84,2.08,1.24,0
Jonjo Shelvey\3727dd3c,eng ENG,MF,Newcastle Utd,29,1992,22,1.27,0.64,0.45,1,3.18,4.77,6.91,1.36,1.27,1.59,2.86,1.5,0.09
Shola Shoretire\00f0482f,eng ENG,FW,Manchester Utd,17,2004,0.2,0,0,0,0,0,0,5,5,0,0,0,0,0
Francisco Sierralta\0f933743,cl CHI,DF,Watford,24,1997,4.7,1.28,0.85,1.06,0.64,2.13,3.83,1.28,0,1.91,2.98,4.26,8.51,0
Bernardo Silva\3eb22ec9,pt POR,MFFW,Manchester City,26,1994,31.7,1.64,1.04,0.82,1.29,4.51,2.74,6.94,5.46,1.04,1.01,2.65,0.82,0
Fábio Silva\e7aa9d7c,pt POR,FW,Wolves,19,2002,6.4,0.94,0.78,0.16,0.78,6.88,1.09,12.5,9.69,0.16,0.63,1.56,0.31,0
Thiago Silva\86e7deaf,br BRA,DF,Chelsea,36,1984,29.4,1.22,0.78,0.37,0.48,1.94,3.44,2.24,0.2,2.21,2.21,3.44,3.88,0
Ellis Simms\26d3b5be,eng ENG,FW,Everton,20,2001,0.7,0,0,0,0,4.29,2.86,7.14,4.29,2.86,0,0,0,0
Moussa Sissoko\2acd49b9,fr FRA,MF,Watford,31,1989,35.8,1.65,1.12,0.53,0.45,4.47,4.94,6.98,2.18,1.48,1.23,2.88,2.01,0
Oliver Skipp\6250083a,eng ENG,MF,Tottenham,20,2000,15,2.2,1.2,0.8,1.07,4.73,7.27,8.73,2.33,1.67,1.27,3.47,0.93,0
William Smallbone\5e105217,ie IRL,MFFW,Southampton,21,2000,1.5,4,3.33,0.67,2.67,8.67,6.67,12.7,10,2,1.33,5.33,1.33,0
Emile Smith Rowe\17695062,eng ENG,MFFW,Arsenal,21,2000,21.3,0.94,0.75,0.19,0.52,3.66,2.54,5.87,3.62,0.7,0.94,1.88,0.61,0
Cédric Soares\839c14e1,pt POR,DF,Arsenal,29,1991,16.5,2.36,1.21,0.91,0.61,4.12,4.61,4.55,2.61,1.45,1.21,3.58,2.12,0.06
Tomáš Souček\6613c819,cz CZE,MF,West Ham,26,1995,34,2,1.21,0.74,1.26,3.79,5.91,6.47,1.82,1.44,1.62,3.62,3.5,0.03
Boubakary Soumaré\ae59b359,fr FRA,MF,Leicester City,22,1999,12.2,1.97,1.07,0.49,0.98,5.08,7.54,10.3,2.62,1.07,1.39,3.36,1.56,0
Çağlar Söyüncü\21166ff4,tr TUR,DF,Leicester City,25,1996,27.7,1.88,1.08,0.9,0.58,3.36,5.2,3.83,0.32,2.02,1.81,3.68,5.02,0.04
Tony Springett\35be8087,eng ENG,FWMF,Norwich City,18,2002,1.6,1.88,0.63,1.25,1.25,3.75,7.5,17.5,5,0.63,0,1.88,0.63,0
Jason Steele\28300a16,eng ENG,GK,Brighton,30,1990,1,0,0,0,0,0,0,0,0,0,0,0,0,0
Jed Steer\a8a3d139,eng ENG,GK,Aston Villa,28,1992,1,0,0,0,0,0,0,0,0,0,0,0,0,0
Zack Steffen\42130443,us USA,GK,Manchester City,26,1995,1,0,0,0,0,0,0,0,0,0,0,0,0,0
Dale Stephens\653ee42d,eng ENG,MF,Burnley,32,1989,1.4,5,1.43,0.71,2.86,10,5,20.7,3.57,2.86,1.43,6.43,0.71,0
Jack Stephens\6adbc307,eng ENG,DF,Southampton,27,1994,9,2.33,1.33,0.67,1.33,3.67,6.22,3.22,0.78,1.78,3,5.33,5.11,0
Raheem Sterling\b400bde0,eng ENG,FW,Manchester City,26,1994,23.6,1.19,0.76,0.25,0.64,3.94,1.61,6.23,5.59,0.64,0.64,1.82,0.13,0
Finley Stevens\7e003182,wls WAL,DF,Brentford,18,2003,0.2,10,0,5,0,5,0,20,5,0,0,10,0,0
John Stones\5eecec3d,eng ENG,DF,Manchester City,27,1994,12.4,0.4,0.32,0.16,0.16,1.77,1.85,2.34,0.48,0.73,1.37,1.77,3.31,0.08
Pascal Struijk\f4d296e4,nl NED,DF,Leeds United,21,1999,22.8,2.98,1.54,1.23,0.96,6.14,8.86,6.93,1.18,2.5,2.76,5.75,3.6,0.13
Crysencio Summerville\df04eb4b,nl NED,MFFW,Leeds United,19,2001,1.4,4.29,2.86,2.14,0,6.43,3.57,5,7.14,1.43,3.57,7.86,0,0
Jakob Sørensen\953c30b0,dk DEN,MFDF,Norwich City,23,1998,6.7,3.73,2.39,1.04,1.19,6.87,7.61,9.55,1.49,1.79,2.24,5.97,2.24,0
Japhet Tanganga\e9971f2d,eng ENG,DF,Tottenham,22,1999,8.2,2.56,1.46,0.98,0.61,4.39,6.34,5.49,1.59,1.95,2.07,4.63,3.66,0
Matt Targett\e514ab62,eng ENG,DF,Aston Villa,25,1995,15.9,1.95,0.94,0.82,1.38,2.77,6.73,3.9,1.38,2.77,2.2,4.15,1.57,0
Matt Targett\e514ab62,eng ENG,DF,Newcastle Utd,25,1995,16,2.5,1.44,1.25,0.94,3.5,6.19,2.81,1.94,1.13,2.19,4.69,2.69,0.06
James Tarkowski\15ea812b,eng ENG,DF,Burnley,28,1992,34.5,2.06,1.22,0.93,0.72,2.72,5.1,2.12,0.35,2.67,2.09,4.14,6.26,0.14
Nuno Tavares\a65c844b,pt POR,DF,Arsenal,21,2000,13.1,1.53,0.92,0.38,0.38,3.59,4.89,4.2,2.75,1.6,1.83,3.36,2.29,0.08
Charlie Taylor\cc2d7ad5,eng ENG,DF,Burnley,27,1993,30.3,1.78,0.79,0.92,0.66,2.05,4.29,2.81,0.92,3.14,2.38,4.16,2.77,0.03
Nathan Tella\f1e94cd6,eng ENG,MFFW,Southampton,22,1999,8.9,1.35,0.56,0.45,1.57,7.64,6.97,12.9,10.3,2.02,2.13,3.48,0.79,0
Alex Telles\e73c9bb2,br BRA,DF,Manchester Utd,28,1992,18.4,2.61,1.47,1.03,0.87,3.26,5.76,3.64,1.25,1.58,1.96,4.57,2.88,0.11
Luke Thomas\fc027d02,eng ENG,DF,Leicester City,20,2001,21.2,2.26,1.37,0.94,1.51,4.95,9.43,6.42,2.12,2.69,1.89,4.15,2.26,0.05
Dominic Thompson\235a62f8,eng ENG,DF,Brentford,21,2000,1.6,1.88,0.63,1.25,0.63,1.88,5.63,3.13,1.25,1.25,1.88,3.75,2.5,0
Youri Tielemans\56f7a928,be BEL,MF,Leicester City,24,1997,29.2,2.29,1.68,1.03,2.19,5,5.62,8.6,2.53,1.61,1.4,3.7,1.44,0.07
Kieran Tierney\fce2302c,sct SCO,DF,Arsenal,24,1997,21.3,0.99,0.56,0.47,0.19,2.3,2.82,2.72,2.07,1.64,1.46,2.44,2.16,0
Takehiro Tomiyasu\b3af9be1,jp JPN,DF,Arsenal,22,1998,18.7,2.03,0.91,0.86,0.75,3.74,4.81,5.19,1.82,1.98,1.93,3.96,2.57,0.05
James Tomkins\e7ca0439,eng ENG,DF,Crystal Palace,32,1989,6.1,1.97,0.98,0.82,0.33,3.28,5.41,2.62,0,2.13,1.64,3.61,2.3,0
Ivan Toney\e09f279b,eng ENG,FW,Brentford,25,1996,32.3,0.96,0.62,0.19,0.62,3.47,1.64,5.94,6.56,0.96,0.65,1.61,1.33,0.03
Ferrán Torres\9e1035f8,es ESP,FW,Manchester City,21,2000,3.4,0.29,0.29,0,0.29,3.82,0.88,2.35,7.94,1.76,0.29,0.59,0,0
Cenk Tosun\9a104dee,tr TUR,FW,Everton,30,1991,0.1,0,0,0,0,0,0,0,10,0,0,0,0,0
Andros Townsend\b28bbd58,eng ENG,MF,Everton,30,1991,16.2,1.79,0.93,0.49,1.67,6.05,5.25,7.9,5.49,2.72,1.3,3.09,0.37,0
Adama Traoré\9a28eba4,es ESP,FW,Wolves,25,1996,11.9,1.01,0.76,0.17,0.59,3.53,3.11,5.71,2.94,0.67,0.34,1.34,0.17,0
Bertrand Traoré\c47541e0,bf BFA,MFFW,Aston Villa,25,1995,2.4,0.83,0,0.42,0.83,2.08,1.67,2.08,7.5,0,0,0.83,0.42,0
Trézéguet\3ae14ed1,eg EGY,FW,Aston Villa,26,1994,0.1,0,0,0,0,0,0,0,0,0,0,0,0,0
Francisco Trincão\77e39b04,pt POR,FWMF,Wolves,21,1999,14.8,1.96,1.01,0.41,0.54,6.35,5,11.4,6.42,1.42,1.01,2.97,0.07,0
Kieran Trippier\21512407,eng ENG,DF,Newcastle Utd,30,1990,4.8,4.38,2.71,2.08,1.25,3.75,4.38,6.46,1.67,2.5,2.29,6.67,3.75,0
William Troost-Ekong\7ed4921e,ng NGA,DF,Watford,27,1993,15.4,1.1,0.65,0.39,0.32,2.47,4.03,2.66,0.19,1.88,1.49,2.6,5.71,0.06
Leandro Trossard\38ceb24a,be BEL,FWMF,Brighton,26,1994,31.2,1.19,0.77,0.19,0.83,5,2.76,5.71,6.86,1.35,0.93,2.12,0.26,0
Kostas Tsimikas\f315ca93,gr GRE,DF,Liverpool,25,1996,9.7,2.06,1.03,0.62,1.03,4.85,5.46,4.64,4.02,1.55,1.44,3.51,2.27,0
Axel Tuanzebe\2baec6ce,eng ENG,DF,Aston Villa,23,1997,5.6,1.43,1.07,0.36,0.54,2.32,4.11,3.57,0.71,0.89,1.61,3.04,2.32,0.18
Ozan Tufan\17d45fb2,tr TUR,MF,Watford,26,1995,3.7,1.08,0.54,0.27,0.81,2.43,6.22,10.5,4.05,1.35,0.54,1.62,1.08,0
Christos Tzolis\9f333379,gr GRE,FWMF,Norwich City,19,2002,3.7,1.62,0.54,0.81,1.89,3.78,7.03,5.41,6.22,1.08,0.54,2.16,0.54,0
Yan Valery\531a4aa8,fr FRA,DF,Southampton,22,1999,4.1,2.44,1.71,1.22,1.46,4.88,5.37,5.85,0.98,2.44,2.93,5.37,5.12,0.24
Raphaël Varane\9f8e9423,fr FRA,DF,Manchester Utd,28,1993,20.3,1.33,0.79,0.49,0.59,2.86,5.52,2.32,0.25,1.58,1.72,3.05,4.68,0.05
Jamie Vardy\45963054,eng ENG,FW,Leicester City,34,1987,20.1,0.35,0.2,0.05,0.25,3.33,0.65,5.82,7.21,0.5,0.35,0.7,0.8,0
Joël Veltman\dad4b285,nl NED,DF,Brighton,29,1992,31.9,2.82,1.25,0.97,1.03,3.42,5.55,4.29,1.13,2.04,2.1,4.92,3.04,0.03
Jannik Vestergaard\1900032e,dk DEN,DF,Leicester City,28,1992,6.3,2.54,1.75,0.95,1.43,3.49,7.14,2.38,0,2.38,2.38,4.92,6.51,0.16
Nikola Vlašić\aa8e289e,hr CRO,FWMF,West Ham,23,1997,6.2,2.1,1.77,0.65,2.58,5.65,6.61,10.5,7.1,0.97,1.61,3.71,0.32,0
Matěj Vydra\0d4ceb32,cz CZE,FW,Burnley,29,1992,7.5,1.6,1.07,0.4,0.27,5.33,2.27,8.27,10.7,0.67,0.4,2,1.2,0
Theo Walcott\1ecb65be,eng ENG,MFFW,Southampton,32,1989,4.2,1.19,0.71,0.71,0.48,4.05,4.76,8.33,5.71,1.19,1.67,2.86,0.48,0
Kyle Walker\86dd77d1,eng ENG,DF,Manchester City,31,1990,19.5,1.18,0.82,0.56,0.56,2.87,2.72,4.51,1.18,1.03,1.28,2.46,1.23,0
Kyle Walker-Peters\984a5a64,eng ENG,DF,Southampton,24,1997,29.3,2.15,0.92,0.68,0.55,3.79,4.78,5.05,2.7,1.81,1.91,4.06,1.5,0.03
Aaron Wan-Bissaka\9e525177,eng ENG,DF,Manchester Utd,23,1997,19.9,2.31,1.26,0.35,0.55,3.22,5.33,3.92,2.06,2.81,2.56,4.87,2.41,0
Danny Ward\d3ce0e89,wls WAL,GK,Leicester City,28,1993,1,0,0,0,0,0,0,0,0,0,0,0,0,0
Joel Ward\8a7ff278,eng ENG,DF,Crystal Palace,31,1989,27.6,1.74,1.01,0.87,0.98,3.04,5.47,3.48,1.34,1.92,1.96,3.7,3.77,0.04
James Ward-Prowse\3515d404,eng ENG,MF,Southampton,26,1994,35.7,1.32,0.73,0.36,1.46,4.73,4.79,8.32,2.32,1.82,1.68,3,1.23,0.03
Ollie Watkins\aed3a70f,eng ENG,FW,Aston Villa,25,1995,32.8,0.52,0.43,0.06,0.24,4.3,1.16,7.8,8.66,1.28,0.52,1.04,0.79,0
Adam Webster\c40b6180,eng ENG,DF,Brighton,26,1995,15.9,1.45,0.82,0.75,0.63,2.83,4.34,2.58,0.5,2.26,1.57,3.02,5.09,0.13
Wout Weghorst\c4e87b8b,nl NED,FW,Burnley,28,1992,16.1,1.06,0.75,0.37,0.87,8.26,5.03,14,13.2,1.86,0.5,1.55,0.75,0
Danny Welbeck\ce5143da,eng ENG,FW,Brighton,30,1990,16.4,0.85,0.73,0.12,0.55,5.49,1.77,5.73,8.48,1.22,0.3,1.16,1.04,0
Timo Werner\49fe9070,de GER,FWMF,Chelsea,25,1996,14.3,0.49,0.28,0,1.19,4.48,2.45,6.01,8.88,0.77,0.28,0.77,0.21,0
Ashley Westwood\495945ef,eng ENG,MF,Burnley,31,1990,25.4,1.18,0.91,0.51,0.63,3.62,4.96,9.72,2.4,0.75,1.69,2.87,0.79,0
Ben White\35e413f1,eng ENG,DF,Arsenal,23,1997,32,1.31,0.72,0.59,0.75,2.56,4.19,2.97,0.72,1.69,2.06,3.38,3.56,0
Brandon Williams\5e74d6c8,eng ENG,DF,Norwich City,20,2000,23.6,2.37,1.23,1.02,1.4,3.43,6.61,5.08,1.74,2.16,2.58,4.96,1.99,0
Neco Williams\dd323728,wls WAL,DF,Liverpool,20,2001,0.1,0,0,0,0,0,10,0,0,0,0,0,0,0
Joe Willock\a3b03921,eng ENG,MF,Newcastle Utd,21,1999,22.6,3.05,1.95,0.97,1.77,5.22,7.43,11.2,5.09,1.68,1.33,4.38,0.71,0
Callum Wilson\c596fcb0,eng ENG,FW,Newcastle Utd,29,1992,15.4,0.52,0.39,0.06,0.19,2.79,1.56,4.81,5.97,0.58,0.26,0.78,0.78,0.06
Harry Winks\2f7acede,eng ENG,MF,Tottenham,25,1996,10.1,1.68,0.69,0.79,0.79,3.17,5.05,7.03,2.28,1.78,1.88,3.56,0.79,0
Yoane Wissa\2500cef9,cd COD,FWMF,Brentford,24,1996,14.3,0.98,0.56,0,1.05,3.78,2.52,4.48,6.29,1.12,0.63,1.61,0.56,0
Chris Wood\4e9a0555,nz NZL,FW,Burnley,29,1991,15.2,0.72,0.53,0.26,0.26,3.95,0.53,5.33,7.17,1.05,0.26,0.99,0.39,0
Chris Wood\4e9a0555,nz NZL,FW,Newcastle Utd,29,1991,14.7,0.27,0.2,0.07,0.07,4.56,1.02,7.89,7.96,0.54,0.14,0.41,0.54,0
Freddie Woodman\19e50035,eng ENG,GK,Newcastle Utd,24,1997,4,0,0,0,0,0,0.25,0,0,0,0,0,0,0
Granit Xhaka\e61b8aee,ch SUI,MFDF,Arsenal,28,1992,25.9,1.51,0.93,0.5,0.89,3.24,3.9,4.67,3.01,1.39,1.2,2.7,1.08,0
Andriy Yarmolenko\849c826a,ua UKR,FW,West Ham,31,1989,3.5,0.86,0,0.86,1.14,3.43,5.43,5.43,6.29,1.43,0.29,1.14,0.29,0
Ashley Young\be927d03,eng ENG,DFFW,Aston Villa,36,1985,13.9,2.01,1.08,0.79,0.22,2.52,4.24,4.03,2.16,0.86,1.58,3.6,1.73,0
Nathan Young-Coombes\f9682888,eng ENG,FW,Brentford,18,2003,0,0,0,0,0,0,1,1,0,0,0,0,0,0
Wilfried Zaha\b2bc3b1f,ci CIV,FW,Crystal Palace,28,1992,30.7,1.56,1.14,0.29,0.62,5.6,4.46,9.9,5.73,0.88,0.78,2.35,0.13,0
Christoph Zimmermann\2d5f03bf,de GER,DF,Norwich City,28,1993,1.7,2.94,1.76,1.18,1.18,5.29,7.65,4.71,1.76,0,1.76,4.71,1.76,0
Oleksandr Zinchenko\51cf8561,ua UKR,DF,Manchester City,24,1996,11.6,1.72,0.95,0.34,0.78,2.67,2.16,4.05,1.9,1.55,1.55,3.28,1.12,0.09
Hakim Ziyech\6622454d,ma MAR,FWMF,Chelsea,28,1993,14.7,1.36,0.75,0.27,1.43,5.31,3.61,8.03,6.46,1.22,1.36,2.72,0.61,0
Kurt Zouma\ce4246f5,fr FRA,DF,West Ham,26,1994,23.1,0.48,0.22,0.17,0.17,1.52,2.51,1.56,0.56,1.65,2.03,2.51,6.06,0
Martin Ødegaard\79300479,no NOR,MF,Arsenal,22,1998,30.9,1.39,0.81,0.39,0.87,4.98,3.46,8.48,6.63,0.58,0.71,2.1,0.39,0.03