Rk,Player,Nation,Pos,Squad,Age,Born,90s,Tackles,Tkls Won,Tkls vs Dribbles,Dribbled Past,Successful Pressures,Def 3rd Press,Mid 3rd Press,Att 3rd Press,Blocks,Interceptions,Tkl+Int,Clearances,Errors
1,Max Aarons\774cf58b,eng ENG,DF,Norwich City,22-059,2000,24.6,2.32,1.34,1.38,0.77,3.33,7.64,3.9,1.1,2.89,1.63,3.94,2.15,0
2,Che Adams\f2bf1b0f,sct SCO,FW,Southampton,25-234,1996,15.3,0.72,0.39,0.13,0.46,3.59,1.96,5.56,7.25,1.18,0.59,1.31,0.72,0
3,Rayan Aït Nouri\9b398aea,fr FRA,DF,Wolves,20-271,2001,13.3,4.29,2.26,1.58,0.98,6.99,12.9,6.24,2.78,1.88,1.95,6.24,1.73,0
4,Kristoffer Ajer\a8c0acb7,no NOR,DF,Brentford,23-321,1998,13.1,1.68,0.92,0.99,0.92,3.13,4.81,3.36,0.76,1.76,2.6,4.27,4.58,0.08
5,Nathan Aké\eaeca114,nl NED,DF,Manchester City,27-014,1995,7.5,1.2,0.53,0.4,0.27,1.6,2.67,2.8,0.4,1.33,2.27,3.47,3.07,0
6,Marc Albrighton\b827d5b3,eng ENG,FWDF,Leicester City,32-106,1989,9.1,3.19,1.43,0.88,2.86,5.27,8.79,12.1,3.85,2.31,2.09,5.27,0.66,0
7,Thiago Alcántara\77e84962,es ESP,MF,Liverpool,30-327,1991,9.9,3.64,2.63,0.61,1.62,6.97,4.55,8.79,3.64,1.41,1.82,5.45,1.01,0.1
8,Trent Alexander-Arnold\cd1acf9d,eng ENG,DF,Liverpool,23-148,1998,22.7,1.28,0.75,0.7,1.1,3.13,3,3.35,2.69,1.28,2.42,3.7,1.67,0.04
9,Alisson\7a2e46a8,br BRA,GK,Liverpool,29-153,1992,24,0,0,0,0.04,0.08,0.17,0,0,0,0,0,0.04,0.04
10,Allan\cc700722,br BRA,MF,Everton,31-055,1991,19.6,3.01,2.55,0.82,2.65,8.16,10.2,12.8,2.6,1.84,1.73,4.74,1.43,0
11,Dele Alli\cea4ee8f,eng ENG,MFFW,Tottenham,25-327,1996,7.3,2.6,0.96,0.68,1.64,7.53,11.1,12.6,4.93,3.42,2.33,4.93,1.64,0
12,Dele Alli\cea4ee8f,eng ENG,MF,Everton,25-327,1996,1.3,3.08,2.31,0.77,1.54,9.23,10,14.6,11.5,3.85,0.77,3.85,3.85,0
13,Miguel Almirón\862a1c15,py PAR,MF,Newcastle Utd,28-022,1994,11,3.27,1.82,1,2.18,5.27,8.45,8.64,5.27,1.45,1.36,4.64,0.55,0
14,Marcos Alonso\f4290206,es ESP,DF,Chelsea,31-066,1990,16.1,2.11,1.3,0.81,0.81,3.6,5.96,4.29,3.04,1.86,3.11,5.22,2.61,0
15,Steven Alzate\ad1f61f3,co COL,MF,Brighton,23-177,1998,3.1,2.26,2.26,0.97,0.65,5.48,7.1,9.03,3.55,1.29,3.87,6.13,2.9,0
16,Daniel Amartey\1a4ef233,gh GHA,DF,Leicester City,27-073,1994,13.7,0.95,0.36,0.66,0.73,2.48,4.38,2.85,0.22,2.12,1.46,2.41,4.89,0.07
17,Joachim Andersen\e34fc66d,dk DEN,DF,Crystal Palace,25-277,1996,21.4,1.12,0.65,0.47,0.42,1.36,2.9,1.5,0.23,1.26,2.2,3.32,5,0.09
18,Michail Antonio\ac05f970,jm JAM,FW,West Ham,31-341,1990,25.4,0.83,0.63,0.2,0.35,3.98,0.94,5.04,7.6,0.87,0.39,1.22,0.55,0
19,Cameron Archer\05e8ca6d,eng ENG,MFFW,Aston Villa,20-226,2001,0.3,0,0,0,0,0,0,6.67,6.67,0,3.33,3.33,3.33,0
20,Alphonse Areola\2f965a72,fr FRA,GK,West Ham,29-005,1993,1,0,0,0,0,0,0,0,0,0,0,0,0,0
21,Adam Armstrong\68c720b5,eng ENG,FW,Southampton,25-022,1997,13.3,0.68,0.45,0,0.3,4.06,1.58,5.41,7.89,0.53,0.6,1.28,0.38,0
22,Stuart Armstrong\97333cf5,sct SCO,MF,Southampton,29-339,1992,7.7,1.43,0.91,0.26,1.04,6.1,4.68,7.92,3.64,0.91,1.43,2.86,1.04,0
23,Kepa Arrizabalaga\28d596a0,es ESP,GK,Chelsea,27-152,1994,4,0,0,0,0,0,0,0,0,0,0,0,0,0
24,Harrison Ashby\b391383a,sct SCO,DF,West Ham,20-110,2001,0.1,0,0,0,0,0,0,0,0,10,10,10,0,0
25,Pierre-Emerick Aubameyang\d5dd5f1f,ga GAB,FW,Arsenal,32-259,1989,11.5,1.04,0.61,0.17,0.35,4.61,2,6.78,8.7,1.65,0.09,1.13,0.26,0
26,Jordan Ayew\da052c14,gh GHA,FW,Crystal Palace,30-174,1991,17,2.29,1.59,0.53,0.53,6.59,5.24,9.94,6.94,1.76,1.18,3.47,0.24,0
27,Luke Ayling\420d7c7d,eng ENG,DF,Leeds United,30-191,1991,17,2.59,1.53,1.41,1.35,4.82,7.59,5.06,1.12,2.06,2,4.59,2.59,0.06
28,César Azpilicueta\53cad200,es ESP,DF,Chelsea,32-188,1989,15.4,2.79,1.49,1.04,1.04,4.09,6.56,6.56,2.27,2.73,1.56,4.35,3.31,0
29,Daniel Bachmann\1c0eea98,at AUT,GK,Watford,27-238,1994,11,0,0,0,0,0,0,0,0,0,0,0,0,0
30,Leon Bailey\3a233281,jm JAM,FWMF,Aston Villa,24-207,1997,5.1,2.94,1.96,0.59,0.98,4.51,2.94,4.71,4.9,1.18,0.59,3.53,0.59,0
31,Eric Bailly\a1232f4e,ci CIV,DF,Manchester Utd,27-326,1994,2.4,3.33,1.25,0.42,0.42,3.75,5.83,2.5,0.42,2.08,3.33,6.67,4.17,0
32,Folarin Balogun\31822f8c,eng ENG,FW,Arsenal,20-244,2001,0.8,0,0,0,0,6.25,2.5,2.5,21.3,1.25,0,0,1.25,0
33,Patrick Bamford\93feac6e,eng ENG,FW,Leeds United,28-180,1993,5.1,0.39,0.2,0.2,0.39,6.27,0.78,8.04,9.61,1.18,0.59,0.98,1.57,0
34,Shandon Baptiste\2886c9b5,gd GRN,MF,Brentford,23-330,1998,9.4,0.96,0.64,0.32,1.06,6.7,6.28,9.68,4.57,1.28,1.7,2.66,1.06,0
35,Ross Barkley\3a24769f,eng ENG,MF,Chelsea,28-089,1993,1.7,0.59,0.59,0,0.59,1.76,0.59,5.29,2.94,0.59,1.18,1.76,0,0
36,Ashley Barnes\2691c772,eng ENG,FW,Burnley,32-125,1989,4.6,1.96,1.52,0.43,0.22,2.83,1.74,9.13,5.87,0.87,0.87,2.83,0.43,0
37,Harvey Barnes\3ea50f67,eng ENG,FWMF,Leicester City,24-085,1997,14.4,1.11,0.49,0.28,0.69,3.89,2.57,4.58,4.31,0.97,0.28,1.39,0.28,0
38,Lewis Bate\cd4256d3,eng ENG,MF,Leeds United,19-126,2002,0.5,2,0,0,6,8,6,18,4,0,4,6,2,0
39,Mads Bech Sørensen\30db8574,dk DEN,DF,Brentford,23-056,1999,4.2,1.19,0.95,0.71,0.24,3.1,3.57,2.62,0.71,0.48,1.9,3.1,3.33,0
40,Jan Bednarek\4115ce4e,pl POL,DF,Southampton,25-326,1996,19.2,1.25,0.73,0.52,0.89,2.71,4.17,3.7,0.21,2.03,3.18,4.43,5.99,0
41,Donny van de Beek\50dc94ce,nl NED,MF,Everton,24-320,1997,3.1,2.58,0.97,0.97,1.61,5.16,4.52,9.35,4.84,1.29,2.26,4.84,1.61,0
42,Donny van de Beek\50dc94ce,nl NED,MF,Manchester Utd,24-320,1997,0.8,6.25,3.75,1.25,0,7.5,6.25,7.5,6.25,2.5,2.5,8.75,2.5,0
43,Asmir Begović\7b4de647,ba BIH,GK,Everton,34-257,1987,1,0,0,0,0,0,0,0,0,0,0,0,1,0
44,Saïd Benrahma\5a04fd92,dz ALG,FWMF,West Ham,26-206,1995,17.6,1.48,0.97,0.68,0.97,3.58,4.49,8.01,3.01,0.91,0.45,1.93,0.28,0
45,Rodrigo Bentancur\3b8674e6,uy URU,MF,Tottenham,24-272,1997,2.8,2.86,2.14,1.79,1.07,7.5,9.64,12.1,2.5,2.86,1.79,4.64,0.71,0
46,Christian Benteke\ab070c55,be BEL,FW,Crystal Palace,31-091,1990,12.1,0.66,0.17,0.17,0.33,2.4,0.66,3.97,4.46,0.66,0.08,0.74,2.48,0.08
47,Jóhann Berg Guðmundsson\f72293fc,is ISL,MF,Burnley,31-128,1990,12.2,1.56,0.74,0.74,0.82,3.61,3.93,5.66,4.26,1.48,1.39,2.95,1.72,0
48,Steven Bergwijn\a29b1131,nl NED,FWMF,Tottenham,24-147,1997,5.2,0.58,0.38,0,0.96,1.73,2.12,5.38,5.38,0.77,0.77,1.35,1.54,0
49,Ryan Bertrand\01226327,eng ENG,DF,Leicester City,32-211,1989,3.7,2.43,1.08,1.08,0.27,6.76,10.8,6.49,2.97,2.97,0.81,3.24,1.89,0
50,Mads Bidstrup\407db0d5,dk DEN,MF,Brentford,21-007,2001,0.5,8,4,0,4,16,24,14,0,2,2,10,4,0
51,Yves Bissouma\6c203af0,ml MLI,MF,Brighton,25-186,1996,16.7,3.41,2.28,0.9,0.36,6.29,6.47,8.44,1.98,1.5,2.34,5.75,1.8,0
52,Jarrod Bowen\79c84d1c,eng ENG,FW,West Ham,25-074,1996,25.6,1.37,0.86,0.55,1.05,3.67,5.35,7.42,4.53,1.68,1.25,2.62,0.12,0
53,Jarrad Branthwaite\c1949191,eng ENG,DF,Everton,19-250,2002,1.6,1.88,1.25,0.63,1.88,6.25,8.13,3.13,0,1.88,1.25,3.13,3.75,0
54,Armando Broja\97220da2,al ALB,FW,Southampton,20-175,2001,14.5,0.69,0.62,0.07,0.62,5.31,1.79,5.93,9.86,0.83,0.69,1.38,0.41,0
55,Josh Brownhill\47369df8,eng ENG,MF,Burnley,26-075,1995,20.4,1.96,1.08,0.34,0.98,4.9,5.15,7.75,2.99,1.67,2.6,4.56,1.32,0
56,Bryan\7b5ab7f2,es ESP,FWMF,Tottenham,21-021,2001,1,4,3,3,3,12,10,6,22,2,0,4,0,0
57,Emi Buendía\66b76d44,ar ARG,FWMF,Aston Villa,25-069,1996,15.9,2.64,1.64,0.94,1.26,5.22,5.03,9.5,5.85,1.01,0.88,3.52,0.31,0
58,Dan Burn\b2d31e83,eng ENG,DF,Brighton,29-299,1992,11.4,2.11,1.32,0.53,1.05,4.04,5.35,5.61,1.4,2.54,2.72,4.82,4.56,0.18
59,Dan Burn\b2d31e83,eng ENG,DF,Newcastle Utd,29-299,1992,3,1.67,0.67,0.33,0.33,3.67,6,5,0.33,2.67,1.33,3,7.67,0
60,Jack Butland\cc70a1d5,eng ENG,GK,Crystal Palace,28-359,1993,5.5,0,0,0,0,0,0,0,0,0,0,0,0,0
61,Sam Byram\1bf811d4,eng ENG,DFMF,Norwich City,28-169,1993,2,2.5,2,1,0.5,6.5,5.5,12,3.5,2.5,4,6.5,3.5,0
62,Willy Caballero\a179d516,ar ARG,GK,Southampton,40-157,1981,2,0,0,0,0,0,0,0,0,0,0,0,0.5,0
63,Dominic Calvert-Lewin\59e6e5bf,eng ENG,FW,Everton,24-353,1997,7.5,1.2,0.93,0.13,0.13,2.53,0.8,5.6,5.73,0.8,0.67,1.87,1.07,0
64,João Cancelo\bd6351cd,pt POR,DF,Manchester City,27-281,1994,24.9,2.29,1.41,1,1.33,3.09,2.89,3.86,2.57,1.37,2.17,4.46,1.73,0
65,Sergi Canós\1137759d,es ESP,DF,Brentford,25-030,1997,21.1,2.7,1,1.14,1.66,4.79,8.58,7.49,3.46,1.61,1.47,4.17,1.61,0
66,Todd Cantwell\f63d8a4b,eng ENG,FWMF,Norwich City,24-005,1998,4.9,3.06,2.24,0.82,2.04,5.1,7.96,9.39,4.29,0.41,0.82,3.88,0.61,0
67,Matty Cash\2389cdc2,pl POL,DF,Aston Villa,24-209,1997,24.5,2.9,1.31,1.31,0.86,4.2,7.51,5.84,1.47,2.37,2.61,5.51,2.57,0
68,Timothy Castagne\197640fd,be BEL,DF,Leicester City,26-089,1995,14.1,2.62,0.78,1.06,1.06,4.26,6.81,6.88,1.7,2.41,1.77,4.4,2.91,0.14
69,Jonny Castro\e28868f3,es ESP,DF,Wolves,28-001,1994,0.3,10,10,6.67,0,6.67,16.7,6.67,0,3.33,0,10,0,0
70,Craig Cathcart\89e4b358,nir NIR,DF,Watford,33-026,1989,22.3,1.3,0.63,0.63,0.63,2.02,4.48,1.79,0.13,2.02,1.39,2.69,4.89,0.04
71,Edinson Cavani\527f063d,uy URU,FW,Manchester Utd,35-018,1987,6.7,0.6,0.3,0.45,0.45,4.18,1.94,4.63,4.78,1.04,1.04,1.64,0.75,0
72,Kayky Chagas\17734ea0,br BRA,FW,Manchester City,18-266,2003,0.1,0,0,0,0,0,10,10,10,0,0,0,0,0
73,Trevoh Chalobah\5515376c,eng ENG,DF,Chelsea,22-242,1999,10.1,2.38,1.39,1.19,0.59,3.96,3.96,6.04,0.99,1.58,2.67,5.05,3.76,0.1
74,Calum Chambers\dc6f5bdd,eng ENG,DF,Aston Villa,27-043,1995,2,1.5,1,1,0.5,2.5,3,5,0.5,2,0,1.5,9.5,0
75,Calum Chambers\dc6f5bdd,eng ENG,DF,Arsenal,27-043,1995,1.9,1.05,0.53,0.53,1.05,2.63,9.47,2.63,0.53,5.79,1.58,2.63,3.68,0.53
76,Ben Chilwell\d2424d1b,eng ENG,DF,Chelsea,25-073,1996,6,1.67,0.83,0,0.83,5.17,5.67,6,3.67,1.67,1,2.67,2.5,0.17
77,Chiquinho\dc6c2f02,pt POR,MF,Wolves,22-027,2000,0.3,3.33,3.33,3.33,0,10,10,10,6.67,6.67,0,3.33,3.33,0
78,Hamza Choudhury\7d2d3329,eng ENG,MFDF,Leicester City,24-154,1997,2.5,2.8,0.4,0.8,0.8,2,5.2,8.4,1.2,2,4.8,7.6,3.2,0
79,Andreas Christensen\1cb49278,dk DEN,DF,Chelsea,25-328,1996,12.1,0.83,0.74,0.33,0.33,3.47,5.54,3.22,0.58,2.07,3.88,4.71,5.54,0
80,Carney Chukwuemeka\b2f9c73e,eng ENG,MFFW,Aston Villa,18-056,2004,2.2,0.91,0.45,0.91,1.36,5.91,6.82,13.2,4.09,0.91,1.36,2.27,0.45,0
81,Ciaran Clark\2b91cf8e,ie IRL,DF,Newcastle Utd,32-159,1989,11.3,1.5,1.15,0.8,0.53,2.39,4.69,1.68,0.35,1.24,1.24,2.74,4.34,0
82,Tom Cleverley\6cdd8245,eng ENG,MF,Watford,32-204,1989,13.4,1.57,1.19,0.37,1.27,5.52,5.22,10.3,4.18,1.79,1.49,3.06,0.82,0
83,Nathaniel Clyne\0442183b,eng ENG,DF,Crystal Palace,30-333,1991,4,2.25,1.25,0.75,1,4.25,4.75,5.25,0.75,1,2.75,5,2,0
84,Conor Coady\2928dca2,eng ENG,DF,Wolves,29-007,1993,25.8,0.93,0.58,0.39,0.39,2.02,3.76,1.59,0.19,1.59,1.12,2.05,4.11,0
85,Séamus Coleman\0420d84f,ie IRL,DF,Everton,33-144,1988,18.6,3.12,1.72,1.4,0.86,4.46,5.59,5,1.94,1.77,2.04,5.16,2.26,0.05
86,Nathan Collins\a8c19eb8,ie IRL,DF,Burnley,20-308,2001,6.6,2.12,1.67,0.3,0.61,3.48,6.06,2.12,0.61,3.03,2.42,4.55,5.45,0
87,Aaron Connolly\27c01749,ie IRL,FW,Brighton,22-035,2000,1.7,0,0,0,0.59,2.94,2.35,6.47,7.06,1.18,0,0,0,0
88,Liam Cooper\dc64b8b3,sct SCO,DF,Leeds United,30-186,1991,14.2,2.04,0.92,0.85,0.63,4.01,6.62,4.3,0.21,1.83,1.83,3.87,5.99,0.14
89,Jack Cork\74e12f1e,eng ENG,MF,Burnley,32-252,1989,9.8,0.92,0.41,0.41,1.53,5,4.49,9.69,4.59,1.53,1.94,2.86,1.53,0
90,Maxwel Cornet\beb391dd,ci CIV,FWMF,Burnley,25-158,1996,10.9,1.19,0.73,0.18,0.37,4.68,2.57,7.06,5.87,0.46,0.64,1.83,0.92,0
91,Hélder Costa\f13d02a6,ao ANG,MF,Leeds United,28-051,1994,0.2,0,0,0,10,10,5,25,15,0,0,0,0,0
92,Vladimír Coufal\fdf3cb77,cz CZE,DF,West Ham,29-194,1992,18.7,1.98,1.02,0.64,0.91,3.64,6.1,4.44,2.41,2.03,1.44,3.42,3.05,0
93,Philippe Coutinho\0ef89a37,br BRA,FWMF,Aston Villa,29-265,1992,4.9,0.41,0.41,0.2,0.2,3.67,2.86,6.73,3.06,0.82,0.2,0.61,0.2,0
94,Aaron Cresswell\4f974391,eng ENG,DF,West Ham,32-079,1989,19.7,1.27,0.71,0.61,0.46,2.34,3.45,2.44,0.91,1.47,1.52,2.79,2.44,0
95,Charlie Cresswell\4654e5f5,eng ENG,DF,Leeds United,19-087,2002,1.1,3.64,1.82,0.91,0,3.64,9.09,10,0,0.91,2.73,6.36,5.45,0
96,Cucho\71b47ab9,co COL,FWMF,Watford,22-318,1999,8.3,0.6,0.24,0.12,2.17,4.34,5.54,7.71,6.27,1.33,0.84,1.45,0.6,0
97,Marc Cucurella\1daec722,es ESP,DF,Brighton,23-225,1998,22.3,2.47,1.57,1.39,0.94,5.47,6.37,6.82,2.69,2.15,1.93,4.39,1.7,0
98,Luke Cundle\cc3b8e78,eng ENG,MF,Wolves,19-312,2002,0.9,1.11,1.11,1.11,0,1.11,7.78,11.1,2.22,0,2.22,3.33,1.11,0
99,Patson Daka\ca45605e,zm ZAM,FW,Leicester City,23-146,1998,8.3,1.08,0.6,0,0.72,5.06,1.45,7.59,6.87,0.48,0.12,1.2,0.72,0
100,Stuart Dallas\67ca8566,nir NIR,DFMF,Leeds United,30-319,1991,24.9,2.57,1.16,1.45,1.81,4.62,7.35,6.02,1.61,1.77,2.29,4.86,2.29,0
101,Diogo Dalot\d9565625,pt POR,DF,Manchester Utd,22-351,1999,11.1,2.61,1.35,1.35,0.81,3.69,4.95,4.5,2.25,1.08,2.52,5.14,3.33,0
102,Karl Darlow\cde3309f,eng ENG,GK,Newcastle Utd,31-147,1990,8,0,0,0,0,0,0,0,0,0,0,0,0.13,0
103,Josh Dasilva\60344e4f,eng ENG,MFFW,Brentford,23-132,1998,1.5,2,0.67,0.67,0,2.67,7.33,10,3.33,5.33,1.33,3.33,3.33,0
104,Ben Davies\44781702,wls WAL,DF,Tottenham,28-314,1993,15.3,1.83,0.78,0.52,0.98,3.59,5.88,3.66,1.9,1.63,1.7,3.53,2.88,0
105,Tom Davies\9228b07c,eng ENG,MF,Everton,23-247,1998,1.8,2.22,1.11,0.56,1.67,6.67,8.33,8.89,5,1.67,2.22,4.44,1.67,0
106,Keinan Davis\9deaf2c8,eng ENG,FW,Aston Villa,24-019,1998,0.1,0,0,0,0,0,0,0,10,0,0,0,0,0
107,Craig Dawson\3e9e06cb,eng ENG,DF,West Ham,31-302,1990,20.9,0.96,0.57,0.33,0.53,2.06,3.49,2.15,0.43,1.67,1,1.96,4.64,0.05
108,Kevin De Bruyne\e46012d4,be BEL,MF,Manchester City,30-249,1991,15.2,1.12,0.66,0.53,1.45,4.67,2.17,6.38,7.3,1.84,0.59,1.71,0.79,0
109,Troy Deeney\82e34b69,eng ENG,FW,Watford,33-248,1988,0.3,0,0,0,3.33,6.67,3.33,6.67,13.3,0,0,0,10,0
110,Liam Delap\dd897ee7,eng ENG,FW,Manchester City,19-024,2003,0.1,0,0,0,10,0,0,10,10,0,0,0,0,0
111,Fabian Delph\111c3236,eng ENG,MF,Everton,32-103,1989,2.8,3.57,2.14,1.43,2.5,5.36,6.07,13.9,2.14,1.07,4.64,8.21,1.43,0
112,Leander Dendoncker\5a7301ae,be BEL,MF,Wolves,26-323,1995,13.8,2.32,1.16,0.8,1.09,5.94,9.13,10.2,2.17,2.68,1.45,3.77,1.88,0
113,Emmanuel Dennis\2c44a35d,ng NGA,FWMF,Watford,24-109,1997,21.2,1.65,0.99,0.42,1.08,5.14,4.53,8.44,7.26,1.23,0.61,2.26,0.38,0
114,Kiernan Dewsbury Hall\5c74c0f5,eng ENG,MF,Leicester City,23-179,1998,10.8,2.22,1.48,0.74,1.02,4.72,9.07,7.41,2.96,2.13,1.85,4.07,1.76,0
115,Ibrahima Diallo\11ff3d56,fr FRA,MF,Southampton,22-361,1999,8.2,2.44,1.59,0.61,1.59,6.22,6.46,9.88,3.66,0.73,1.22,3.66,0.85,0
116,Raphael Dias Belloli\3423f250,br BRA,MFFW,Leeds United,25-080,1996,22,1.64,0.68,0.55,1.36,3.32,3.55,6.09,4.68,1.77,1.45,3.09,0.77,0
117,Rúben Dias\31c69ef1,pt POR,DF,Manchester City,24-294,1997,23.7,1.27,1.05,0.3,0.38,2.66,2.19,2.95,0.72,1.05,1.35,2.62,2.95,0.04
118,Luis Díaz\4a1a9578,co COL,FW,Liverpool,25-050,1997,2.9,1.03,1.03,0,1.38,6.9,1.72,5.17,8.28,1.72,0.34,1.38,0,0
119,Eric Dier\ac861941,eng ENG,DF,Tottenham,28-048,1994,21.1,0.71,0.33,0.09,0.24,1.85,2.84,1.99,0.28,1.61,1.56,2.27,5.17,0
120,Lucas Digne\1b84dbe1,fr FRA,DF,Everton,28-227,1993,13,2.69,1.31,1.69,0.62,3.31,6.15,3.85,2.38,2.15,2.38,5.08,2.31,0
121,Lucas Digne\1b84dbe1,fr FRA,DF,Aston Villa,28-227,1993,6,1.33,0.67,0.33,0.33,2,5.67,3,2.5,1.17,1.5,2.83,3.17,0
122,Virgil van Dijk\e06683ca,nl NED,DF,Liverpool,30-239,1991,24,0.63,0.38,0.33,0.04,1.04,1.71,1.29,0.21,1,1.63,2.25,4.42,0
123,Issa Diop\a712ca2b,fr FRA,DF,West Ham,25-054,1997,9,1,0.33,0.22,0.78,2.56,4,2.33,0.11,1.67,1.33,2.33,4,0
124,Moussa Djenepo\254147d4,ml MLI,MF,Southampton,23-262,1998,4.8,2.71,1.67,1.04,1.25,5.21,9.58,7.5,3.75,1.88,1.88,4.58,0.63,0
125,Lewis Dobbin\e814e1cf,eng ENG,FWMF,Everton,19-060,2003,0.4,5,5,0,5,12.5,10,17.5,20,0,2.5,7.5,0,0
126,Matt Doherty\d557d734,ie IRL,DFMF,Tottenham,30-047,1992,4.6,1.96,1.09,0.87,0.87,3.7,5.22,6.52,0.65,3.26,2.61,4.57,2.17,0
127,Gabriel Dos Santos\67ac5bb8,br BRA,DF,Arsenal,24-075,1997,20.4,1.81,1.18,0.64,0.34,2.55,3.87,2.3,0.34,1.42,1.27,3.09,3.87,0.15
128,Abdoulaye Doucouré\02b29014,fr FRA,MF,Everton,29-062,1993,16.7,2.34,1.38,1.08,1.5,6.23,8.74,9.58,4.07,1.26,1.74,4.07,1.26,0
129,Kieran Dowell\2f6ec02a,eng ENG,FWMF,Norwich City,24-145,1997,4,2.5,1,1.25,2.25,6,7.75,13,9.25,1.25,0.25,2.75,0.5,0
130,Cody Drameh\e0d1510a,eng ENG,DF,Leeds United,20-086,2001,1.4,4.29,2.14,1.43,1.43,5.71,11.4,7.14,2.14,1.43,2.14,6.43,1.43,0
131,Martin Dúbravka\3a949a25,sk SVK,GK,Newcastle Utd,33-048,1989,13,0,0,0,0,0.08,0.23,0,0,0,0,0,0,0
132,Shane Duffy\7314bba4,ie IRL,DF,Brighton,30-062,1992,14,0.86,0.5,0.29,0.57,1.07,3.29,1.71,0.21,2.07,1.14,2,6,0
133,Paul Dummett\3fe6bd8c,wls WAL,DF,Newcastle Utd,30-159,1991,2.2,3.64,1.82,1.82,1.36,5.45,6.36,6.36,1.36,1.36,1.82,5.45,4.55,0.45
134,Lewis Dunk\282f75f3,eng ENG,DF,Brighton,30-103,1991,16.6,1.08,0.54,0.3,0.24,2.23,3.19,2.05,0.36,1.51,1.69,2.77,4.1,0
135,Ederson\3bb7b8b4,br BRA,GK,Manchester City,28-199,1993,26,0,0,0,0,0,0.12,0,0,0,0,0,0,0.04
136,Odsonne Édouard\0562b7f1,fr FRA,FW,Crystal Palace,24-047,1998,13.8,1.09,0.8,0.14,1.16,6.16,2.61,8.55,8.55,1.3,0.58,1.67,0.87,0
137,Anthony Elanga\2fba6108,se SWE,FW,Manchester Utd,19-311,2002,5.2,1.92,1.35,0.19,1.73,6.35,5,9.42,5.38,1.73,0.96,2.88,0.38,0
138,Harvey Elliott\c8387671,eng ENG,MF,Liverpool,18-334,2003,3.1,0.32,0.32,0,1.94,5.16,5.48,13.5,5.81,2.58,0.97,1.29,1.29,0
139,Mohamed Elneny\47a34c4f,eg EGY,MF,Arsenal,29-236,1992,2,1.5,1,0.5,0.5,3.5,6,4.5,1,1,2.5,4,1,0
140,Mohamed Elyounoussi\68dc0dac,no NOR,MF,Southampton,27-212,1994,14.3,1.89,1.33,0.42,0.56,6.08,5.73,9.72,4.27,1.82,0.84,2.73,1.05,0
141,Emerson\df8b52a5,br BRA,DF,Tottenham,23-049,1999,16.6,3.73,1.69,1.2,1.57,5.6,10.8,7.59,3.37,2.29,1.75,5.48,3.31,0
142,Christian Eriksen\980522ec,dk DEN,MF,Brentford,30-018,1992,0.4,2.5,2.5,0,2.5,2.5,5,10,0,0,0,2.5,0,0
143,Oghenekaro Etebo\b579e83d,ng NGA,MF,Watford,26-115,1995,4.1,2.93,2.44,0.98,0.73,5.37,6.83,7.56,0.73,1.22,1.71,4.63,1.46,0
144,Jonny Evans\f8fcd2a5,nir NIR,DF,Leicester City,34-060,1988,8.4,1.55,0.71,0.83,0.71,2.62,4.4,2.38,0.36,1.79,2.62,4.17,3.21,0
145,Eberechi Eze\ae4fc6a4,eng ENG,MFFW,Crystal Palace,23-248,1998,1.6,2.5,1.25,1.88,0,5.63,2.5,8.75,5,1.25,1.88,4.38,0,0
146,Łukasz Fabiański\9328b835,pl POL,GK,West Ham,36-320,1985,26,0,0,0,0,0,0,0,0,0,0,0,0,0
147,Fabinho\7f3b388c,br BRA,MF,Liverpool,28-132,1993,17.9,2.18,1.4,0.73,1.68,5.08,4.53,8.88,2.23,1.96,2.46,4.64,1.45,0
148,Kiko Femenía\e5d01ecf,es ESP,DF,Watford,31-030,1991,15.5,2.06,1.42,1.1,0.77,3.29,4.84,3.61,1.35,2,2.84,4.9,2.84,0
149,Evan Ferguson\4596da74,ie IRL,MF,Brighton,17-136,2004,0.3,0,0,0,0,0,0,0,3.33,0,0,0,0,0
150,Nathan Ferguson\2f8d27bc,eng ENG,DF,Crystal Palace,21-149,2000,0.1,0,0,0,0,0,10,0,0,0,0,0,0,0
151,Bruno Fernandes\507c7bdf,pt POR,MF,Manchester Utd,27-177,1994,24.6,1.71,1.34,0.81,1.3,5.28,3.33,9.27,5.77,0.89,1.22,2.93,1.1,0.08
152,Álvaro Fernández\f127d782,es ESP,GK,Brentford,23-325,1998,12,0,0,0,0,0,0,0,0,0,0,0,0,0.17
153,Federico Fernández\f25b010f,ar ARG,DF,Newcastle Utd,33-011,1989,5.8,0.17,0.17,0,1.03,0.69,3.62,1.55,0.52,1.9,2.24,2.41,3.97,0
154,Fernandinho\101da2b5,br BRA,MF,Manchester City,36-304,1985,6.8,2.21,1.47,0.44,1.32,3.82,3.82,7.79,1.47,0.59,1.03,3.24,1.47,0
155,Roberto Firmino\4c370d81,br BRA,FW,Liverpool,30-153,1991,8.4,2.26,1.55,0.12,0.83,6.55,2.5,8.81,7.74,1.55,0.24,2.5,0.24,0
156,Junior Firpo\24f59bb2,es ESP,DF,Leeds United,25-194,1996,12.8,3.59,1.95,1.56,1.25,5.08,8.52,6.25,2.66,1.88,1.95,5.55,2.5,0
157,Ashley Fletcher\eeb6551f,eng ENG,FW,Watford,26-153,1995,0.3,6.67,6.67,3.33,0,3.33,16.7,10,3.33,3.33,0,6.67,0,0
158,Phil Foden\ed1e53f3,eng ENG,FW,Manchester City,21-280,2000,15.9,0.63,0.44,0.25,0,5.03,1.95,5.53,9.81,0.57,0.82,1.45,0,0
159,Pablo Fornals\82927de4,es ESP,FWMF,West Ham,26-010,1996,21.7,1.89,1.24,1.01,2.12,6.27,5.99,9.49,5.9,1.43,1.57,3.46,0.41,0
160,Adam Forshaw\9f1938ab,eng ENG,MF,Leeds United,30-147,1991,13,2.92,1.46,1.08,1.62,6.38,6.92,12.6,3.92,1.23,2,4.92,1,0.08
161,Marcus Forss\82c215a0,fi FIN,FWMF,Brentford,22-259,1999,2.3,1.74,0.87,0.87,0.87,9.13,4.78,12.6,13,1.3,0.87,2.61,0,0
162,Fraser Forster\c3e39f12,eng ENG,GK,Southampton,33-352,1988,9,0,0,0,0.11,0.11,0.22,0,0,0,0,0,0.22,0.11
163,Ben Foster\d0b3ceb9,eng ENG,GK,Watford,38-335,1983,15,0,0,0,0.2,0,0.2,0,0,0,0,0,0.2,0
164,Ryan Fraser\d56543a0,sct SCO,MFFW,Newcastle Utd,28-008,1994,12.2,0.98,0.33,0.33,0.57,2.62,2.38,3.85,3.77,0.74,1.15,2.13,0.66,0
165,Fred\b853e0ad,br BRA,MF,Manchester Utd,28-364,1993,17.6,3.12,1.82,0.85,2.39,7.1,8.75,13.6,3.07,1.76,1.99,5.11,1.53,0
166,Ryan Fredericks\c067631c,eng ENG,DF,West Ham,29-145,1992,1,1,1,0,1,2,4,2,1,3,2,3,3,0
167,Leo Fuhr Hjelde\d102b8a2,no NOR,DF,Leeds United,18-190,2003,1.7,2.35,1.18,1.76,0,6.47,7.65,7.06,2.94,1.76,2.35,4.71,4.71,0
168,Conor Gallagher\c2731c10,eng ENG,MF,Crystal Palace,22-026,2000,22.4,2.5,1.65,0.45,1.43,7.37,6.56,11.3,5.89,1.61,1.16,3.66,0.89,0
169,Dwight Gayle\e58a03c6,eng ENG,FW,Newcastle Utd,31-138,1990,0.3,3.33,0,0,0,10,3.33,30,6.67,0,0,3.33,0,0
170,Jean-Philippe Gbamin\6bd603db,ci CIV,MF,Everton,26-160,1995,0.7,2.86,1.43,0,1.43,10,11.4,4.29,4.29,0,0,2.86,1.43,0
171,David de Gea\7ba6d84e,es ESP,GK,Manchester Utd,31-117,1990,27,0,0,0,0,0,0,0,0,0,0,0,0,0
172,Joe Gelhardt\01962d0d,eng ENG,FW,Leeds United,19-304,2002,4.4,1.14,0.45,0.68,0.91,8.18,2.73,11.1,10.2,0.91,0.45,1.59,0.23,0
173,Anwar El Ghazi\ffa90327,nl NED,FW,Everton,26-305,1995,0.1,10,10,10,0,30,20,30,50,20,10,20,0,0
174,Anwar El Ghazi\ffa90327,nl NED,FWMF,Aston Villa,26-305,1995,4.3,0.7,0.7,0.47,0.93,4.19,1.63,5.58,3.95,1.16,0.47,1.16,0.47,0
175,Saman Ghoddos\f7b1d4e0,ir IRN,MFDF,Brentford,28-179,1993,4.8,2.71,1.46,1.46,0.83,4.58,6.04,8.96,5.42,1.46,1.04,3.75,1.88,0
176,Dimitris Giannoulis\112c495e,gr GRE,DF,Norwich City,26-138,1995,6.1,2.62,1.15,1.64,0.33,3.93,7.7,4.59,2.62,3.61,2.95,5.57,1.97,0
177,Morgan Gibbs-White\32f60ed8,eng ENG,FWMF,Wolves,22-036,2000,0.1,0,0,0,0,0,10,10,10,10,0,0,0,0
178,Ben Gibson\bcfb0142,eng ENG,DF,Norwich City,29-048,1993,21.7,0.74,0.55,0.23,0.18,1.89,3.23,1.98,0.23,1.94,1.57,2.3,5.9,0
179,Billy Gilmour\df10e27c,sct SCO,MF,Norwich City,20-266,2001,14.9,2.35,1.21,0.87,1.34,4.83,9.06,11.4,2.89,1.01,1.68,4.03,1.81,0
180,Ben Godfrey\9f7c837d,eng ENG,DF,Everton,24-048,1998,16.5,2.42,1.09,0.73,0.73,4.3,6.55,5.27,1.09,2.36,2.48,4.91,3.64,0.12
181,André Gomes\1961b2aa,pt POR,MF,Everton,28-217,1993,5.6,2.5,1.61,1.07,2.14,8.39,9.82,13.2,5.54,1.25,1.07,3.57,0.36,0
182,Toti Gomes\f0caab96,pt POR,DF,Wolves,23-047,1999,2,3,1,1,0.5,4.5,7.5,2.5,0.5,2,3,6,6,0
183,Joe Gomez\7a11550b,eng ENG,DF,Liverpool,24-285,1997,1.2,0,0,0,1.67,3.33,1.67,6.67,1.67,0.83,4.17,4.17,3.33,0
184,Charlie Goode\7aee4dd3,eng ENG,DF,Brentford,26-213,1995,5,1.6,1,0.8,0,3,4,2.6,0.6,1,1,2.6,2.4,0
185,Anthony Gordon\2bd83368,eng ENG,MFFW,Everton,21-008,2001,13.7,2.7,1.68,0.95,1.9,6.06,5.55,10.3,6.2,2.26,1.61,4.31,0.29,0
186,Kaide Gordon\19a9cb70,eng ENG,FW,Liverpool,17-150,2004,0.1,10,0,10,0,30,0,10,50,0,0,10,0,0
187,Dan Gosling\7fec31a0,eng ENG,MF,Watford,32-031,1990,0.2,0,0,0,20,5,10,15,0,0,0,0,5,0
188,Demarai Gray\4468ec10,eng ENG,MFFW,Everton,25-249,1996,17.2,1.22,0.76,0.52,0.47,3.95,2.44,5.06,4.42,1.1,0.64,1.86,0.41,0.06
189,Jack Grealish\b0b4fd3e,eng ENG,FW,Manchester City,26-175,1995,14.1,0.78,0.57,0.14,0.35,5.18,1.63,4.4,7.38,0.64,0.5,1.28,0.21,0
190,Mason Greenwood\58eee997,eng ENG,FWMF,Manchester Utd,20-154,2001,14.1,1.21,0.64,0.43,0.5,2.84,2.48,4.18,4.18,0.35,0.28,1.49,0.35,0
191,Sam Greenwood\f3354c07,eng ENG,MF,Leeds United,20-037,2002,0.1,0,0,0,0,0,0,20,10,0,0,0,0,0
192,Pascal Groß\8aec0537,de GER,MFDF,Brighton,30-262,1991,13,1.69,1.23,0.85,1.08,4.69,5.77,5.23,4,2,0.77,2.46,1.38,0
193,Vicente Guaita\ab13a5aa,es ESP,GK,Crystal Palace,35-053,1987,21.5,0,0,0,0,0,0.05,0,0,0,0,0,0,0.05
194,Marc Guéhi\d0706b27,eng ENG,DF,Crystal Palace,21-234,2000,26,1,0.81,0.35,0.19,2.77,4,2.08,0.35,1.38,1.69,2.69,4,0
195,Bruno Guimarães\82518f62,br BRA,MF,Newcastle Utd,24-108,1997,0.4,10,7.5,2.5,2.5,20,20,35,10,7.5,0,10,2.5,0
196,İlkay Gündoğan\819b3158,de GER,MF,Manchester City,31-131,1990,14.9,1.01,0.4,0.4,0.74,2.48,2.55,4.43,2.35,0.87,1.07,2.08,0.54,0
197,Angus Gunn\e082af5b,eng ENG,GK,Norwich City,26-041,1996,7,0,0,0,0,0,0.29,0,0,0,0,0,0.14,0
198,Grant Hanley\e9254eec,sct SCO,DF,Norwich City,30-104,1991,21.2,1.93,1.51,0.52,0.38,3.63,6.27,2.31,0.19,2.08,1.93,3.87,5.71,0.05
199,Jack Harrison\aa849a12,eng ENG,FWMF,Leeds United,25-104,1996,19,1.63,1,1,1.11,4.11,4.89,6.21,4.84,2.11,1.11,2.74,1,0
200,Kortney Hause\bf8fad51,eng ENG,DF,Aston Villa,26-231,1995,4.4,0.91,0.91,0.45,0,4.77,6.82,3.64,0.23,2.27,2.05,2.95,4.32,0
201,Kai Havertz\fed7cb61,de GER,FWMF,Chelsea,22-266,1999,11.5,1.39,0.78,0.17,0.52,5.22,1.57,7.04,8.52,2.09,0.43,1.83,1.74,0
202,Isaac Hayden\c951a6df,eng ENG,MFDF,Newcastle Utd,26-347,1995,11.1,3.06,1.62,0.72,1.35,4.77,6.94,8.65,1.89,1.98,1.8,4.86,2.7,0
203,Hwang Hee-chan\169fd162,kr KOR,FWMF,Wolves,26-037,1996,13.1,1.6,0.69,0.84,1.3,3.44,3.28,6.87,4.05,0.76,0.92,2.52,0.53,0.08
204,Jordan Henderson\935e6b8f,eng ENG,MF,Liverpool,31-260,1990,19.3,1.19,0.88,0.47,0.93,5.28,3.47,8.81,3.11,1.19,1.71,2.9,0.57,0
205,Jeff Hendrick\989d5705,ie IRL,MF,Newcastle Utd,30-032,1992,0.8,1.25,1.25,1.25,0,2.5,2.5,13.8,3.75,0,0,1.25,1.25,0
206,Wayne Hennessey\76eca7e2,wls WAL,GK,Burnley,35-039,1987,2,0,0,0,0,0,0.5,0,0,0,0,0,0,0
207,Rico Henry\8a3c1dc7,eng ENG,DF,Brentford,24-239,1997,20.4,1.27,0.98,0.29,0.83,3.48,5.59,4.12,2.45,2.65,1.81,3.09,2.16,0
208,Son Heung-min\92e7e919,kr KOR,FWMF,Tottenham,29-239,1992,21.3,0.38,0.28,0.05,0.7,2.96,1.78,6.01,3.9,0.94,0.89,1.27,0.23,0
209,Ki-Jana Hoever\9a71e978,nl NED,DF,Wolves,20-045,2002,3.2,4.69,3.13,1.56,2.19,6.88,11.6,7.81,2.81,1.88,1.56,6.25,2.5,0
210,Rob Holding\d79a8c87,eng ENG,DF,Arsenal,26-165,1995,4.8,1.88,1.25,1.04,0.42,2.08,4.58,2.29,0.42,3.75,2.29,4.17,6.04,0
211,Mason Holgate\d0042ab9,eng ENG,DF,Everton,25-133,1996,11.8,1.78,0.85,0.51,0.85,3.47,5.76,3.39,0.85,1.44,2.29,4.07,5.68,0
212,Callum Hudson-Odoi\15f3ec41,eng ENG,FWMF,Chelsea,21-117,2000,10.7,1.21,0.56,0.28,1.12,3.55,2.24,7.2,5.33,1.21,0.47,1.68,0.47,0
213,Will Hughes\a0666d3e,eng ENG,MF,Crystal Palace,26-321,1995,9,2.67,1.44,0.44,1.22,5.56,6.44,10.4,1.89,1.89,1.56,4.22,1.22,0
214,Pierre Højbjerg\8b04d6c1,dk DEN,MF,Tottenham,26-211,1995,22.5,2.58,1.56,0.93,1.42,5.78,8.09,9.91,3.16,2.04,2.36,4.93,1.56,0
215,Adam Idah\291e3ec3,ie IRL,FWMF,Norwich City,20-358,2001,6.9,1.59,0.87,0.29,0.43,3.62,2.17,6.09,5.65,0.58,0.58,2.17,1.16,0
216,Kelechi Iheanacho\c92e1a31,ng NGA,FWMF,Leicester City,25-152,1996,7.1,1.27,0.7,0.56,0.7,5.21,1.55,9.01,7.32,0.85,0.56,1.83,0.42,0
217,Danny Ings\07802f7f,eng ENG,FW,Aston Villa,29-224,1992,14.5,1.03,0.41,0.34,0.62,3.93,2.41,7.24,8,1.45,0.9,1.93,0.83,0
218,Tim Iroegbunam\84c5ceea,,MF,Aston Villa,,,0.1,10,0,10,10,10,20,20,0,0,0,10,0,0
219,Alex Iwobi\6ca5ec4b,ng NGA,MFFW,Everton,25-305,1996,10.6,1.7,1.04,0.66,1.23,6.42,6.23,10.2,5.85,1.42,1.6,3.3,0.75,0
220,Daniel James\c931d9f9,wls WAL,FW,Manchester Utd,24-114,1997,1.4,2.86,2.86,0.71,0,5.71,3.57,9.29,9.29,1.43,0,2.86,0.71,0
221,Daniel James\c931d9f9,wls WAL,FWMF,Leeds United,24-114,1997,18.5,1.35,0.65,0.43,0.7,5.51,2.92,7.46,9.35,0.86,0.81,2.16,0.38,0
222,Reece James\1265a93a,eng ENG,DF,Chelsea,22-086,1999,12.4,1.77,1.13,0.48,1.05,5.08,5.48,5.24,2.66,1.37,1.21,2.98,0.89,0
223,Vitaly Janelt\8449d35e,de GER,MF,Brentford,23-298,1998,17.2,2.21,1.28,0.76,1.45,5.52,4.94,9.36,3.66,2.21,1.74,3.95,1.57,0
224,Pontus Jansson\172e52d8,se SWE,DF,Brentford,31-019,1991,26.9,0.93,0.59,0.41,0.56,1.86,3.27,1.75,0.3,1.52,1.93,2.86,5.2,0.04
225,Mathias Jensen\0f134faf,dk DEN,MF,Brentford,26-062,1996,12.5,2,1.76,1.12,2.32,7.44,9.92,12.2,4.08,1.68,2,4,0.8,0
226,Gabriel Jesus\b66315ae,br BRA,FW,Manchester City,24-335,1997,14.9,0.87,0.47,0.2,1.07,3.36,2.08,6.44,5.97,1.34,0.81,1.68,0.34,0
227,Raúl Jiménez\b561db50,mx MEX,FW,Wolves,30-303,1991,21.3,1.17,0.75,0.14,0.61,3.8,1.5,8.12,5.59,1.08,0.75,1.92,0.94,0
228,Joelinton\c17bfb65,br BRA,MFFW,Newcastle Utd,25-202,1996,18.9,2.96,1.96,0.9,0.95,6.83,6.93,9.79,5.34,2.43,1.75,4.71,1.59,0
229,Ben Johnson\9319781b,eng ENG,DF,West Ham,22-039,2000,10.4,2.5,1.44,1.44,0.87,4.71,5.96,3.85,2.4,3.56,1.54,4.04,3.08,0
230,Curtis Jones\4fb9c88f,eng ENG,MF,Liverpool,21-033,2001,7.1,1.55,0.99,0.42,0.7,6.34,3.8,13.2,6.34,0.42,0.99,2.54,0.14,0
231,Phil Jones\def899bd,eng ENG,DF,Manchester Utd,30-011,1992,1,3,3,2,1,2,3,7,1,3,2,5,3,0
232,Jorginho\45db685d,it ITA,MF,Chelsea,30-074,1991,17.8,2.81,1.8,0.79,2.47,6.4,7.13,9.44,2.87,1.74,2.47,5.28,0.79,0.06
233,Diogo Jota\178ae8f8,pt POR,FW,Liverpool,25-090,1996,18.4,1.25,0.82,0.33,1.3,5.76,3.42,8.59,8.26,0.92,0.65,1.9,0.33,0
234,James Justin\fb614c44,eng ENG,DF,Leicester City,24-009,1998,2.8,2.5,1.07,1.07,1.07,5,11.8,6.43,1.43,2.14,2.14,4.64,3.57,0
235,Mathias Jørgensen\0db5d2c8,dk DEN,DF,Brentford,31-315,1990,4.8,2.08,0.42,1.25,0.42,2.08,5.21,2.92,1.25,1.46,2.08,4.17,2.29,0
236,Ozan Kabak\2d61d13a,tr TUR,DF,Norwich City,21-344,2000,8.2,0.73,0.49,0,0.61,3.05,5.49,2.93,0.12,1.83,2.07,2.8,3.41,0
237,Christian Kabasele\914ab9a1,be BEL,DF,Watford,31-008,1991,3.6,0,0,0,0.28,1.11,3.33,0.83,0,2.78,3.61,3.61,4.44,0
238,Hassane Kamara\19a12bed,ci CIV,DF,Watford,27-166,1994,7.9,3.67,1.9,1.65,0.76,4.43,10.9,4.81,1.39,1.65,4.81,8.48,3.92,0
239,Harry Kane\21a66f6a,eng ENG,FW,Tottenham,28-219,1993,22.9,0.44,0.26,0.13,0.52,3.28,0.52,4.59,6.2,0.52,0.17,0.61,1.14,0
240,N'Golo Kanté\b9fbae28,fr FRA,MF,Chelsea,30-340,1991,11.5,2.78,1.48,0.96,1.13,5.83,5.57,8.78,3.65,1.65,2.26,5.04,0.87,0
241,Edo Kayembe\f99b71de,cd COD,MF,Watford,23-213,1998,4.3,2.09,1.63,0.7,0.93,5.12,5.81,7.21,0.93,1.63,1.86,3.95,2.79,0
242,Moise Kean\3d50bcdb,it ITA,FW,Everton,22-004,2000,0,0,0,0,0,0,0,0,0,0,0,0,0,0
243,Michael Keane\c5b7c315,eng ENG,DF,Everton,29-052,1993,23,1.48,1.09,0.74,0.57,2.87,3.87,2.39,0.48,1.74,2.26,3.74,4.61,0.09
244,Naby Keïta\f25c8e3a,gn GUI,MF,Liverpool,27-022,1995,7.5,3.73,2.4,1.73,1.47,8.53,5.47,12.5,6.53,1.6,1.2,4.93,0.27,0
245,Caoimhín Kelleher\62d7ef38,ie IRL,GK,Liverpool,23-101,1998,2,0,0,0,0,0,0,0,0,0,0,0,0,0
246,Jonjoe Kenny\099e666f,eng ENG,DF,Everton,24-354,1997,6,1.33,1.17,1,1.33,5,5.17,5.5,1.5,1.33,3.17,4.5,1.83,0
247,Max Kilman\d0f72bf1,eng ENG,DF,Wolves,24-285,1997,26,1.81,1.08,0.65,0.42,3.04,5.27,2.46,0.42,1.85,2.31,4.12,4.08,0
248,Joshua King\43458538,no NOR,FW,Watford,30-048,1992,21.3,1.27,0.85,0.19,0.47,5.45,2.86,8.45,8.08,0.8,0.52,1.78,1.08,0
249,Mateusz Klich\282679b4,pl POL,MF,Leeds United,31-264,1990,15.8,1.52,1.01,0.57,1.39,5.32,6.96,12.2,4.56,0.7,1.27,2.78,1.01,0
250,Robin Koch\ea6bc03a,de GER,MFDF,Leeds United,25-230,1996,8.3,0.96,0.48,0.36,0.84,4.34,6.27,7.11,1.08,1.2,2.65,3.61,3.01,0
251,Sead Kolašinac\3935e52e,ba BIH,DF,Arsenal,28-257,1993,1,1,1,0,0,3,7,3,2,2,4,5,8,0
252,Ibrahima Konaté\5ed9b537,fr FRA,DF,Liverpool,22-283,1999,7,1.29,0.86,0.43,0.29,2.29,4.29,2.14,0.29,1.43,2.86,4.14,5.14,0
253,Ezri Konsa\0313a347,eng ENG,DF,Aston Villa,24-132,1997,21,1,0.57,0.24,0.24,2.1,3.48,2.29,0.57,1.57,1.57,2.57,2.86,0.05
254,Cheikhou Kouyaté\8d3c902d,sn SEN,MF,Crystal Palace,32-073,1989,16.7,2.87,1.74,0.66,1.02,5.51,8.74,7.9,1.14,2.75,2.1,4.97,2.57,0
255,Mateo Kovačić\79c0821a,hr CRO,MF,Chelsea,27-302,1994,12.7,3.39,2.76,1.02,0.94,7.56,6.54,14,4.09,1.1,1.34,4.72,0.87,0.08
256,Emil Krafth\77cf6852,se SWE,DF,Newcastle Utd,27-214,1994,8.5,0.94,0.47,0.71,1.29,2.59,4.59,5.41,1.18,1.65,2.24,3.18,3.06,0
257,Alex Král\e717705a,cz CZE,MF,West Ham,23-289,1998,0,0,0,0,0,2,0,1,1,0,0,0,0,0
258,Tim Krul\f23f9d20,nl NED,GK,Norwich City,33-335,1988,19,0,0,0,0.05,0,0.26,0,0,0.05,0,0,0,0.05
259,Juraj Kucka\5aaef9ef,sk SVK,MF,Watford,35-006,1987,16.6,3.67,2.23,1.45,1.93,6.75,7.35,10,2.71,1.75,2.17,5.84,2.53,0.06
260,Dejan Kulusevski\df3cda47,se SWE,FWMF,Tottenham,21-313,2000,3.7,0.81,0.54,0.27,1.35,5.41,9.19,6.76,5.14,0.54,1.89,2.7,0.27,0
261,Alexandre Lacazette\9dbb75ca,fr FRA,FWMF,Arsenal,30-280,1991,13.4,1.49,0.97,0.45,0.52,5.6,2.46,6.12,9.78,0.82,0.75,2.24,0.22,0
262,Adam Lallana\99813635,eng ENG,MF,Brighton,33-298,1988,16.7,2.28,1.32,0.66,1.44,5.99,6.65,7.84,3.29,1.5,1.62,3.89,0.78,0
263,Tariq Lamptey\f4e433d4,eng ENG,DFFW,Brighton,21-155,2000,12.4,2.26,1.45,0.97,0.65,4.52,4.6,5.24,3.87,1.45,2.02,4.27,1.13,0
264,Manuel Lanzini\26f6dca8,ar ARG,MF,West Ham,29-017,1993,11.8,1.44,0.93,0.42,1.95,5.68,5.51,11.4,4.58,1.02,1.44,2.88,0.42,0
265,Aymeric Laporte\119b9a8e,es ESP,DF,Manchester City,27-281,1994,21.1,1,0.47,0.52,0.38,2.27,2.84,1.61,0.19,0.71,1,1.99,2.46,0.09
266,Jamaal Lascelles\450ab6fc,eng ENG,DF,Newcastle Utd,28-113,1993,17.8,0.79,0.39,0.17,0.45,2.19,3.76,2.19,0.28,2.19,1.52,2.3,6.35,0
267,Pierre Lees-Melou\f5044e54,fr FRA,MF,Norwich City,28-283,1993,15.7,3.12,1.85,1.21,2.36,6.24,10.6,11.5,3.76,1.97,1.53,4.65,0.7,0
268,Aaron Lennon\2ff964a0,eng ENG,MFFW,Burnley,34-322,1987,9.9,2.42,1.01,0.51,1.92,5.05,6.67,9.49,7.17,2.22,0.71,3.13,0.71,0
269,Bernd Leno\2628fd2b,de GER,GK,Arsenal,30-000,1992,3,0,0,0,0,0,0,0,0,0,0,0,0,0
270,Jamal Lewis\efb9215a,nir NIR,DF,Newcastle Utd,24-038,1998,2.9,3.79,2.07,1.03,0.34,4.83,8.62,2.76,3.1,1.72,2.07,5.86,2.07,0
271,Victor Lindelöf\f5deef4c,se SWE,DF,Manchester Utd,27-230,1994,17.1,0.94,0.47,0.47,0.23,2.16,2.51,2.34,0.41,1.58,2.16,3.1,5.09,0
272,Jesse Lingard\810e3c74,eng ENG,FW,Manchester Utd,29-079,1992,2,3,1.5,0.5,0,7.5,7,11,13,0.5,1,4,0.5,0
273,Valentino Livramento\afed6722,eng ENG,DF,Southampton,19-112,2002,20.2,2.08,1.14,0.89,0.84,4.7,7.13,5.25,1.63,1.83,2.97,5.05,2.28,0
274,Diego Llorente\bba30585,es ESP,DF,Leeds United,28-200,1993,17.6,1.59,1.08,0.68,0.8,4.83,7.5,5.06,0.57,2.44,2.39,3.98,3.92,0.06
275,Hugo Lloris\8f62b6ee,fr FRA,GK,Tottenham,35-068,1986,25,0,0,0,0.04,0.04,0.12,0.04,0,0,0,0,0,0.08
276,Giovani Lo Celso\d7553721,ar ARG,MFFW,Tottenham,25-329,1996,2.6,3.08,1.15,1.15,3.46,5.38,10,11.2,5.38,2.69,1.15,4.23,0,0
277,Jürgen Locadia\6cc47ae1,nl NED,FW,Brighton,28-117,1993,0.3,3.33,3.33,0,0,10,0,6.67,6.67,0,0,3.33,0,0
278,Ruben Loftus-Cheek\e97fd090,eng ENG,MF,Chelsea,26-040,1996,7.9,2.03,1.27,0.25,0.63,5.44,4.94,9.37,2.66,1.14,1.01,3.04,1.52,0
279,Shane Long\9f472354,ie IRL,FWMF,Southampton,35-041,1987,1.4,2.86,0.71,0,0,9.29,2.86,8.57,17.9,0.71,0,2.86,0.71,0
280,Sean Longstaff\a2b105e0,eng ENG,MF,Newcastle Utd,24-125,1997,10.9,3.76,2.48,1.47,2.66,7.25,11,12.3,3.67,1.93,1.38,5.14,1.56,0
281,Ademola Lookman\7c104bb7,eng ENG,FWMF,Leicester City,24-135,1997,12.3,2.44,1.38,0.73,1.06,5.69,5.77,9.92,5.28,1.3,1.38,3.82,0.16,0
282,Jonas Lössl\939bc634,dk DEN,GK,Brentford,33-031,1989,2,0,0,0,0,0,0,0,0,0,0,0,0,0
283,Imran Louza\e1df6989,ma MAR,MF,Watford,22-307,1999,8.4,2.74,1.79,0.95,1.9,6.19,8.45,10.2,2.86,1.07,2.5,5.24,1.07,0
284,Matthew Lowton\9a9c05db,eng ENG,DF,Burnley,32-268,1989,16.8,2.26,1.31,1.13,1.25,3.27,3.69,3.21,2.2,2.26,1.79,4.05,3.15,0
285,Douglas Luiz\6f7d826d,br BRA,MF,Aston Villa,23-299,1998,19.1,2.15,1.36,0.84,1.57,5.71,7.33,7.96,1.99,1.47,2.15,4.29,0.94,0
286,Romelu Lukaku\5eae500a,be BEL,FW,Chelsea,28-295,1993,13.1,0.15,0.08,0,0.23,2.9,0.46,3.28,5.04,0.31,0.08,0.23,1.22,0
287,Lyanco\b5bf1770,br BRA,DF,Southampton,25-031,1997,6.1,1.64,1.31,0.49,0.49,4.26,5.9,5.25,0,2.46,2.79,4.43,5.41,0
288,Alexis Mac Allister\83d074ff,ar ARG,MFFW,Brighton,23-070,1998,12.7,3.62,2.6,1.34,2.13,9.37,7.87,10.7,5.75,2.05,1.34,4.96,1.02,0
289,James Maddison\ee38d9c5,eng ENG,MFFW,Leicester City,25-101,1996,17.1,1.35,0.82,0.23,1.05,4.39,4.04,8.6,3.98,0.99,0.64,1.99,0.18,0
290,Harry Maguire\d8931174,eng ENG,DF,Manchester Utd,28-364,1993,20.7,1.26,0.68,0.43,0.53,2.08,4.06,1.69,0.1,1.5,1.59,2.85,4.69,0
291,Riyad Mahrez\892d5bb1,dz ALG,FW,Manchester City,31-011,1991,11.5,0.43,0.26,0.17,0.61,3.22,2,4.87,4.35,1.04,0.61,1.04,0.09,0
292,Ainsley Maitland-Niles\e3a5814e,eng ENG,MF,Arsenal,24-187,1997,3,2.33,1.33,0.33,1,5.67,6.33,8.33,3.33,1.67,1,3.33,1.33,0
293,Sadio Mané\c691bfe2,sn SEN,FW,Liverpool,29-328,1992,21.7,1.15,0.6,0.23,0.6,3.96,1.8,5.99,5.62,1.11,0.6,1.75,0.37,0
294,Javier Manquillo\758dd7f0,es ESP,DF,Newcastle Utd,27-303,1994,12.3,3.25,1.95,1.46,1.14,4.31,7.15,3.58,2.11,2.28,1.79,5.04,2.2,0
295,Fernando Marçal\9ae9eaea,br BRA,DF,Wolves,33-013,1989,12.2,2.46,1.64,0.98,1.15,4.75,8.61,5.08,2.13,2.79,1.97,4.43,3.61,0
296,Solly March\bb5fbd2b,eng ENG,DFFW,Brighton,27-227,1994,11.4,2.02,1.32,0.35,0.61,4.91,4.21,4.74,5.53,1.32,1.93,3.95,1.23,0
297,Pablo Marí\aa54ec6f,es ESP,DF,Arsenal,28-185,1993,2,3,1,2,2,2,4.5,4,1,3,3,6,5.5,0
298,Anthony Martial\8b788c01,fr FRA,FW,Manchester Utd,26-089,1995,2.4,0.42,0.42,0,0.42,4.58,2.5,3.75,5.42,1.25,0.42,0.83,0.83,0
299,Martinelli\48a5a5d6,br BRA,FWMF,Arsenal,20-259,2001,11.2,2.05,1.25,0.54,1.07,4.73,3.13,5.36,8.75,1.52,1.16,3.21,0.54,0
300,Emiliano Martínez\7956236f,ar ARG,GK,Aston Villa,29-183,1992,24,0,0,0,0.04,0,0.08,0,0,0,0,0,0.04,0.04
301,Adam Masina\de0f152c,ma MAR,DF,Watford,28-061,1994,9.6,2.08,1.04,0.83,1.56,4.06,6.35,6.15,1.88,2.4,2.08,4.17,3.85,0
302,Arthur Masuaku\57df7a11,cd COD,DFFW,West Ham,28-117,1993,5.6,5.18,3.04,1.96,1.61,6.25,8.57,6.96,1.43,1.61,2.86,8.04,2.14,0
303,Jean-Philippe Mateta\50e6dc35,fr FRA,FW,Crystal Palace,24-249,1997,5.8,0.69,0.52,0.34,1.38,3.45,1.9,9.31,5.52,0.52,0.34,1.03,1.9,0
304,Nemanja Matić\eb7822d7,rs SRB,MF,Manchester Utd,33-215,1988,9.3,1.94,1.4,0.75,1.18,3.98,5.48,7.31,0.86,1.94,1.72,3.66,2.04,0.11
305,Joël Matip\b217ef29,cm CMR,DF,Liverpool,30-208,1991,21,1.38,1.05,0.43,0.33,2.81,3.24,2.52,0.71,1.33,2.14,3.52,3.81,0.05
306,Neal Maupay\4bcf39f6,fr FRA,FW,Brighton,25-202,1996,20.4,0.74,0.44,0.2,0.44,5.78,1.52,7.45,11.2,0.98,0.44,1.18,0.15,0
307,Bryan Mbeumo\6afaebf2,fr FRA,FW,Brentford,22-209,1999,21.8,1.15,0.73,0.23,0.37,3.9,2.06,6.47,6.65,1.33,0.6,1.74,0.55,0
308,James McArthur\cee31595,sct SCO,MF,Crystal Palace,34-148,1987,12.9,2.48,1.78,1.16,1.71,8.14,7.67,12.9,3.26,2.33,1.86,4.34,2.4,0
309,James Mcatee\96593e89,eng ENG,MFFW,Manchester City,19-137,2002,0.2,0,0,0,10,10,10,0,35,0,5,5,0,0
310,Kasey McAteer\b2c66859,eng ENG,FW,Leicester City,20-102,2001,0,0,0,0,0,1,0,2,2,0,0,0,0,0
311,Liam McCarron\076bb352,sct SCO,FW,Leeds United,20-362,2001,0.1,0,0,0,0,0,20,0,10,0,0,0,0,0
312,Alex McCarthy\36c2ca73,eng ENG,GK,Southampton,32-091,1989,15,0,0,0,0,0,0,0,0,0,0,0,0,0
313,John McGinn\90f91999,sct SCO,MF,Aston Villa,27-137,1994,21.3,2.96,1.55,1.22,1.5,4.51,4.13,7.51,3.19,1.46,1.64,4.6,1.08,0
314,Stuart McKinstry\1000a059,sct SCO,MF,Leeds United,19-167,2002,0,0,0,0,0,1,1,0,0,0,0,0,0,0
315,Kenny McLean\471f16b3,sct SCO,MF,Norwich City,30-055,1992,23.3,1.55,0.9,0.6,1.59,3.65,6.87,7.68,2.45,1.03,1.67,3.22,1.89,0
316,Dwight McNeil\fc15fb84,eng ENG,MF,Burnley,22-102,1999,24,2.08,1,0.71,1.71,4.92,7.08,8.5,4.5,2.54,2.17,4.25,0.54,0
317,Scott McTominay\d93c2511,sct SCO,MF,Manchester Utd,25-086,1996,19.9,2.71,1.31,1.26,1.46,5.08,6.23,9.6,2.01,1.91,1.71,4.42,2.31,0
318,Ben Mee\8df7a2fb,eng ENG,DF,Burnley,32-162,1989,20.4,1.32,0.78,0.59,0.54,1.91,2.89,2.06,0.29,1.96,1.62,2.94,6.08,0
319,Benjamin Mendy\5271c8f1,fr FRA,DF,Manchester City,27-230,1994,0.9,3.33,1.11,2.22,2.22,2.22,3.33,8.89,1.11,0,0,3.33,3.33,0
320,Edouard Mendy\33887998,sn SEN,GK,Chelsea,30-003,1992,21,0,0,0,0.1,0.05,0.14,0,0,0,0,0,0,0.1
321,Illan Meslier\6b625ac2,fr FRA,GK,Leeds United,22-002,2000,26,0,0,0,0,0.08,0.19,0,0,0,0,0,0.08,0.04
322,Luka Milivojević\2ce2508a,rs SRB,MF,Crystal Palace,30-331,1991,7,2,1,1.14,1,5,6,7,1.86,0.86,0.86,2.86,2.14,0
323,James Milner\2f90f6b8,eng ENG,MFDF,Liverpool,36-059,1986,7,3.86,2.43,1.86,2.43,7.14,4,9.71,3.57,1.86,2.57,6.43,2.86,0
324,Yerry Mina\6d5701f2,co COL,DF,Everton,27-162,1994,7.2,1.94,1.25,0.97,0.69,3.19,5.69,2.08,0.42,1.94,0.69,2.64,5,0
325,Takumi Minamino\f833a830,jp JPN,FWMF,Liverpool,27-047,1995,1.1,1.82,1.82,0.91,4.55,16.4,2.73,20.9,12.7,0.91,0,1.82,0,0
326,Tyrone Mings\8397a50c,eng ENG,DF,Aston Villa,28-356,1993,22.4,0.89,0.49,0.31,0.31,1.65,3.08,1.83,0.71,2.32,2.37,3.26,5.31,0.09
327,Tyrick Mitchell\5cbd1eb0,eng ENG,DF,Crystal Palace,22-184,1999,26.9,3.31,1.64,1.41,0.59,6.43,11.1,5.8,2.79,2.08,2.19,5.5,2.42,0.04
328,Jakub Moder\f230bc30,pl POL,MFFW,Brighton,22-331,1999,18.1,2.1,1.49,0.94,1.16,6.08,6.13,7.07,5.86,1.49,1.1,3.2,1.38,0.06
329,Wesley Moraes\bfae110f,br BRA,FW,Aston Villa,25-098,1996,0,0,0,0,0,1,1,0,1,0,0,0,0,0
330,Tyler Morton\2bc28bb9,eng ENG,MF,Liverpool,19-124,2002,0.7,0,0,0,2.86,5.71,1.43,12.9,2.86,0,2.86,2.86,0,0
331,Mason Mount\9674002f,eng ENG,MFFW,Chelsea,23-053,1999,16,1.63,0.94,0.44,1.06,5.75,3.5,7.38,8.88,0.69,0.75,2.38,0.5,0
332,Lucas Moura\2b622f01,br BRA,FWMF,Tottenham,29-203,1992,16.8,1.31,0.65,0.24,1.19,3.57,3.45,7.14,3.81,0.6,1.01,2.32,1.25,0
333,João Moutinho\f5a00fa4,pt POR,MF,Wolves,35-177,1986,21.1,2.13,1.61,0.71,2.13,5.92,7.87,8.91,1.75,1.61,1.8,3.93,1.28,0
334,Bali Mumba\2d760d7b,eng ENG,DF,Norwich City,20-147,2001,0.5,2,0,0,0,6,20,4,0,4,2,4,10,0
335,Jacob Murphy\de112b84,eng ENG,DFMF,Newcastle Utd,27-008,1995,10.8,2.96,1.39,0.93,1.3,4.26,9.07,5.56,3.61,1.94,2.13,5.09,0.83,0
336,Enock Mwepu\1d5cab82,zm ZAM,MF,Brighton,24-062,1998,7.1,2.68,1.41,0.7,2.25,5.63,6.34,8.73,5.63,1.83,1.27,3.94,1.41,0
337,Vitaliy Mykolenko\30d4a2e5,ua UKR,DF,Everton,22-279,1999,1,2,1,2,1,2,9,6,0,5,4,6,2,1
338,Marvelous Nakamba\de5b5570,zw ZIM,MF,Aston Villa,28-044,1994,8.4,2.74,1.9,1.19,2.14,5.36,8.93,7.74,1.79,1.67,2.14,4.88,1.43,0
339,Wilfred Ndidi\6b47c5db,ng NGA,MFDF,Leicester City,25-078,1996,16.8,3.93,2.68,1.25,1.49,7.5,8.81,11.7,2.14,1.61,2.5,6.43,3.93,0
340,Tanguy Ndombele\5cdddffa,fr FRA,MF,Tottenham,25-066,1996,5.4,2.41,1.85,0.19,0.93,4.81,4.44,8.33,3.52,0.37,0.56,2.96,0.56,0
341,Reiss Nelson\c5bdb6e3,eng ENG,FW,Arsenal,22-084,1999,0.2,5,0,0,0,10,10,25,5,0,5,10,0,0
342,Pedro Neto\7ba2eaa9,pt POR,FWMF,Wolves,21-360,2000,0.5,2,2,0,4,10,8,10,4,0,2,4,0,0
343,Rúben Neves\44bfb6c5,pt POR,MF,Wolves,24-356,1997,22,2.45,1.59,0.82,2.36,5.36,7.32,10.2,1.77,1.45,2.05,4.5,2,0.05
344,Jeremy Ngakia\3631ad41,eng ENG,DF,Watford,21-178,2000,7,4.57,2.71,2.29,1.86,6.29,14.3,5.86,2,1.57,3,7.57,1.71,0
345,Saúl Ñíguez\c14bc029,es ESP,MFFW,Chelsea,27-103,1994,1.8,2.78,1.67,1.11,1.67,5.56,8.33,8.89,3.33,2.78,2.22,5,1.11,0.56
346,Eddie Nketiah\a53649b7,eng ENG,FWMF,Arsenal,22-278,1999,1,5,3,1,0,10,3,5,15,1,2,7,0,0
347,Nicolas Nkoulou\93cf32a8,cm CMR,DF,Watford,31-342,1990,1.9,0.53,0,0,0,2.63,2.63,1.05,0,2.63,0.53,1.05,5.26,0
348,Mark Noble\ff527768,eng ENG,MF,West Ham,34-300,1987,1.1,0.91,0.91,0,0,3.64,3.64,5.45,2.73,0,0.91,1.82,0.91,0
349,Mathias Normann\8996350d,no NOR,MF,Norwich City,25-280,1996,10,2.2,1.5,0.6,0.9,2.6,6.5,8,0.7,1.5,1.6,3.8,2.6,0
350,Christian Nørgaard\df0a4c90,dk DEN,MF,Brentford,27-359,1994,25.6,4.06,2.7,1.72,1.68,6.88,7.34,11.7,1.91,1.88,2.54,6.6,1.33,0.04
351,Angelo Ogbonna\74b2cd7e,it ITA,DF,West Ham,33-285,1988,10.2,1.27,0.78,0.2,0.49,1.57,3.14,1.47,0.29,0.69,1.27,2.55,3.73,0
352,Michael Olise\c4486bac,fr FRA,FWMF,Crystal Palace,20-082,2001,9.2,1.74,1.09,0.65,0.54,5.65,5.98,8.7,4.46,1.52,0.98,2.72,0.65,0
353,Andrew Omobamidele\c393a6c4,ie IRL,DF,Norwich City,19-254,2002,4.2,1.9,0.71,1.43,1.43,3.33,8.81,2.86,0,2.38,2.38,4.29,4.05,0
354,Tyler Onyango\d86a1f3e,eng ENG,MFFW,Everton,19-000,2003,0.3,3.33,0,0,3.33,6.67,20,10,3.33,0,3.33,6.67,0,0
355,Frank Onyeka\2944f86f,ng NGA,MF,Brentford,24-062,1998,11.2,2.59,1.34,0.45,1.34,6.07,9.46,9.2,3.39,1.79,1.25,3.84,1.16,0
356,Divock Origi\43a166b4,be BEL,FW,Liverpool,26-320,1995,0.8,0,0,0,0,5,1.25,11.3,8.75,2.5,2.5,2.5,0,0
357,Alex Oxlade-Chamberlain\38c7feef,eng ENG,MFFW,Liverpool,28-201,1993,8.7,1.95,1.61,0.57,0.92,7.24,2.99,8.62,8.05,1.26,0.92,2.87,0.8,0
358,Cole Palmer\dc7f8a28,eng ENG,FWMF,Manchester City,19-302,2002,1.4,1.43,1.43,0,0.71,4.29,2.14,7.86,10.7,1.43,1.43,2.86,0,0
359,Emerson Palmieri\e0bc6fdc,it ITA,DF,Chelsea,27-213,1994,0.1,0,0,0,0,0,0,0,0,0,0,0,0,0
360,Thomas Partey\529f49ab,gh GHA,MF,Arsenal,28-264,1993,17.7,2.26,1.81,0.85,1.19,4.24,4.63,6.89,1.24,1.36,1.24,3.5,1.75,0.06
361,João Pedro\e8832875,br BRA,MFFW,Watford,20-159,2001,9.3,0.86,0.75,0.32,0.97,5.05,3.98,9.14,4.52,1.18,0.97,1.83,0.65,0
362,Nicolas Pépé\57e3f0c7,ci CIV,FWMF,Arsenal,26-279,1995,6,1.5,1,0.33,0.83,4.17,4.33,5.83,5.33,1.83,1.33,2.83,0.33,0.17
363,Ricardo Pereira\75a72a99,pt POR,DF,Leicester City,28-149,1993,9.1,4.29,2.31,2.09,1.87,5.82,6.7,8.13,3.41,2.53,2.31,6.59,3.08,0
364,Ayoze Pérez\819aa8e7,es ESP,FWMF,Leicester City,28-224,1993,2.4,1.25,0.83,0,1.25,6.25,4.58,13.8,5,1.67,0.83,2.08,0.42,0
365,Sonny Perkins\87f12e30,eng ENG,FW,West Ham,18-022,2004,0,0,0,0,0,1,0,1,0,0,0,0,0,0
366,Romain Perraud\6dfd8f05,fr FRA,DF,Southampton,24-163,1997,11.8,2.03,1.19,0.76,0.51,4.58,7.37,5.93,3.81,1.44,1.36,3.39,2.2,0
367,Kalvin Phillips\4f565d77,eng ENG,MF,Leeds United,26-092,1995,11.1,3.33,2.43,0.72,1.8,9.64,9.19,13.2,5.5,2.43,2.07,5.41,1.71,0.09
368,Jaden Philogene Bidace\19f4d211,eng ENG,FW,Aston Villa,19-290,2002,0.1,0,0,0,0,0,10,10,0,0,0,0,0,0
369,Jordan Pickford\4806ec67,eng ENG,GK,Everton,27-362,1994,23,0.04,0,0,0,0,0.17,0,0,0,0,0.04,0.04,0
370,Erik Pieters\1ef37668,nl NED,DF,Burnley,33-209,1988,7.9,3.29,1.77,1.77,2.15,4.94,9.11,6.46,1.39,3.16,2.78,6.08,3.29,0.13
371,Ethan Pinnock\e541326e,jm JAM,DF,Brentford,28-279,1993,24.7,2.15,1.34,0.69,0.57,3.12,5.59,2.79,0.53,1.66,1.94,4.09,5.87,0
372,Daniel Podence\7fcc71d8,pt POR,FWMF,Wolves,26-134,1995,11.9,1.01,0.59,0.5,0.76,3.7,3.28,5.38,5.55,0.84,0.34,1.34,0,0
373,Paul Pogba\867239d3,fr FRA,MFFW,Manchester Utd,28-354,1993,10.9,1.65,1.01,0.46,1.01,6.06,4.13,9.08,5.5,1.19,1.47,3.12,2.02,0
374,Nick Pope\4b40d9ca,eng ENG,GK,Burnley,29-319,1992,23,0,0,0,0.04,0,0,0,0,0,0,0,0.13,0.04
375,Teemu Pukki\0745b37d,fi FIN,FW,Norwich City,31-340,1990,24.2,0.58,0.25,0.08,0.37,4.83,1.32,8.84,9.75,0.62,0.58,1.16,0.17,0
376,Christian Pulisic\1bf33a9a,us USA,FWMF,Chelsea,23-167,1998,9.4,0.96,0.32,0.11,0.96,4.89,3.51,9.57,7.98,1.06,0.64,1.6,0.96,0
377,Przemysław Płacheta\3c33f9d9,pl POL,FWMF,Norwich City,23-346,1998,4.9,1.02,0.61,0,0.82,4.49,5.92,9.59,4.49,1.43,1.63,2.65,1.02,0
378,Jesuran Rak Sakyi\45685411,eng ENG,MF,Crystal Palace,19-150,2002,0.2,0,0,0,0,5,5,15,5,0,0,0,0,0
379,Aaron Ramsdale\466fb2c5,eng ENG,GK,Arsenal,23-294,1998,21,0,0,0,0.14,0,0.1,0,0,0,0,0,0.05,0
380,Jacob Ramsey\1544f145,eng ENG,MF,Aston Villa,20-280,2001,17.8,2.25,1.52,0.84,1.52,5.39,6.46,8.76,3.76,1.46,1.35,3.6,1.07,0
381,Marcus Rashford\a1d5bd30,eng ENG,FWMF,Manchester Utd,24-124,1997,9.4,0.53,0.32,0.32,0.74,5.32,2.55,7.55,6.49,0.85,0.53,1.06,0.43,0.11
382,Milot Rashica\6c6a3300,xk KVX,FWMF,Norwich City,25-249,1996,15.5,1.29,0.77,0.71,0.97,3.74,4.77,4.65,4.71,1.23,1.55,2.84,0.84,0
383,David Raya\98ea5115,es ESP,GK,Brentford,26-170,1995,13,0,0,0,0,0,0,0,0,0,0,0,0,0.08
384,Nathan Redmond\ab651565,eng ENG,MFFW,Southampton,27-363,1994,14.9,0.87,0.47,0.27,1.01,4.7,4.3,6.98,6.64,1.88,1.21,2.08,0.87,0
385,Sergio Reguilón\3353737a,es ESP,DF,Tottenham,25-078,1996,16,2.19,1.19,1,0.94,3.69,5.25,6.38,2.44,1.5,2.31,4.5,2.25,0
386,Declan Rice\1c7012b8,eng ENG,MF,West Ham,23-049,1999,26,2.35,1.69,0.81,0.88,4.46,5.88,6.69,1,1.77,3,5.35,1.15,0.04
387,Taylor Richards\e0243d23,eng ENG,MFFW,Brighton,21-090,2000,0.3,0,0,0,6.67,16.7,16.7,16.7,0,0,0,0,0,0
388,Richarlison\fa031b34,br BRA,FWMF,Everton,24-298,1997,15.2,1.51,0.99,0.39,0.39,5.72,2.37,8.62,10.1,1.64,0.72,2.24,0.99,0
389,Jaïro Riedewald\7a1f2c08,nl NED,MF,Crystal Palace,25-176,1996,1.3,1.54,1.54,1.54,1.54,2.31,5.38,1.54,1.54,3.08,0,1.54,1.54,0
390,Matt Ritchie\71ef519e,sct SCO,DF,Newcastle Utd,32-175,1989,14.6,1.51,0.48,0.89,1.16,3.15,5.21,3.7,1.51,1.92,1.99,3.49,1.71,0
391,Connor Roberts\24fae784,wls WAL,DF,Burnley,26-162,1995,8.2,0.98,0.73,0.37,0.49,2.2,3.41,2.8,0.73,3.05,1.71,2.68,3.66,0
392,Tyler Roberts\6c17e046,wls WAL,MFFW,Leeds United,23-051,1999,10.8,1.57,0.65,0.83,0.56,4.17,2.22,7.87,5.65,0.93,0.65,2.22,0.74,0
393,Andrew Robertson\2e4f5f03,sct SCO,DF,Liverpool,27-358,1994,18.5,0.97,0.38,0.43,0.76,2.49,2.27,4.43,3.19,1.41,1.73,2.7,2.16,0
394,Joe Rodon\8d62d31a,wls WAL,DF,Tottenham,24-133,1997,0.9,0,0,0,0,3.33,5.56,2.22,0,3.33,2.22,2.22,8.89,0
395,Rodri\6434f10d,es ESP,MF,Manchester City,25-255,1996,21.4,2.29,1.68,1.12,0.98,5.61,3.97,8.04,2.85,1.45,1.4,3.69,1.82,0
396,Rodrigo\1fb1c435,es ESP,MFFW,Leeds United,30-363,1991,15.3,1.24,0.98,0.39,0.52,4.25,1.9,7.06,5.82,0.46,0.85,2.09,0.98,0
397,Jay Rodriguez\4ab53cdb,eng ENG,FW,Burnley,32-218,1989,9.6,1.46,0.42,0.31,0.52,4.38,3.65,7.4,9.06,1.56,0.52,1.98,0.83,0
398,Mads Roerslev\57c94db2,dk DEN,DF,Brentford,22-253,1999,10.1,1.98,0.69,1.19,1.68,3.07,9.01,2.97,1.58,2.48,1.78,3.76,2.18,0
399,Cristian Romero\a3d94a58,ar ARG,DF,Tottenham,23-311,1998,10.9,3.21,2.2,1.1,1.1,5.23,9.17,4.04,0.83,2.75,3.21,6.42,4.31,0
400,Oriol Romeu\4b511457,es ESP,MF,Southampton,30-161,1991,23.2,2.63,1.64,0.73,1.59,5.82,5.78,9.18,2.28,1.47,1.9,4.53,1.85,0
401,Cristiano Ronaldo\dea698d9,pt POR,FW,Manchester Utd,37-027,1985,20.4,0.34,0.29,0.2,0.15,1.96,0.69,2.94,3.19,0.44,0.15,0.49,1.18,0.05
402,Salomón Rondón\b318a643,ve VEN,FW,Everton,32-169,1989,7.9,0.63,0.25,0.25,0.76,5.44,1.27,7.97,8.48,0.76,0.51,1.14,1.39,0
403,Danny Rose\89d10e53,eng ENG,DF,Watford,31-245,1990,7.7,2.99,1.95,1.56,2.21,4.42,5.71,4.68,0.65,1.82,1.95,4.94,1.69,0
404,Jon Rowe\8c12f884,eng ENG,FWMF,Norwich City,18-308,2003,0.6,6.67,3.33,0,0,6.67,8.33,6.67,11.7,3.33,3.33,10,0,0
405,Antonio Rüdiger\18b896d6,de GER,DF,Chelsea,29-001,1993,24,1.46,0.88,0.71,0.38,2.5,4.13,3.21,1,1.21,1.29,2.75,3.25,0
406,Lukas Rupp\3faa1780,de GER,MF,Norwich City,31-055,1991,5.5,1.64,1.27,0.73,1.45,6.91,8.36,7.64,3.09,1.27,2.73,4.36,0.55,0.18
407,José Sá\903b6e8b,pt POR,GK,Wolves,29-046,1993,26,0.04,0,0.04,0.04,0.08,0.23,0,0,0,0,0.04,0.12,0.08
408,Allan Saint-Maximin\2b16cb1a,fr FRA,FWMF,Newcastle Utd,24-357,1997,21.9,0.32,0.23,0,0.55,2.19,1.78,3.47,2.79,0.73,0.73,1.05,0.05,0
409,Romain Saïss\9fbbcf39,ma MAR,DF,Wolves,31-343,1990,23.4,1.92,1.2,0.47,0.56,3.16,5.56,3.29,0.64,1.92,2.65,4.57,6.24,0.04
410,Bukayo Saka\bc7dc64d,eng ENG,FWMF,Arsenal,20-180,2001,20.2,0.79,0.45,0.1,0.74,3.51,2.87,5.05,4.8,0.99,0.79,1.58,0.45,0
411,Mohamed Salah\e342ad68,eg EGY,FW,Liverpool,29-262,1992,23.1,0.43,0.17,0.13,0.35,3.42,2.03,3.68,7.71,0.3,0.48,0.91,0.17,0
412,Mohammed Salisu\0b33f6ad,gh GHA,DF,Southampton,22-321,1999,24,2.83,1.83,1.25,0.92,4.5,6.5,3.71,0.63,2.04,2.83,5.67,6.13,0.04
413,Albert Sambi Lokonga\1b4f1169,be BEL,MF,Arsenal,22-133,1999,10.1,1.88,1.19,0.69,0.5,3.56,3.76,5.54,1.98,1.68,1.88,3.76,1.09,0.2
414,Davinson Sánchez\da7b447d,co COL,DF,Tottenham,25-265,1996,14.4,2.43,1.11,0.83,0.69,4.03,5.14,5.07,0.97,2.29,1.74,4.17,4.44,0
415,Robert Sánchez\6a713852,es ESP,GK,Brighton,24-106,1997,25,0,0,0,0,0.04,0.12,0,0,0.04,0,0,0,0.08
416,Jadon Sancho\dbf053da,eng ENG,FWMF,Manchester Utd,21-344,2000,14.6,0.82,0.55,0.41,0.82,3.77,3.22,7.19,4.59,1.16,0.82,1.64,0.34,0.07
417,Morgan Sanson\6e7f1353,fr FRA,MF,Aston Villa,27-198,1994,2.7,2.96,2.22,0.74,0.37,10.7,16.3,12.6,4.07,4.07,3.33,6.3,0.74,0
418,Samir Santos\92b4758e,br BRA,DF,Watford,27-089,1994,8,2.88,1.63,0.88,0.38,3.63,5.63,2.63,0.63,1.25,3.88,6.75,5,0
419,Josh Sargent\a8d4428b,us USA,FWMF,Norwich City,22-012,2000,14.7,1.97,0.95,0.88,1.09,5.65,6.12,8.44,6.39,2.24,1.36,3.33,1.16,0.07
420,Jeremy Sarmiento\ac0d576d,ec ECU,FW,Brighton,19-261,2002,0.2,10,5,0,5,20,20,20,10,10,5,15,0,0
421,Ismaila Sarr\bfdb33aa,sn SEN,FWMF,Watford,24-007,1998,14.9,0.6,0.27,0.07,0.47,4.09,3.83,8.26,6.71,0.74,0.87,1.48,0.47,0
422,Malang Sarr\4315f30d,fr FRA,DF,Chelsea,23-040,1999,3.8,2.37,1.05,0.26,0.79,3.95,6.32,2.63,0.79,1.32,2.11,4.47,5.53,0
423,Dane Scarlett\21945a9e,eng ENG,MF,Tottenham,17-345,2004,0,0,0,0,0,0,2,0,0,0,0,0,0,0
424,Fabian Schär\c8aa95da,ch SUI,DF,Newcastle Utd,30-074,1991,14.8,0.88,0.61,0.54,0.27,2.16,3.72,2.16,0.61,1.35,3.65,4.53,5.07,0.14
425,Jeffrey Schlupp\3312f911,gh GHA,MFFW,Crystal Palace,29-071,1992,12.4,2.34,0.97,0.97,1.13,5.65,4.92,10.9,3.95,2.42,0.89,3.23,1.05,0
426,Kasper Schmeichel\53af52f3,dk DEN,GK,Leicester City,35-119,1986,24,0,0,0,0.08,0,0.04,0,0,0,0,0,0.04,0.08
427,Ken Sema\1770bd68,se SWE,MFFW,Watford,28-155,1993,6.1,1.8,1.15,0.66,2.3,4.92,9.51,12.8,2.3,1.64,0.82,2.62,2.62,0
428,Nélson Semedo\d04b94db,pt POR,DF,Wolves,28-108,1993,22.1,2.49,1.72,1.09,0.95,4.3,7.6,5.52,2.53,1.81,1.86,4.34,2.49,0
429,Ryan Sessegnon\6aa3e78b,eng ENG,DFMF,Tottenham,21-290,2000,5.5,2.55,1.27,0.91,1.09,4.18,9.27,6.55,4,1.45,2.36,4.91,1.82,0
430,Jamie Shackleton\8d03ca5a,eng ENG,DFMF,Leeds United,22-147,1999,7.6,3.42,2.37,1.18,1.45,4.87,6.71,6.32,1.84,2.11,1.18,4.61,1.18,0.26
431,Luke Shaw\9c94165b,eng ENG,DF,Manchester Utd,26-235,1995,17.3,1.27,0.75,0.69,0.69,3.06,4.74,4.05,1.97,2.31,0.87,2.14,1.27,0
432,Jonjo Shelvey\3727dd3c,eng ENG,MF,Newcastle Utd,30-005,1992,15,1,0.53,0.33,1.07,3.2,4.93,6.27,1.33,1.2,1.73,2.73,1.6,0.07
433,Francisco Sierralta\0f933743,cl CHI,DF,Watford,24-302,1997,4.7,1.28,0.85,1.06,0.64,2.13,3.83,1.28,0,1.91,2.98,4.26,8.51,0
434,Bernardo Silva\3eb22ec9,pt POR,MFFW,Manchester City,27-206,1994,24.7,1.58,0.97,0.85,1.34,4.37,3.04,7.13,5.51,1.05,0.97,2.55,0.81,0
435,Fábio Silva\e7aa9d7c,pt POR,FWMF,Wolves,19-228,2002,2.7,1.11,0.74,0.37,0.74,5.93,1.48,13,6.3,0,0.37,1.48,0.74,0
436,Thiago Silva\86e7deaf,br BRA,DF,Chelsea,37-163,1984,19.3,1.3,0.93,0.47,0.52,2.44,3.73,2.44,0.21,2.44,2.12,3.42,4.77,0
437,Ellis Simms\26d3b5be,eng ENG,FW,Everton,21-058,2001,0.7,0,0,0,0,4.29,2.86,7.14,4.29,2.86,0,0,0,0
438,Moussa Sissoko\2acd49b9,fr FRA,MF,Watford,32-200,1989,23.8,1.64,0.97,0.55,0.42,4.29,5.13,6.43,2.06,1.43,1.3,2.94,2.23,0
439,Oliver Skipp\6250083a,eng ENG,MF,Tottenham,21-169,2000,15,2.2,1.2,0.8,1.07,4.73,7.27,8.73,2.33,1.67,1.27,3.47,0.93,0
440,William Smallbone\5e105217,ie IRL,MF,Southampton,22-011,2000,0.8,2.5,1.25,0,2.5,5,5,10,8.75,1.25,1.25,3.75,1.25,0
441,Emile Smith Rowe\17695062,eng ENG,MFFW,Arsenal,21-219,2000,15.3,0.98,0.78,0.07,0.59,3.66,2.68,5.1,3.33,0.78,1.05,2.03,0.46,0
442,Cédric Soares\839c14e1,pt POR,DF,Arsenal,30-185,1991,5.2,1.54,0.77,0.58,0.38,1.92,3.46,3.27,1.73,1.15,1.54,3.08,1.92,0.19
443,Tomáš Souček\6613c819,cz CZE,MF,West Ham,27-005,1995,24.9,2.09,1.24,0.8,1.2,3.9,5.18,6.83,2.01,1.41,1.53,3.61,3.37,0.04
444,Boubakary Soumaré\ae59b359,fr FRA,MF,Leicester City,23-005,1999,11.4,2.11,1.14,0.53,0.79,5.35,7.72,10,2.46,0.88,1.49,3.6,1.32,0
445,Çağlar Söyüncü\21166ff4,tr TUR,DF,Leicester City,25-285,1996,20.7,1.79,1.01,0.77,0.58,3.43,5.41,3.91,0.19,1.98,1.88,3.67,4.73,0.05
446,Jason Steele\28300a16,eng ENG,GK,Brighton,31-198,1990,1,0,0,0,0,0,0,0,0,0,0,0,0,0
447,Jed Steer\a8a3d139,eng ENG,GK,Aston Villa,29-162,1992,1,0,0,0,0,0,0,0,0,0,0,0,0,0
448,Zack Steffen\42130443,us USA,GK,Manchester City,26-336,1995,1,0,0,0,0,0,0,0,0,0,0,0,0,0
449,Dale Stephens\653ee42d,eng ENG,MF,Burnley,32-265,1989,1.4,5,2.14,0.71,3.57,11.4,4.29,22.1,3.57,2.86,1.43,6.43,0.71,0
450,Jack Stephens\6adbc307,eng ENG,DF,Southampton,28-036,1994,6,2.5,1.17,0.67,1.5,3.5,6.17,3.5,1,1.67,3,5.5,6.5,0
451,Raheem Sterling\b400bde0,eng ENG,FW,Manchester City,27-086,1994,17.4,1.38,0.92,0.29,0.63,3.51,1.67,6.38,5.06,0.75,0.69,2.07,0.11,0
452,Finley Stevens\7e003182,wls WAL,DF,Brentford,18-328,2003,0.2,10,0,5,0,5,0,20,5,0,0,10,0,0
453,John Stones\5eecec3d,eng ENG,DF,Manchester City,27-280,1994,7.6,0.39,0.26,0.13,0.26,2.11,1.71,2.24,0.39,0.39,1.18,1.58,4.21,0
454,Pascal Struijk\f4d296e4,nl NED,DFMF,Leeds United,22-205,1999,15.8,2.66,1.65,0.89,0.76,6.9,8.48,7.47,1.52,2.59,3.23,5.89,3.8,0.06
455,Crysencio Summerville\df04eb4b,nl NED,MFFW,Leeds United,20-125,2001,1.4,3.57,2.14,1.43,0,4.29,2.86,4.29,5.71,0.71,3.57,7.14,0,0
456,Jakob Sørensen\953c30b0,dk DEN,DFMF,Norwich City,24-001,1998,4.1,3.66,2.2,0.98,0.98,7.8,8.78,8.54,1.22,1.95,2.68,6.34,2.93,0
457,Japhet Tanganga\e9971f2d,eng ENG,DF,Tottenham,22-338,1999,8.2,2.56,1.46,0.85,0.61,4.27,6.34,5.37,1.59,1.95,2.07,4.63,3.54,0
458,Matt Targett\e514ab62,eng ENG,DF,Aston Villa,26-167,1995,15.9,1.95,0.94,0.82,1.38,2.77,6.73,3.9,1.38,2.77,2.2,4.15,1.57,0
459,Matt Targett\e514ab62,eng ENG,DF,Newcastle Utd,26-167,1995,3,1.67,1,0.67,0.33,3.67,4.67,0.67,3.67,2,3,4.67,3.33,0.33
460,James Tarkowski\15ea812b,eng ENG,DF,Burnley,29-105,1992,23,1.87,1.13,0.91,0.78,2.61,5.3,2.3,0.39,2.52,2.52,4.39,6.04,0.13
461,Nuno Tavares\a65c844b,pt POR,DF,Arsenal,22-037,2000,7,1.57,1.14,0.14,0.43,2.57,4.57,3.57,2.29,1.71,2.43,4,2.71,0.14
462,Charlie Taylor\cc2d7ad5,eng ENG,DF,Burnley,28-167,1993,17.3,1.97,0.75,1.04,0.81,1.85,4.34,2.83,0.98,3.87,2.77,4.74,3.7,0.06
463,Nathan Tella\f1e94cd6,eng ENG,MFFW,Southampton,22-242,1999,6.5,1.23,0.46,0.31,1.85,8.62,5.38,13.7,10.8,2.15,2,3.23,0.62,0
464,Alex Telles\e73c9bb2,br BRA,DF,Manchester Utd,29-079,1992,9.1,3.08,1.43,1.21,0.77,3.74,5.71,3.74,1.87,1.65,2.2,5.27,2.42,0
465,Luke Thomas\fc027d02,eng ENG,DF,Leicester City,20-267,2001,15.2,2.17,1.38,0.79,1.38,4.28,8.55,4.74,1.71,2.7,2.04,4.21,2.63,0.07
466,Dominic Thompson\235a62f8,eng ENG,DF,Brentford,21-221,2000,1.6,1.88,0.63,1.25,0.63,1.88,5.63,3.13,1.25,1.25,1.88,3.75,2.5,0
467,Youri Tielemans\56f7a928,be BEL,MF,Leicester City,24-301,1997,18.1,2.21,1.55,1.05,1.93,5.03,5.3,7.62,2.54,1.71,1.27,3.48,1.55,0.06
468,Kieran Tierney\fce2302c,sct SCO,DF,Arsenal,24-272,1997,17.3,1.04,0.52,0.46,0.17,2.49,2.77,2.72,2.08,1.56,1.16,2.2,2.14,0
469,Takehiro Tomiyasu\b3af9be1,jp JPN,DF,Arsenal,23-119,1998,15.4,2.01,0.84,1.04,0.58,3.83,4.61,5.26,1.95,2.21,1.82,3.83,2.53,0.06
470,James Tomkins\e7ca0439,eng ENG,DF,Crystal Palace,32-340,1989,6.1,1.97,0.98,0.82,0.33,3.28,5.41,2.62,0,2.13,1.64,3.61,2.3,0
471,Ivan Toney\e09f279b,eng ENG,FW,Brentford,25-353,1996,21.3,1.08,0.66,0.14,0.7,3.62,1.88,5.63,6.15,0.89,0.85,1.92,1.5,0.05
472,Ferrán Torres\9e1035f8,es ESP,FW,Manchester City,22-003,2000,3.4,0.29,0.29,0,0.29,3.82,0.88,2.35,7.94,1.76,0.29,0.59,0,0
473,Cenk Tosun\9a104dee,tr TUR,FW,Everton,30-270,1991,0.1,0,0,0,0,0,0,0,10,0,0,0,0,0
474,Andros Townsend\b28bbd58,eng ENG,MF,Everton,30-231,1991,16,1.81,0.94,0.5,1.63,6.25,5.38,7.81,5.38,2.63,1.38,3.19,0.38,0
475,Adama Traoré\9a28eba4,es ESP,FW,Wolves,26-038,1996,11.9,1.01,0.76,0.17,0.59,3.53,3.11,5.8,2.94,0.67,0.34,1.34,0.17,0
476,Bertrand Traoré\c47541e0,bf BFA,MFFW,Aston Villa,26-179,1995,1.7,0.59,0,0,0.59,2.94,1.18,1.76,5.29,0,0,0.59,0,0
477,Trézéguet\3ae14ed1,eg EGY,FW,Aston Villa,27-154,1994,0.1,0,0,0,0,0,0,0,0,0,0,0,0,0
478,Francisco Trincão\77e39b04,pt POR,FWMF,Wolves,22-065,1999,11.8,1.61,0.93,0.25,0.51,6.1,5,10.4,5.76,1.69,1.27,2.88,0,0
479,Kieran Trippier\21512407,eng ENG,DF,Newcastle Utd,31-166,1990,3.5,5.14,2.57,2,1.71,4.57,4.86,6.86,2,2.57,3.14,8.29,3.14,0
480,William Troost-Ekong\7ed4921e,ng NGA,DF,Watford,28-184,1993,15.3,1.11,0.65,0.39,0.33,2.48,3.99,2.68,0.2,1.9,1.44,2.55,5.69,0.07
481,Leandro Trossard\38ceb24a,be BEL,FWMF,Brighton,27-090,1994,21.4,1.17,0.75,0.14,0.79,5,3.08,5.7,7.66,1.17,0.89,2.06,0.23,0
482,Kostas Tsimikas\f315ca93,gr GRE,DF,Liverpool,25-296,1996,7.4,2.03,0.81,0.81,0.95,5.14,5.54,4.86,4.05,1.62,1.49,3.51,2.43,0
483,Axel Tuanzebe\2baec6ce,eng ENG,DF,Aston Villa,24-110,1997,5.6,1.43,1.07,0.36,0.54,2.32,4.11,3.57,0.71,0.89,1.61,3.04,2.32,0.18
484,Ozan Tufan\17d45fb2,tr TUR,MF,Watford,26-346,1995,3.7,1.08,0.54,0.27,0.81,2.43,6.22,10.5,4.05,1.35,0.54,1.62,1.08,0
485,Christos Tzolis\9f333379,gr GRE,FWMF,Norwich City,20-033,2002,3.4,1.76,0.59,0.88,2.06,3.82,6.18,4.71,6.18,0.59,0.59,2.35,0.29,0
486,Yan Valery\531a4aa8,fr FRA,DF,Southampton,23-010,1999,1,0,0,0,2,3,1,5,1,3,4,4,2,0
487,Raphaël Varane\9f8e9423,fr FRA,DF,Manchester Utd,28-313,1993,14.3,1.54,0.91,0.63,0.77,3.36,5.8,2.24,0.28,1.89,1.89,3.43,5.1,0
488,Jamie Vardy\45963054,eng ENG,FW,Leicester City,35-052,1987,14.9,0.13,0.07,0,0.2,3.42,0.74,5.17,7.05,0.54,0.34,0.47,0.67,0
489,Joël Veltman\dad4b285,nl NED,DF,Brighton,30-048,1992,20.1,3.13,1.44,0.95,1.19,3.88,6.12,4.83,1.19,1.84,2.29,5.42,2.74,0
490,Jannik Vestergaard\1900032e,dk DEN,DF,Leicester City,29-213,1992,6.3,2.54,1.75,0.95,1.43,3.49,7.14,2.38,0,2.38,2.38,4.92,6.51,0.16
491,Nikola Vlašić\aa8e289e,hr CRO,FWMF,West Ham,24-151,1997,4.3,2.56,2.09,0.7,2.09,5.12,5.58,10.9,7.91,0.47,2.09,4.65,0.23,0
492,Matěj Vydra\0d4ceb32,cz CZE,FW,Burnley,29-307,1992,5,1.4,0.8,0.4,0.4,5.2,2,8.6,11,0.4,0.4,1.8,1.4,0
493,Theo Walcott\1ecb65be,eng ENG,MFFW,Southampton,32-353,1989,4.2,1.19,0.71,0.71,0.48,4.05,4.76,8.33,5.71,1.19,1.67,2.86,0.48,0
494,Kyle Walker\86dd77d1,eng ENG,DF,Manchester City,31-280,1990,15.5,1.35,1.03,0.65,0.58,3.16,2.84,4.39,1.29,0.97,0.97,2.32,1.03,0
495,Kyle Walker-Peters\984a5a64,eng ENG,DF,Southampton,24-325,1997,18,2.17,0.83,0.78,0.67,4.06,4.61,5.22,2.61,1.56,2.28,4.44,1.5,0
496,Aaron Wan-Bissaka\9e525177,eng ENG,DF,Manchester Utd,24-098,1997,16.9,2.07,1.18,0.3,0.53,3.08,4.73,3.96,2.19,2.96,2.01,4.08,2.6,0
497,Joel Ward\8a7ff278,eng ENG,DF,Crystal Palace,32-126,1989,23,1.91,1.09,1,1,3,5.61,3.61,1.39,1.96,1.7,3.61,3.87,0.04
498,James Ward-Prowse\3515d404,eng ENG,MF,Southampton,27-123,1994,23.7,1.52,0.89,0.46,1.6,5.15,4.73,8.95,2.36,1.77,1.9,3.42,1.48,0
499,Ollie Watkins\aed3a70f,eng ENG,FW,Aston Villa,26-064,1995,20.2,0.4,0.35,0,0.4,4.65,1.53,7.48,7.97,1.58,0.45,0.84,0.89,0
500,Adam Webster\c40b6180,eng ENG,DF,Brighton,27-059,1995,13,1.46,0.69,0.77,0.69,2.62,4.46,2.23,0.54,2.15,1.92,3.38,4.69,0.15
501,Wout Weghorst\c4e87b8b,nl NED,FW,Burnley,29-209,1992,6.8,1.18,1.03,0.29,1.32,7.65,5.74,14.6,11.3,2.06,0.59,1.76,1.03,0
502,Danny Welbeck\ce5143da,eng ENG,FWMF,Brighton,31-098,1990,6.5,0.62,0.46,0.15,0.92,3.69,2.62,5.38,7.08,1.23,0,0.62,0.92,0
503,Timo Werner\49fe9070,de GER,FWMF,Chelsea,25-363,1996,6.4,0.31,0,0,2.03,4.84,3.44,5.78,10.3,0.78,0.31,0.63,0.31,0
504,Ashley Westwood\495945ef,eng ENG,MF,Burnley,31-337,1990,20.1,1.29,0.95,0.55,0.6,3.78,4.73,9.45,2.64,0.8,1.79,3.08,0.85,0
505,Ben White\35e413f1,eng ENG,DF,Arsenal,24-147,1997,22,1.36,0.77,0.59,0.68,2.55,3.68,2.91,0.59,1.73,2.27,3.64,3,0
506,Brandon Williams\5e74d6c8,eng ENG,DF,Norwich City,21-182,2000,18.6,2.53,1.24,1.08,1.29,3.6,6.67,5.48,1.88,2.42,2.8,5.32,2.04,0
507,Neco Williams\dd323728,wls WAL,DF,Liverpool,20-325,2001,0.1,0,0,0,0,0,10,0,0,0,0,0,0,0
508,Joe Willock\a3b03921,eng ENG,MF,Newcastle Utd,22-196,1999,16.5,2.91,1.88,1.03,1.76,4.61,7.94,9.94,4,1.94,1.39,4.3,0.61,0
509,Callum Wilson\c596fcb0,eng ENG,FW,Newcastle Utd,30-005,1992,13.2,0.53,0.38,0.08,0.23,2.73,1.52,4.47,6.29,0.68,0.3,0.83,0.91,0.08
510,Harry Winks\2f7acede,eng ENG,MF,Tottenham,26-030,1996,9.3,1.51,0.54,0.65,0.86,3.12,5.05,6.56,2.37,1.83,2.04,3.55,0.97,0
511,Yoane Wissa\2500cef9,cd COD,FW,Brentford,25-182,1996,8.3,1.08,0.48,0,0.96,3.98,2.17,4.22,6.39,1.2,0.6,1.69,0.72,0
512,Chris Wood\4e9a0555,nz NZL,FW,Newcastle Utd,30-087,1991,6,0.33,0.17,0.17,0,4.83,0.5,8,7.67,0.5,0,0.33,0.33,0
513,Chris Wood\4e9a0555,nz NZL,FW,Burnley,30-087,1991,15.2,0.72,0.53,0.26,0.26,3.95,0.53,5.33,7.17,1.05,0.26,0.99,0.39,0
514,Freddie Woodman\19e50035,eng ENG,GK,Newcastle Utd,25-000,1997,4,0,0,0,0,0,0.25,0,0,0,0,0,0,0
515,Granit Xhaka\e61b8aee,ch SUI,MF,Arsenal,29-158,1992,12.2,2.3,1.31,1.07,1.07,4.18,4.26,5.98,3.52,1.23,1.64,3.93,0.82,0
516,Andriy Yarmolenko\849c826a,ua UKR,FWMF,West Ham,32-132,1989,1.1,1.82,0,1.82,1.82,4.55,8.18,6.36,5.45,1.82,0,1.82,0,0
517,Ashley Young\be927d03,eng ENG,DFFW,Aston Villa,36-238,1985,8.7,1.61,0.69,0.57,0.23,2.64,3.22,3.56,2.76,0.69,1.26,2.87,1.61,0
518,Wilfried Zaha\b2bc3b1f,ci CIV,FW,Crystal Palace,29-114,1992,20.5,1.71,1.22,0.39,0.44,5.22,4.24,10,5.46,0.73,0.73,2.44,0.15,0
519,Oleksandr Zinchenko\51cf8561,ua UKR,DF,Manchester City,25-079,1996,6.6,1.97,1.06,0.45,0.91,3.03,1.36,5,1.82,1.06,1.67,3.64,1.21,0
520,Hakim Ziyech\6622454d,ma MAR,FWMF,Chelsea,28-350,1993,9.7,1.55,0.82,0.31,1.86,5.67,3.92,9.38,6.29,1.44,1.34,2.89,0.72,0
521,Kurt Zouma\ce4246f5,fr FRA,DF,West Ham,27-128,1994,14.8,0.54,0.27,0.27,0.14,1.49,2.3,1.28,0.47,1.55,2.09,2.64,6.22,0
522,Martin Ødegaard\79300479,no NOR,MF,Arsenal,23-077,1998,17.3,1.33,0.69,0.35,0.87,5.26,3.64,7.28,7.05,0.58,0.58,1.91,0.46,0.06