,,,,,Tackles,Tackles,Tackles,Tackles,Tackles,Vs Dribbles,Vs Dribbles,Vs Dribbles,Vs Dribbles,Pressures,Pressures,Pressures,Pressures,Pressures,Pressures,Blocks,Blocks,Blocks,Blocks,,,,
Rk,Player,Pos,Squad,90s,Tkl,TklW,Def 3rd,Mid 3rd,Att 3rd,Tkl,Att,Tkl%,Past,Press,Succ,%,Def 3rd,Mid 3rd,Att 3rd,Blocks,Sh,ShSv,Pass,Int,Tkl+Int,Clr,Err
1,Patrick van Aanholt\Patrick-van-Aanholt,DF,Crystal Palace,19.7,1.68,0.96,1.07,0.56,0.05,0.76,2.13,35.7,1.37,10.5,3.5,33.5,6.6,2.84,1.02,1.57,0.36,0.05,1.22,1.73,3.4,2.03,0.05
2,Tammy Abraham\Tammy-Abraham,FW,Chelsea,11.6,0.69,0.34,0.26,0.34,0.09,0.09,0.52,16.7,0.43,14,3.28,23.5,1.12,6.12,6.72,0.78,0.17,0,0.6,0.17,0.86,1.47,0
3,Che Adams\Che-Adams,FW,Southampton,29.6,1.01,0.57,0.17,0.44,0.41,0.2,0.78,26.1,0.57,14.5,4.66,32.1,1.62,5.47,7.43,0.88,0.14,0,0.74,0.37,1.39,0.54,0.03
4,Tosin Adarabioyo\Tosin-Adarabioyo,DF,Fulham,32.8,1.25,0.79,0.95,0.27,0.03,0.61,1.16,52.6,0.55,5.55,1.8,32.4,3.51,1.83,0.21,1.16,0.7,0,0.46,1.68,2.93,7.35,0.03
5,Adrián\Adrian,GK,Liverpool,3,0,0,0,0,0,0,0,,0,0.33,0,0,0.33,0,0,0,0,0,0,0,0,0,0.33
6,Sergio Agüero\Sergio-Aguero,FWMF,Manchester City,6.2,0.48,0,0,0.16,0.32,0.32,1.77,18.2,1.45,14.4,4.03,28.1,1.29,5,8.06,0.81,0.16,0,0.65,0.65,1.13,0.16,0
7,Ola Aina\Ola-Aina,DF,Fulham,29.6,1.59,0.84,0.91,0.47,0.2,0.57,1.39,41.5,0.81,8.82,2.2,24.9,4.83,3.24,0.74,1.59,0.27,0,1.32,1.76,3.34,4.09,0
8,Rayan Aït Nouri\Rayan-Ait-Nouri,DF,Wolves,15.6,1.99,1.03,1.03,0.83,0.13,0.77,1.67,46.2,0.9,15.4,4.62,29.9,8.4,4.74,2.31,1.73,0,0,1.73,0.96,2.95,2.5,0
9,Semi Ajayi\Semi-Ajayi,DF,West Brom,30.9,1.88,1.36,1.42,0.39,0.06,0.58,1.17,50,0.58,11,4.27,38.8,7.15,3.3,0.55,2.01,1.13,0.1,0.87,1.33,3.2,4.79,0.1
10,Nathan Aké\Nathan-Ake,DF,Manchester City,8.9,1.69,0.67,0.79,0.67,0.22,0.45,0.56,80,0.11,8.2,2.81,34.2,3.93,3.37,0.9,0.67,0.22,0,0.45,0.67,2.36,2.92,0
11,Marc Albrighton\Marc-Albrighton,DFFW,Leicester City,19.4,2.22,1.6,0.82,0.93,0.46,1.03,2.84,36.4,1.8,17.5,6.65,37.9,5.72,7.42,4.38,1.65,0.1,0.05,1.55,1.44,3.66,1.34,0
12,Thiago Alcántara\Thiago-Alcantara,MF,Liverpool,20.6,3.3,2.09,1.31,1.41,0.58,0.92,2.43,38,1.5,22.4,6.55,29.2,5.83,11.3,5.34,1.36,0.05,0,1.31,2.04,5.34,1.02,0
13,Toby Alderweireld\Toby-Alderweireld,DF,Tottenham,24.9,1.53,0.76,0.92,0.6,0,0.6,1.08,55.6,0.48,8.11,2.97,36.6,5.14,2.85,0.12,2.13,1.29,0.04,0.84,0.6,2.13,6.51,0
14,Rúnar Alex Rúnarsson\Runar-Alex-Runarsson,GK,Arsenal,0.2,0,0,0,0,0,0,0,,0,0,0,,0,0,0,0,0,0,0,0,0,0,0
15,Trent Alexander-Arnold\Trent-Alexander-Arnold,DF,Liverpool,33.7,1.72,1.07,0.86,0.62,0.24,0.98,1.69,57.9,0.71,9.73,3.41,35.1,3.68,3.35,2.7,1.31,0.12,0,1.19,1.45,3.18,2.11,0.06
16,Ezgjan Alioski\Ezgjan-Alioski,DF,Leeds United,27.3,3,1.54,1.5,1.21,0.29,1.03,2.82,36.4,1.79,19.6,5.57,28.5,8.9,7.95,2.71,1.68,0.22,0,1.47,1.32,4.32,2.23,0
17,Alisson\Alisson,GK,Liverpool,33,0,0,0,0,0,0,0.03,0,0.03,0.15,0.03,20,0.15,0,0,0,0,0,0,0,0,0.03,0.21
18,Allan\Allan,MF,Everton,22.8,3.29,2.37,1.71,1.45,0.13,1.23,4.12,29.8,2.89,29.5,8.38,28.4,11.8,15.8,1.93,1.71,0.57,0,1.14,1.01,4.3,1.32,0
19,Dele Alli\Dele-Alli,MF,Tottenham,6.9,2.9,2.17,1.3,1.16,0.43,0.87,2.46,35.3,1.59,31.6,8.41,26.6,6.38,14.2,11,1.88,0.14,0,1.74,1.45,4.35,0.58,0
20,Miguel Almirón\Miguel-Almiron,MFFW,Newcastle Utd,27,1.78,1.07,0.81,0.85,0.11,0.59,2.07,28.6,1.48,18.7,4.22,22.5,6.41,7.78,4.56,1.33,0.19,0.07,1.15,1,2.78,0.89,0.04
21,Marcos Alonso\Marcos-Alonso,DF,Chelsea,10.7,1.21,0.75,0.47,0.47,0.28,0.28,1.59,17.6,1.31,13.1,3.83,29.3,5.7,4.58,2.8,2.06,0.09,0,1.96,1.03,2.24,3.46,0
22,Steven Alzate\Steven-Alzate,MFDF,Brighton,10,1.9,1.5,1.2,0.4,0.3,0.2,0.9,22.2,0.7,15.9,5.4,34,4.4,7,4.5,1.6,0.1,0,1.5,0.7,2.6,0.9,0.1
23,Daniel Amartey\Daniel-Amartey,DF,Leicester City,8,1.5,0.75,0.88,0.38,0.25,0.88,1.5,58.3,0.63,7.75,3,38.7,4.63,2.75,0.38,2.38,0.63,0.13,1.75,1.5,3,5.25,0
24,Ethan Ampadu\Ethan-Ampadu,DFMF,Sheffield Utd,23.2,2.67,1.55,1.34,1.12,0.22,0.91,2.11,42.9,1.21,15.5,4.35,28.1,7.76,5.95,1.77,2.07,0.86,0,1.21,1.68,4.35,5.17,0.09
25,Joachim Andersen\Joachim-Andersen,DF,Fulham,30.3,1.35,0.86,0.76,0.43,0.17,0.66,1.22,54.1,0.56,6.47,2.18,33.7,4.22,1.82,0.43,1.16,0.53,0,0.63,1.68,3.04,7.69,0.03
26,Elliot Anderson\Elliot-Anderson,MF,Newcastle Utd,0,0,0,0,0,0,0,0,,0,3,1,33.3,0,3,0,0,0,0,0,0,0,0,0
27,Felipe Anderson\Felipe-Anderson,FWMF,West Ham,0,1,1,0,1,0,0,2,0,2,3,1,33.3,1,2,0,0,0,0,0,0,1,0,0
28,Michail Antonio\Michail-Antonio,FW,West Ham,21.9,0.64,0.37,0.05,0.32,0.27,0.09,0.41,22.2,0.32,11.6,2.97,25.6,0.87,4.2,6.53,1.14,0.41,0,0.73,0.41,1.05,0.37,0
29,Alphonse Areola\Alphonse-Areola,GK,Fulham,36,0.03,0.03,0.03,0,0,0.03,0.14,20,0.11,0.14,0,0,0.14,0,0,0,0,0,0,0,0.03,0,0.03
30,Stuart Armstrong\Stuart-Armstrong,MF,Southampton,30.7,2.28,1.34,0.88,0.98,0.42,0.98,2.61,37.5,1.63,15.9,4.59,28.8,5.41,7,3.52,1.01,0.03,0,0.98,0.98,3.26,0.68,0.03
31,Kepa Arrizabalaga\Kepa-Arrizabalaga,GK,Chelsea,6.5,0,0,0,0,0,0,0.15,0,0.15,0.31,0,0,0.31,0,0,0,0,0,0,0,0,0,0.62
32,Pierre-Emerick Aubameyang\Pierre-Emerick-Aubameyang,FW,Arsenal,25.9,0.66,0.19,0.31,0.27,0.08,0.15,0.77,20,0.62,13.3,3.2,24.1,2.2,5.56,5.52,1,0.08,0,0.93,0.23,0.89,0.54,0
33,Serge Aurier\Serge-Aurier,DF,Tottenham,17.8,4.1,2.13,2.53,1.29,0.28,1.18,2.87,41.2,1.69,21.6,6.29,29.2,11.8,7.08,2.7,2.42,0.34,0,2.08,1.35,5.45,2.92,0.11
34,Charlie Austin\Charlie-Austin,FW,West Brom,1.5,2.67,2,1.33,0.67,0.67,0.67,1.33,50,0.67,15.3,4.67,30.4,3.33,5.33,6.67,0,0,0,0,1.33,4,2,0
35,Jordan Ayew\Jordan-Ayew,FWMF,Crystal Palace,23.3,2.23,1.42,0.34,1.2,0.69,0.6,1.93,31.1,1.33,29.1,6.82,23.5,6.14,14.9,8.07,1.24,0.09,0,1.16,1.24,3.48,0.52,0
36,Luke Ayling\Luke-Ayling,DF,Leeds United,37.8,3.02,1.77,1.85,0.9,0.26,1.11,2.35,47.2,1.24,14.1,4.95,35.1,7.49,5.21,1.4,2.14,0.9,0.03,1.24,1.53,4.55,2.94,0.05
37,César Azpilicueta\Cesar-Azpilicueta,DF,Chelsea,24.3,2.14,1.28,0.95,0.95,0.25,0.86,1.44,60,0.58,14.2,4.36,30.6,6.3,5.8,2.14,1.52,0.29,0,1.23,1.52,3.66,3.99,0.04
38,Eric Bailly\Eric-Bailly,DF,Manchester Utd,10.2,0.88,0.59,0.49,0.29,0.1,0.1,0.1,100,0,5.39,2.16,40,2.65,2.55,0.2,1.67,1.47,0,0.2,2.16,3.04,5,0
39,Fabián Balbuena\Fabian-Balbuena,DF,West Ham,13.3,1.8,1.05,1.5,0.3,0,0.9,1.8,50,0.9,10.1,3.38,33.6,6.62,3.31,0.15,1.88,0.45,0.08,1.43,1.05,2.86,6.69,0.08
40,George Baldock\George-Baldock,DF,Sheffield Utd,31,1.77,0.87,1,0.55,0.23,0.77,1.58,49,0.81,15,3.65,24.4,6.39,5.61,2.97,1.48,0.26,0.03,1.23,1.13,2.9,2.65,0
41,Gareth Bale\Gareth-Bale,FW,Tottenham,10.2,1.37,0.88,0.39,0.59,0.39,0.39,1.27,30.8,0.88,12.3,3.33,27.2,2.65,5.29,4.31,1.57,0.2,0,1.37,0.88,2.25,1.67,0
42,Patrick Bamford\Patrick-Bamford,FW,Leeds United,33.9,0.77,0.53,0.18,0.35,0.24,0.18,0.88,20,0.71,17.8,5.07,28.4,0.97,7.7,9.17,0.47,0.27,0.03,0.21,0.38,1.15,1.03,0
43,Phil Bardsley\Phil-Bardsley,DF,Burnley,3,2,1.33,1.67,0.33,0,0.67,1.33,50,0.67,13,3,23.1,5.67,6.33,1,1.33,0.33,0,1,1,3,4.67,0
44,Ross Barkley\Ross-Barkley,MF,Aston Villa,17,0.35,0.12,0.12,0.24,0,0.18,0.71,25,0.53,14.4,3.41,23.7,2.06,8.41,3.94,1.12,0.12,0,1,0.29,0.65,0.47,0
45,Ross Barkley\Ross-Barkley,MF,Chelsea,0.5,0,0,0,0,0,0,0,,0,10,2,20,4,4,2,0,0,0,0,0,0,0,0
46,Ashley Barnes\Ashley-Barnes,FW,Burnley,14.8,1.08,0.41,0.14,0.47,0.47,0.27,0.81,33.3,0.54,13.6,3.51,25.7,1.62,5.2,6.82,1.01,0.2,0,0.81,0.34,1.42,0.61,0
47,Harvey Barnes\Harvey-Barnes,FWMF,Leicester City,21.6,1.02,0.65,0.42,0.28,0.32,0.19,0.88,21.1,0.69,10.5,3.19,30.4,2.82,4.21,3.47,1.11,0.19,0,0.93,0.74,1.76,0.6,0
48,Kyle Bartley\Kyle-Bartley,DF,West Brom,28.7,0.91,0.63,0.52,0.35,0.03,0.35,1.11,31.3,0.77,8.05,2.65,32.9,4.7,2.86,0.49,2.58,1.29,0.03,1.29,1.08,1.99,7.04,0.07
49,Chris Basham\Chris-Basham,DFMF,Sheffield Utd,28.6,2.66,1.61,1.68,0.77,0.21,1.29,2.45,52.9,1.15,13.4,4.02,30,7.03,4.79,1.57,1.71,0.52,0.17,1.19,1.57,4.23,4.34,0.03
50,Michy Batshuayi\Michy-Batshuayi,FW,Crystal Palace,8.1,0.37,0.37,0.12,0.25,0,0.25,1.11,22.2,0.86,13.5,2.59,19.3,0.99,6.67,5.8,1.23,0.12,0,1.11,0.25,0.62,0.62,0.12
51,Jan Bednarek\Jan-Bednarek,DF,Southampton,34.4,1.4,0.81,0.9,0.47,0.03,0.67,1.54,43.4,0.87,8.26,2.76,33.5,4.91,3.02,0.32,1.72,0.81,0.03,0.9,2.27,3.66,6.28,0.03
52,Donny van de Beek\Donny-van-de-Beek,MFFW,Manchester Utd,5.8,2.07,1.55,0.52,1.03,0.52,0.52,2.24,23.1,1.72,18.1,5.52,30.5,3.62,10.2,4.31,1.9,0.17,0,1.72,1.21,3.28,1.55,0
53,Héctor Bellerín\Hector-Bellerin,DF,Arsenal,23.2,1.47,0.78,0.78,0.56,0.13,0.52,1.77,29.3,1.25,9.61,2.67,27.8,3.75,4.31,1.55,2.16,0.39,0,1.77,0.56,2.03,1.77,0
54,Saïd Benrahma\Said-Benrahma,FWMF,West Ham,15.5,2,1.35,0.65,0.97,0.39,0.52,1.81,28.6,1.29,18.5,4.71,25.4,5.23,9.16,4.13,0.97,0,0,0.97,0.84,2.84,0.65,0
55,Josh Benson\Josh-Benson,MF,Burnley,2.9,2.76,1.72,1.72,0.34,0.69,1.38,2.76,50,1.38,12.4,4.14,33.3,5.17,5.86,1.38,1.03,0.34,0,0.69,0.34,3.1,0.69,0
56,Christian Benteke\Christian-Benteke,FW,Crystal Palace,20.2,0.64,0.45,0.05,0.25,0.35,0,0.4,0,0.4,11.9,2.82,23.8,0.79,6.39,4.7,0.84,0.3,0.05,0.54,0.25,0.89,1.83,0
57,Gaetano Berardi\Gaetano-Berardi,DF,Leeds United,1.3,2.31,1.54,1.54,0,0.77,0.77,0.77,100,0,10.8,4.62,42.9,6.92,3.08,0.77,1.54,0.77,0,0.77,1.54,3.85,3.85,0
58,Jóhann Berg Guðmundsson\Johann-Berg-Gudmundsson,MF,Burnley,15.1,1.26,0.93,0.4,0.6,0.26,0.66,1.52,43.5,0.86,11,3.18,28.9,3.18,4.77,3.05,1.26,0.13,0,1.13,1.13,2.38,0.93,0
59,Sander Berge\Sander-Berge,MF,Sheffield Utd,12.4,1.69,1.29,0.73,0.65,0.32,0.4,1.37,29.4,0.97,17.5,5.08,29,5.65,9.27,2.58,1.61,0.16,0,1.45,0.24,1.94,1.53,0.08
60,Steven Bergwijn\Steven-Bergwijn,FWMF,Tottenham,13.4,1.19,0.75,0.52,0.22,0.45,0.45,1.79,25,1.34,18,4.7,26.1,4.4,7.09,6.49,0.75,0.07,0,0.67,0.9,2.09,0.37,0
61,Bernard\Bernard,MFFW,Everton,5.1,0.98,0.78,0.2,0.39,0.39,0.59,2.35,25,1.76,15.5,3.53,22.8,5.1,6.86,3.53,1.76,0,0,1.76,1.37,2.35,0.59,0
62,Bernardo\Bernardo,DFMF,Brighton,2.3,3.48,2.17,2.61,0.43,0.43,1.74,2.61,66.7,0.87,14.8,5.65,38.2,6.52,3.91,4.35,2.61,0,0,2.61,0,3.48,1.3,0
63,Ryan Bertrand\Ryan-Bertrand,DF,Southampton,28.9,2.46,1.49,1,1.25,0.21,0.97,1.66,58.3,0.69,11,4.26,38.8,4.19,5.05,1.73,1.63,0.17,0,1.45,1.07,3.53,1.94,0.03
64,Yves Bissouma\Yves-Bissouma,MF,Brighton,34.6,3.29,2.14,1.71,1.36,0.23,0.75,2.05,36.6,1.3,15.6,5.4,34.6,6.62,7.4,1.59,1.62,0.23,0,1.39,1.73,5.03,1.94,0
65,Jayden Bogle\Jayden-Bogle,DF,Sheffield Utd,12.3,2.93,1.3,1.71,1.14,0.08,1.63,2.85,57.1,1.22,19,5.45,28.6,8.86,6.5,3.66,2.11,0.33,0,1.79,1.63,4.55,1.79,0
66,Willy Boly\Willy-Boly,DF,Wolves,20.9,1.96,1.24,1.58,0.33,0.05,0.67,1.44,46.7,0.77,7.66,2.63,34.4,5.22,2.15,0.29,1.29,0.62,0,0.67,1.1,3.06,4.98,0
67,Jarrod Bowen\Jarrod-Bowen,FWMF,West Ham,28.5,0.81,0.49,0.39,0.28,0.14,0.18,1.09,16.1,0.91,12.8,3.4,26.6,3.16,4.95,4.7,1.37,0.04,0,1.33,0.77,1.58,0.18,0
68,Robbie Brady\Robbie-Brady,MF,Burnley,11.7,1.88,1.03,1.03,0.26,0.6,0.77,2.65,29,1.88,15.5,3.5,22.7,5.3,6.41,3.76,2.14,0.17,0,1.97,0.77,2.65,2.05,0.09
69,Rhian Brewster\Rhian-Brewster,FW,Sheffield Utd,12.5,1.12,0.64,0.08,0.56,0.48,0,0.96,0,0.96,19,4.88,25.6,1.04,9.36,8.64,1.28,0.24,0,1.04,0.48,1.6,0.24,0
70,Nathan Broadhead\Nathan-Broadhead,MF,Everton,0,1,0,0,1,0,0,0,,0,1,0,0,0,1,0,0,0,0,0,0,1,0,0
71,Josh Brownhill\Josh-Brownhill,MF,Burnley,31.3,1.63,0.89,0.35,1.02,0.26,0.32,1.41,22.7,1.09,15.7,3.99,25.5,3.29,8.34,4.03,1.88,0.38,0.03,1.5,1.69,3.32,1.79,0
72,Joe Bryan\Joe-Bryan,DFFW,Fulham,7.4,2.57,1.62,0.95,0.95,0.68,1.22,2.43,50,1.22,13.1,4.46,34,4.86,5,3.24,2.84,0.41,0,2.43,1.76,4.32,2.57,0
73,Kean Bryan\Kean-Bryan,DF,Sheffield Utd,11.2,2.14,1.34,1.16,0.89,0.09,0.8,1.34,60,0.54,13.4,3.93,29.3,7.23,5.18,0.98,2.32,0.98,0,1.34,2.5,4.64,6.25,0.27
74,Oliver Burke\Oliver-Burke,FW,Sheffield Utd,14.1,1.28,0.71,0.43,0.64,0.21,0.35,1.99,17.9,1.63,29.4,5.39,18.3,2.48,13.3,13.6,1.49,0,0,1.49,0.14,1.42,0.28,0
75,Dan Burn\Dan-Burn,DF,Brighton,22.9,2.05,0.96,1.35,0.57,0.13,0.92,2.36,38.9,1.44,13.5,4.5,33.2,6.38,4.98,2.18,1.7,0.31,0.04,1.4,1.62,3.67,4.15,0
76,Jack Butland\Jack-Butland,GK,Crystal Palace,1,0,0,0,0,0,0,0,,0,0,0,,0,0,0,0,0,0,0,0,0,0,0
77,David Button\David-Button,GK,West Brom,1,0,0,0,0,0,0,0,,0,0,0,,0,0,0,0,0,0,0,0,0,0,0
78,Oskar Buur\Oskar-Buur,DF,Wolves,0.2,0,0,0,0,0,0,5,0,5,25,0,0,15,0,10,0,0,0,0,0,0,0,0
79,Willy Caballero\Willy-Caballero,GK,Chelsea,1,0,0,0,0,0,0,0,,0,0,0,,0,0,0,0,0,0,0,0,0,0,0
80,Gary Cahill\Gary-Cahill,DF,Crystal Palace,20,0.65,0.35,0.5,0.15,0,0.2,0.5,40,0.3,5.05,1.45,28.7,3.3,1.35,0.4,2.25,1.4,0,0.85,0.95,1.6,6.35,0.1
81,Tom Cairney\Tom-Cairney,MF,Fulham,8.4,0.6,0.48,0.12,0.24,0.24,0,0.36,0,0.36,7.74,2.5,32.3,2.14,3.81,1.79,0.71,0,0,0.71,0.12,0.71,0.36,0
82,Dominic Calvert-Lewin\Dominic-Calvert-Lewin,FW,Everton,31.9,0.53,0.38,0,0.22,0.31,0.06,0.34,18.2,0.28,10.9,3.04,28,0.72,4.7,5.45,0.97,0.25,0,0.72,0.16,0.69,0.97,0
83,João Cancelo\Joao-Cancelo,DF,Manchester City,25.5,3.02,1.73,1.61,1.02,0.39,1.61,3.49,46.1,1.88,13.3,4.75,35.8,5.37,4.9,2.98,1.49,0.12,0,1.37,2.08,5.1,1.41,0.04
84,Ian Carlo Poveda\Ian-Carlo-Poveda,MFDF,Leeds United,3.9,2.31,1.79,1.54,0.26,0.51,1.54,3.08,50,1.54,20,5.38,26.9,7.18,7.44,5.38,1.03,0.26,0,0.77,0.51,2.82,0,0
85,Andy Carroll\Andy-Carroll,FW,Newcastle Utd,4.4,0.45,0.23,0.23,0,0.23,0,1.36,0,1.36,13.6,3.18,23.3,1.59,7.05,5,0.45,0,0,0.45,0.23,0.68,2.5,0
86,Scott Carson\Scott-Carson,GK,Manchester City,1,0,0,0,0,0,0,0,,0,0,0,,0,0,0,0,0,0,0,0,0,0,0
87,Fabio Carvalho\Fabio-Carvalho,MFFW,Fulham,2.8,2.86,1.79,1.07,1.43,0.36,1.43,2.86,50,1.43,38.9,8.57,22,4.64,17.1,17.1,2.14,0,0,2.14,1.43,4.29,0,0
88,Matty Cash\Matty-Cash,DF,Aston Villa,26.4,2.95,1.67,1.55,1.1,0.3,1.29,2.88,44.7,1.59,16.9,4.81,28.5,8.79,6.36,1.74,2.92,0.57,0,2.35,1.86,4.81,4.17,0.08
89,Kiko Casilla\Kiko-Casilla,GK,Leeds United,3,0,0,0,0,0,0,0,,0,0.33,0.33,100,0.33,0,0,0,0,0,0,0,0,0,0
90,Timothy Castagne\Timothy-Castagne,DF,Leicester City,26.1,2.26,1.3,1.19,0.84,0.23,0.77,1.69,45.5,0.92,13.4,3.83,28.5,5.59,4.98,2.87,2.03,0.19,0,1.84,0.88,3.14,2.57,0.04
91,Jonny Castro\Jonny-Castro,DF,Wolves,5.5,1.64,1.09,0.91,0.36,0.36,0.91,3.27,27.8,2.36,18,4.55,25.3,6.73,7.82,3.45,1.82,0.55,0,1.27,1.27,2.91,1.45,0
92,Ivan Cavaleiro\Ivan-Cavaleiro,FWMF,Fulham,27.5,1.02,0.76,0.47,0.36,0.18,0.15,0.8,18.2,0.65,16.2,4.76,29.4,2.98,6.65,6.55,1.38,0.04,0,1.35,0.65,1.67,0.8,0.04
93,Edinson Cavani\Edinson-Cavani,FW,Manchester Utd,15.3,0.98,0.72,0.07,0.52,0.39,0.2,0.78,25,0.59,13.7,3.86,28.1,1.05,4.97,7.71,0.39,0.07,0,0.33,0.65,1.63,0.72,0
94,Dani Ceballos\Dani-Ceballos,MF,Arsenal,17.9,2.23,1.84,1.06,0.67,0.5,0.73,2.74,26.5,2.01,15.7,4.19,26.7,6.76,5.59,3.35,1.62,0.39,0.06,1.23,1.34,3.58,1.17,0
95,Calum Chambers\Calum-Chambers,DF,Arsenal,8.4,1.07,0.36,0.48,0.36,0.24,0.36,1.19,30,0.83,11.3,3.33,29.5,5.95,3.57,1.79,1.9,0.36,0,1.55,1.67,2.74,5.36,0
96,Ben Chilwell\Ben-Chilwell,DF,Chelsea,25.4,1.81,1.14,0.75,0.79,0.28,0.63,1.46,43.2,0.83,12.7,4.02,31.6,5.24,5.16,2.32,2.56,0.12,0,2.44,1.14,2.95,2.6,0
97,Hamza Choudhury\Hamza-Choudhury,MF,Leicester City,3.5,3.14,2,1.43,1.71,0,0.57,2.86,20,2.29,15.1,5.14,34,5.14,8.86,1.14,2.57,0.57,0,2,1.43,4.57,1.71,0.29
98,Andreas Christensen\Andreas-Christensen,DF,Chelsea,15.2,1.32,0.79,0.92,0.26,0.13,0.33,0.72,45.5,0.39,6.78,2.5,36.9,3.68,2.5,0.59,1.71,0.99,0,0.72,1.71,3.03,5.26,0.07
99,Carney Chukwuemeka\Carney-Chukwuemeka,FWMF,Aston Villa,0.2,10,10,5,0,5,5,15,33.3,10,70,15,21.4,30,20,20,5,0,0,5,0,10,0,0
100,Ciaran Clark\Ciaran-Clark,DF,Newcastle Utd,21,1.29,0.67,0.86,0.33,0.1,0.14,0.48,30,0.33,7.43,2.33,31.4,4.86,2,0.57,2.14,0.95,0,1.19,1.24,2.52,6.38,0.14
101,Nathaniel Clyne\Nathaniel-Clyne,DF,Crystal Palace,12.7,1.65,0.71,1.1,0.55,0,0.71,1.26,56.3,0.55,9.21,2.44,26.5,5.75,2.28,1.18,1.97,0.16,0,1.81,1.02,2.68,2.52,0
102,Conor Coady\Conor-Coady,DF,Wolves,36.7,0.84,0.63,0.63,0.22,0,0.38,1.01,37.8,0.63,5.53,1.93,35,4.06,1.42,0.05,1.61,1.06,0.05,0.54,0.68,1.53,4.44,0.03
103,Séamus Coleman\Seamus-Coleman,DFMF,Everton,17.9,2.18,1.45,1.4,0.5,0.28,0.95,2.23,42.5,1.28,13.5,4.08,30.2,7.49,4.02,2.01,2.18,0.5,0,1.68,1.23,3.41,2.12,0.06
104,Aaron Connolly\Aaron-Connolly,FW,Brighton,8.8,0.8,0.57,0.23,0.45,0.11,0.11,0.57,20,0.45,14.1,4.55,32.3,0.8,6.59,6.7,1.02,0.11,0,0.91,0,0.8,0.11,0
105,Liam Cooper\Liam-Cooper,DF,Leeds United,24.3,3.13,1.93,1.98,1.11,0.04,1.4,2.39,58.6,0.99,12,4.73,39.5,7.45,4.2,0.33,1.85,1.28,0,0.58,2.18,5.31,5.06,0.04
106,Theo Corbeanu\Theo-Corbeanu,FW,Wolves,0.1,10,0,0,10,0,0,10,0,10,40,10,25,10,20,10,0,0,0,0,10,20,0,0
107,Jack Cork\Jack-Cork,MF,Burnley,15,1.67,1.07,0.4,1,0.27,0.6,1.8,33.3,1.2,15.6,4.73,30.3,3.87,8.07,3.67,1.33,0.4,0,0.93,1,2.67,1.6,0
108,Hélder Costa\Helder-Costa,MFFW,Leeds United,12.8,2.34,1.17,1.09,0.55,0.7,0.7,2.5,28.1,1.8,20.7,5.63,27.2,7.27,7.97,5.47,1.48,0,0,1.48,0.47,2.81,0.7,0
109,Vladimír Coufal\Vladimir-Coufal,DF,West Ham,33.9,2.27,1.21,1.68,0.5,0.09,1.3,2.74,47.3,1.45,13.5,3.72,27.6,7.29,4.13,2.06,2.18,0.15,0,2.04,1.15,3.42,3.6,0.03
110,Aaron Cresswell\Aaron-Cresswell,DF,West Ham,35.2,0.88,0.37,0.43,0.4,0.06,0.4,0.97,41.2,0.57,6.53,1.9,29.1,3.47,2.56,0.51,1.36,0.4,0,0.97,1.02,1.9,2.78,0
111,Patrick Cutrone\Patrick-Cutrone,FWMF,Wolves,0.3,0,0,0,0,0,0,0,,0,23.3,6.67,28.6,6.67,3.33,13.3,0,0,0,0,0,0,0,0
112,Stuart Dallas\Stuart-Dallas,DFMF,Leeds United,37.9,2.08,1.37,1.21,0.74,0.13,0.77,2.64,29,1.87,15.5,5.01,32.4,5.88,7.36,2.24,1.45,0.08,0,1.37,1.56,3.64,1.45,0.03
113,Scott Dann\Scott-Dann,DF,Crystal Palace,15,0.67,0.47,0.6,0.07,0,0.2,0.8,25,0.6,4.13,1.13,27.4,2.73,1.33,0.07,1.73,1.07,0,0.67,0.53,1.2,5,0.07
114,Karl Darlow\Karl-Darlow,GK,Newcastle Utd,25,0,0,0,0,0,0,0.08,0,0.08,0.08,0,0,0.08,0,0,0,0,0,0,0.04,0.04,0.08,0
115,Ben Davies\Ben-Davies,DF,Tottenham,15,1.73,0.87,0.93,0.53,0.27,0.67,1.93,34.5,1.27,12.3,2.8,22.8,6.07,4.27,1.93,1.6,0.33,0,1.27,0.87,2.6,4.8,0
116,Tom Davies\Tom-Davies,MF,Everton,15.8,2.09,1.77,1.33,0.7,0.06,0.63,2.53,25,1.9,17.2,5.76,33.5,7.28,7.78,2.15,1.33,0.51,0,0.82,2.15,4.24,1.9,0.06
117,Keinan Davis\Keinan-Davis,FWMF,Aston Villa,3.1,0.97,0.97,0.32,0.32,0.32,0,0.32,0,0.32,20.3,5.16,25.4,1.29,10.6,8.39,0.65,0.32,0,0.32,0,0.97,0.65,0
118,Leif Davis\Leif-Davis,DF,Leeds United,0.4,0,0,0,0,0,0,5,0,5,30,0,0,12.5,15,2.5,7.5,2.5,0,5,5,5,0,0
119,Craig Dawson\Craig-Dawson,DF,West Ham,21.4,0.61,0.51,0.61,0,0,0.14,0.56,25,0.42,6.78,2.1,31,4.49,2.15,0.14,1.5,1.17,0.05,0.33,1.82,2.43,6.21,0.05
120,Kevin De Bruyne\Kevin-De-Bruyne,MF,Manchester City,22.2,1.67,1.4,0.36,0.86,0.45,0.45,2.34,19.2,1.89,16.9,5.5,32.4,2.07,7.88,6.98,1.22,0.09,0,1.13,0.72,2.39,0.32,0
121,Liam Delap\Liam-Delap,FW,Manchester City,0.4,0,0,0,0,0,0,0,,0,15,2.5,16.7,0,12.5,2.5,0,0,0,0,0,0,0,0
122,Fabian Delph\Fabian-Delph,MFDF,Everton,3,1.67,0.67,1,0.67,0,0.33,0.67,50,0.33,10,2,20,4,6,0,1.33,0,0,1.33,1.33,3,1,0
123,Leander Dendoncker\Leander-Dendoncker,MFDF,Wolves,27.8,1.76,1.04,1.12,0.54,0.11,0.83,2.19,37.7,1.37,17.8,5.36,30.2,8.02,8.06,1.69,2.12,0.54,0,1.58,0.97,2.73,2.7,0
124,Mbaye Diagne\Mbaye-Diagne,FW,West Brom,13.2,0.61,0.3,0.23,0.15,0.23,0.08,0.3,25,0.23,10.5,3.03,29,0.98,3.33,6.14,0.53,0.08,0,0.45,0.15,0.76,1.29,0
125,Amad Diallo\Amad-Diallo,FW,Manchester Utd,1.8,1.67,1.67,0.56,1.11,0,0,0,,0,27.8,7.78,28,7.22,11.7,8.89,1.11,0.56,0,0.56,1.67,3.33,1.67,0
126,Ibrahima Diallo\Ibrahima-Diallo,MF,Southampton,11.3,2.65,2.21,1.24,1.24,0.18,0.8,2.04,39.1,1.24,21.4,7.26,33.9,7.17,12.7,1.5,1.24,0.09,0,1.15,1.42,4.07,1.42,0
127,Grady Diangana\Grady-Diangana,MFFW,West Brom,13.7,2.55,1.39,1.61,0.36,0.58,1.02,2.63,38.9,1.61,22.6,4.89,21.7,10.4,7.01,5.18,2.19,0.15,0,2.04,1.02,3.58,0.36,0.07
128,Raphael Dias Belloli\Raphael-Dias-Belloli,MF,Leeds United,26.2,1.45,0.73,0.57,0.53,0.34,0.5,2.1,23.6,1.6,15.3,3.74,24.4,4.24,6.11,5,1.49,0.04,0,1.45,1.18,2.63,1.26,0
129,Rúben Dias\Ruben-Dias,DF,Manchester City,31.6,0.98,0.66,0.54,0.38,0.06,0.19,0.73,26.1,0.54,5.73,2.12,37,2.91,2.22,0.6,1.42,0.79,0,0.63,0.7,1.68,3.73,0
130,Eric Dier\Eric-Dier,DF,Tottenham,28,0.86,0.54,0.46,0.36,0.04,0.43,0.79,54.5,0.36,5.93,1.71,28.9,3.79,1.86,0.29,1.79,1.21,0,0.57,0.82,1.68,6.04,0
131,Lucas Digne\Lucas-Digne,DF,Everton,29.8,2.62,1.34,1.78,0.47,0.37,0.97,1.68,58,0.7,13.8,3.56,25.7,6.54,4.73,2.55,1.98,0.13,0,1.85,0.87,3.49,3.22,0
132,Virgil van Dijk\Virgil-van-Dijk,DF,Liverpool,4.1,0.73,0.24,0.24,0.49,0,0,0.24,0,0.24,3.41,0.73,21.4,1.71,1.71,0,0.73,0.49,0,0.24,0,0.73,2.93,0.24
133,Issa Diop\Issa-Diop,DF,West Ham,15.3,1.7,1.24,0.92,0.78,0,0.39,1.18,33.3,0.78,7.39,2.68,36.3,3.99,3.14,0.26,2.29,1.57,0.07,0.72,0.92,2.61,5.36,0.13
134,Moussa Djenepo\Moussa-Djenepo,MF,Southampton,13.8,3.33,1.59,1.81,0.8,0.72,1.3,3.84,34,2.54,24.1,6.88,28.6,8.84,8.99,6.23,1.96,0.07,0,1.88,0.8,4.13,1.16,0
135,Matt Doherty\Matt-Doherty,DF,Tottenham,13.8,1.67,0.58,0.72,0.58,0.36,0.8,2.46,32.4,1.67,13.5,2.75,20.4,5.8,5.07,2.61,2.97,0.36,0,2.61,1.3,2.97,3.91,0
136,Gabriel Dos Santos\Gabriel-Dos-Santos,DF,Arsenal,22.2,1.26,0.77,0.99,0.23,0.05,0.41,0.77,52.9,0.36,6.8,2.48,36.4,4.28,2.21,0.32,1.85,1.04,0,0.81,1.04,2.3,4.77,0.09
137,Abdoulaye Doucouré\Abdoulaye-Doucoure,MF,Everton,27.1,2.07,1.55,1.11,0.7,0.26,0.63,1.66,37.8,1.03,20.1,5.83,29,8.41,8.08,3.58,1.59,0.33,0,1.25,1.29,3.36,1.07,0.04
138,Martin Dúbravka\Martin-Dubravka,GK,Newcastle Utd,13,0,0,0,0,0,0,0,,0,0.15,0.15,100,0.15,0,0,0,0,0,0,0,0,0,0
139,Paul Dummett\Paul-Dummett,DF,Newcastle Utd,13.9,1.51,0.79,0.94,0.5,0.07,0.72,1.44,50,0.72,8.56,2.01,23.5,5.83,2.3,0.43,2.16,0.72,0,1.44,1.22,2.73,6.83,0.07
140,Lewis Dunk\Lewis-Dunk,DF,Brighton,32.6,1.04,0.58,0.67,0.31,0.06,0.37,0.71,52.2,0.34,5.77,2.15,37.2,3.04,2.33,0.4,1.23,0.74,0.03,0.49,0.89,1.93,3.87,0.06
141,Jimmy Dunne\Jimmy-Dunne,DF,Burnley,3,1.33,0.67,1,0.33,0,0.67,0.67,100,0,8,3.67,45.8,5.33,2.33,0.33,2.33,1.33,0,1,1,2.33,6.33,0
142,Ederson\Ederson,GK,Manchester City,36,0,0,0,0,0,0,0.03,0,0.03,0.14,0.03,20,0.14,0,0,0,0,0,0,0,0,0.06,0.03
143,Kyle Edwards\Kyle-Edwards,MFFW,West Brom,1.3,2.31,0,0.77,0.77,0.77,0,0.77,0,0.77,11.5,1.54,13.3,3.08,6.92,1.54,1.54,0,0,1.54,0.77,3.08,0,0
144,John Egan\John-Egan,DF,Sheffield Utd,29.2,1.61,1.03,1.16,0.41,0.03,0.58,1.16,50,0.58,8.46,2.77,32.8,5.31,2.98,0.17,1.92,1.13,0.03,0.79,1.4,3.01,5.48,0.03
145,Anthony Elanga\Anthony-Elanga,FW,Manchester Utd,1.7,2.35,0.59,1.76,0.59,0,1.76,3.53,50,1.76,28.8,6.47,22.4,10.6,12.9,5.29,1.18,0.59,0,0.59,0.59,2.94,0.59,0
146,Ahmed Elmohamady\Ahmed-Elmohamady,DF,Aston Villa,9.3,1.94,1.4,1.08,0.43,0.43,0.65,1.08,60,0.43,7.96,3.01,37.8,4.19,2.8,0.97,1.61,0.43,0,1.18,2.9,4.84,3.44,0
147,Mohamed Elneny\Mohamed-Elneny,MF,Arsenal,17.2,0.93,0.64,0.52,0.41,0,0.29,1.1,26.3,0.81,11.5,3.31,28.9,4.13,5.29,2.03,1.05,0.23,0,0.81,1.16,2.09,1.4,0.06
148,Jonny Evans\Jonny-Evans,DF,Leicester City,27.5,0.76,0.44,0.62,0.11,0.04,0.36,0.76,47.6,0.4,6.11,2.4,39.3,4.07,1.93,0.11,0.98,0.22,0,0.76,1.49,2.25,5.31,0
149,Eberechi Eze\Eberechi-Eze,MF,Crystal Palace,28.4,1.34,0.77,0.63,0.49,0.21,0.49,1.27,38.9,0.77,11.2,3.2,28.5,3.13,5.7,2.39,1.13,0.11,0,1.02,1.02,2.36,0.21,0
150,Łukasz Fabiański\Lukasz-Fabianski,GK,West Ham,35,0,0,0,0,0,0,0,,0,0.31,0.06,18.2,0.31,0,0,0.09,0,0,0.09,0,0,0.03,0.03
151,Fabinho\Fabinho,DFMF,Liverpool,28.5,2.53,1.79,0.88,1.4,0.25,0.88,1.96,44.6,1.09,12.3,4.04,32.8,4.21,7.02,1.09,1.44,0.42,0,1.02,1.72,4.25,3.72,0
152,Bruno Fernandes\Bruno-Fernandes,MF,Manchester Utd,34.4,1.74,1.13,0.61,0.73,0.41,0.52,2.65,19.8,2.12,20.9,5.2,24.9,3.4,10,7.47,1.16,0.03,0,1.13,0.64,2.38,0.78,0
153,Federico Fernández\Federico-Fernandez,DF,Newcastle Utd,23.1,1.52,0.74,1.13,0.3,0.09,0.61,1.08,56,0.48,7.92,2.21,27.9,5.58,2.03,0.3,2.21,1.39,0,0.82,0.74,2.25,7.19,0.04
154,Fernandinho\Fernandinho,MF,Manchester City,13.2,2.35,1.67,0.45,1.29,0.61,0.91,2.88,31.6,1.97,16.9,5.68,33.6,3.56,10.8,2.58,1.14,0.08,0,1.06,1.97,4.32,2.42,0
155,Sam Field\Sam-Field,MF,West Brom,0.7,12.9,10,5.71,7.14,0,2.86,4.29,66.7,1.43,31.4,14.3,45.5,11.4,18.6,1.43,8.57,1.43,0,7.14,0,12.9,5.71,0
156,Roberto Firmino\Roberto-Firmino,FW,Liverpool,31.5,1.11,0.7,0.13,0.44,0.54,0.38,1.21,31.6,0.83,18.9,5.56,29.4,2.32,8.86,7.75,1.84,0.16,0,1.68,0.32,1.43,0.35,0
157,John Fleck\John-Fleck,MF,Sheffield Utd,28.6,1.61,0.94,0.91,0.56,0.14,0.56,2.41,23.2,1.85,17.7,4.44,25.1,6.22,8.6,2.87,1.29,0.17,0,1.12,1.36,2.97,0.63,0.03
158,Phil Foden\Phil-Foden,FWMF,Manchester City,18,1.44,0.89,0.56,0.61,0.28,0.56,1.17,47.6,0.61,17.1,4.89,28.7,2.83,6.5,7.72,0.83,0.06,0,0.78,0.67,2.11,0.67,0
159,Wesley Fofana\Wesley-Fofana,DF,Leicester City,25.1,2.51,1.63,1.51,0.96,0.04,0.72,1.39,51.4,0.68,9.88,3.31,33.5,5.54,4.02,0.32,1.87,0.84,0,1.04,2.03,4.54,4.98,0
160,Pablo Fornals\Pablo-Fornals,FWMF,West Ham,28.6,1.54,1.01,0.56,0.73,0.24,0.24,2.87,8.5,2.62,20.2,4.2,20.8,6.19,9.55,4.44,1.85,0.03,0,1.82,1.15,2.69,0.31,0.03
161,Fraser Forster\Fraser-Forster,GK,Southampton,8,0,0,0,0,0,0,0.13,0,0.13,0.38,0.13,33.3,0.38,0,0,0,0,0,0,0,0,0.5,0
162,Timothy Fosu-Mensah\Timothy-Fosu-Mensah,DF,Manchester Utd,0.9,3.33,1.11,2.22,1.11,0,1.11,1.11,100,0,7.78,2.22,28.6,3.33,4.44,0,1.11,0,0,1.11,1.11,4.44,1.11,0
163,Tyrese Francois\Tyrese-Francois,DF,Fulham,0.2,0,0,0,0,0,0,0,,0,10,5,50,10,0,0,5,0,0,5,0,0,0,0
164,Ryan Fraser\Ryan-Fraser,FWMF,Newcastle Utd,10.3,0.39,0.1,0.29,0.1,0,0,0.19,0,0.19,11.1,1.84,16.7,1.75,4.95,4.37,0.78,0,0,0.78,0.29,0.68,0.29,0
165,Fred\Fred,MF,Manchester Utd,26.6,3.31,2.07,1.39,1.54,0.38,1.13,3.27,34.5,2.14,24,7.52,31.3,8.57,11.3,4.17,2.33,0.34,0,1.99,1.77,5.08,1.24,0
166,Ryan Fredericks\Ryan-Fredericks,DFFW,West Ham,6.3,2.06,0.95,1.11,0.95,0,0.95,2.06,46.2,1.11,10.3,2.06,20,6.03,2.22,2.06,2.54,0.32,0,2.22,1.27,3.33,3.49,0
167,Christian Fuchs\Christian-Fuchs,DF,Leicester City,7.8,1.92,1.15,1.67,0.13,0.13,0.64,1.79,35.7,1.15,11.2,2.95,26.4,6.79,3.46,0.9,2.05,0.51,0.13,1.54,1.54,3.46,3.97,0
168,Darnell Furlong\Darnell-Furlong,DF,West Brom,32.6,1.5,0.52,0.89,0.46,0.15,0.58,1.26,46.3,0.67,8.9,2.55,28.6,4.02,3.22,1.66,2.45,0.49,0.03,1.96,0.86,2.36,3.68,0.03
169,Conor Gallagher\Conor-Gallagher,MF,West Brom,28.1,2.92,1.89,1.1,1.42,0.39,0.78,3.45,22.7,2.67,25.2,6.41,25.4,8.26,12.3,4.7,2.24,0.28,0,1.96,1.39,4.31,1.07,0.04
170,Eric García\Eric-Garcia,DF,Manchester City,4.3,2.33,0.93,1.63,0.47,0.23,0.7,2.33,30,1.63,11.4,3.02,26.5,6.98,4.19,0.23,1.16,0.23,0,0.93,1.16,3.49,2.79,0
171,Dwight Gayle\Dwight-Gayle,FWMF,Newcastle Utd,5.7,1.05,0.7,0.35,0.7,0,0.18,0.88,20,0.7,15.8,3.86,24.4,2.28,6.32,7.19,0.53,0.35,0,0.18,0.18,1.23,0,0
172,Jean-Philippe Gbamin\Jean-Philippe-Gbamin,MF,Everton,0.1,10,10,0,10,0,0,10,0,10,40,20,50,0,10,30,10,0,0,10,0,10,10,0
173,David de Gea\David-de-Gea,GK,Manchester Utd,25.5,0,0,0,0,0,0,0,,0,0,0,,0,0,0,0,0,0,0,0,0,0.04,0
174,Anwar El Ghazi\Anwar-El-Ghazi,FW,Aston Villa,17.9,0.89,0.56,0.45,0.28,0.17,0.22,1.01,22.2,0.78,12.2,2.91,23.9,3.35,4.58,4.25,0.61,0,0,0.61,0.56,1.45,0.67,0
175,Kieran Gibbs\Kieran-Gibbs,DF,West Brom,9,1.56,0.67,1,0.33,0.22,0.33,0.78,42.9,0.44,8.89,2.22,25,4.67,3.33,0.89,1.89,0.67,0,1.22,1.56,3.11,3.67,0
176,Morgan Gibbs-White\Morgan-Gibbs-White,FWMF,Wolves,4.6,1.52,1.3,0.43,0.65,0.43,0.65,2.39,27.3,1.74,23.7,8.04,33.9,4.57,10.4,8.7,1.3,0,0,1.3,0.87,2.39,0.22,0
177,Billy Gilmour\Billy-Gilmour,MF,Chelsea,2.9,1.03,0.34,0.34,0.69,0,0.34,2.07,16.7,1.72,23.4,6.21,26.5,8.28,11.7,3.45,1.72,0.69,0,1.03,1.72,2.76,0.34,0
178,Olivier Giroud\Olivier-Giroud,FW,Chelsea,8.3,0.96,0.48,0,0.6,0.36,0,0.36,0,0.36,15.9,4.22,26.5,1.81,6.14,7.95,0.36,0.12,0,0.24,0.48,1.45,1.2,0
179,Ben Godfrey\Ben-Godfrey,DF,Everton,29.8,1.88,0.97,1.34,0.47,0.07,0.84,1.31,64.1,0.47,12.4,3.86,31.1,7.95,3.69,0.77,2.85,1.31,0.03,1.54,1.51,3.39,4.53,0
180,André Gomes\Andre-Gomes,MF,Everton,17.4,2.76,1.95,1.26,1.32,0.17,1.09,3.33,32.8,2.24,21.2,6.84,32.2,7.13,10.7,3.39,1.72,0.06,0,1.67,0.86,3.62,0.52,0
181,Joe Gomez\Joe-Gomez,DF,Liverpool,6.6,0.76,0.3,0.3,0.45,0,0,0.61,0,0.61,5.91,2.27,38.5,3.64,1.97,0.3,1.06,0.45,0,0.61,0.76,1.52,4.85,0.3
182,Anthony Gordon\Anthony-Gordon,FWMF,Everton,1,3,2,3,0,0,0,2,0,2,18,3,16.7,5,9,4,2,0,0,2,1,4,1,0
183,Karlan Grant\Karlan-Grant,FWMF,West Brom,12.5,0.48,0.24,0.24,0.24,0,0.24,0.48,50,0.24,13.4,3.28,24.6,1.92,5.12,6.32,0.56,0,0,0.56,0.88,1.36,1.04,0
184,Demarai Gray\Demarai-Gray,FW,Leicester City,0.2,10,5,10,0,0,0,0,,0,15,5,33.3,10,0,5,0,0,0,0,0,10,0,0
185,Jack Grealish\Jack-Grealish,FWMF,Aston Villa,24.3,1.11,0.78,0.25,0.62,0.25,0.16,0.74,22.2,0.58,13,4.12,31.6,3.5,4.73,4.77,1.07,0.12,0,0.95,0.53,1.65,0.25,0.04
186,Mason Greenwood\Mason-Greenwood,FW,Manchester Utd,20.2,0.94,0.59,0.4,0.3,0.25,0.2,1.14,17.4,0.94,13,3.66,28.1,2.62,5.69,4.7,0.35,0,0,0.35,0.45,1.39,0.15,0
187,Pascal Groß\Pascal-Gross,MFDF,Brighton,27.6,1.59,0.87,0.87,0.54,0.18,0.69,1.7,40.4,1.01,15.6,4.06,26,5.11,6.85,3.62,1.2,0.18,0,1.01,0.91,2.5,0.87,0
188,Kamil Grosicki\Kamil-Grosicki,FWMF,West Brom,1.6,0.63,0,0.63,0,0,0.63,3.75,16.7,3.13,13.8,1.88,13.6,6.88,5,1.88,0.63,0,0,0.63,0,0.63,1.25,0
189,Vicente Guaita\Vicente-Guaita,GK,Crystal Palace,37,0,0,0,0,0,0,0.03,0,0.03,0.11,0.03,25,0.11,0,0,0,0,0,0,0,0,0.03,0
190,İlkay Gündoğan\Ilkay-Gundogan,MF,Manchester City,22.5,1.11,0.8,0.4,0.44,0.27,0.36,1.64,21.6,1.29,9.56,2.89,30.2,2.04,4.53,2.98,0.67,0.18,0,0.49,0.84,1.96,0.62,0
191,Antwoine Hackford\Antwoine-Hackford,DFFW,Sheffield Utd,0.1,0,0,0,0,0,0,0,,0,30,20,66.7,0,0,30,10,0,0,10,0,0,0,0
192,Sébastien Haller\Sebastien-Haller,FW,West Ham,10.4,1.06,0.38,0.1,0.48,0.48,0.38,1.73,22.2,1.35,19.1,4.04,21.1,1.15,11.1,6.92,0.38,0.1,0,0.29,0.48,1.54,0.67,0
193,Rekeem Harper\Rekeem-Harper,MF,West Brom,0.4,5,2.5,2.5,2.5,0,2.5,2.5,100,0,25,0,0,5,17.5,2.5,0,0,0,0,0,5,0,0
194,Jack Harrison\Jack-Harrison,MF,Leeds United,31.6,2.12,1.11,0.92,0.79,0.41,0.6,1.61,37.3,1.01,20,5.54,27.7,5.28,7.15,7.53,1.23,0.09,0,1.14,0.79,2.91,0.82,0
195,Kortney Hause\Kortney-Hause,DF,Aston Villa,7,0.71,0.57,0.43,0.29,0,0,0.14,0,0.14,5.57,2,35.9,3.43,2,0.14,0.86,0.57,0,0.29,1.71,2.43,9.29,0
196,Kai Havertz\Kai-Havertz,MFFW,Chelsea,16.9,1.12,0.65,0.3,0.65,0.18,0.24,1.36,17.4,1.12,15.4,3.49,22.6,2.31,7.51,5.62,1.6,0.12,0,1.48,0.65,1.78,0.89,0.06
197,Isaac Hayden\Isaac-Hayden,MFDF,Newcastle Utd,21.6,2.31,1.57,0.65,1.3,0.37,0.32,1.25,25.9,0.93,18.8,4.68,24.8,7.31,8.98,2.55,1.94,0.37,0,1.57,2.13,4.44,2.64,0.05
198,Michael Hector\Michael-Hector,DF,Fulham,2.9,2.41,1.72,1.38,1.03,0,1.03,2.41,42.9,1.38,9.66,3.79,39.3,7.24,2.41,0,2.07,1.03,0.34,1.03,0,2.41,3.79,0
199,Ahmed Hegazi\Ahmed-Hegazi,DF,West Brom,1,0,0,0,0,0,0,0,,0,10,4,40,8,2,0,2,0,0,2,0,0,11,0
200,Dean Henderson\Dean-Henderson,GK,Manchester Utd,12.5,0,0,0,0,0,0,0.08,0,0.08,0.32,0.08,25,0.32,0,0,0,0,0,0,0,0,0,0
201,Jordan Henderson\Jordan-Henderson,MFDF,Liverpool,18.9,1.01,0.48,0.42,0.37,0.21,0.42,1.53,27.6,1.11,9.79,3.17,32.4,3.17,4.55,2.06,1.48,0.21,0.05,1.27,1.59,2.59,2.28,0.05
202,Jeff Hendrick\Jeff-Hendrick,MF,Newcastle Utd,15.8,0.38,0.25,0.19,0.19,0,0.13,0.89,14.3,0.76,10.9,3.04,27.7,2.59,6.58,1.77,1.52,0.57,0,0.95,0.76,1.14,1.77,0
203,Pablo Hernández\Pablo-Hernandez,MFFW,Leeds United,4.7,1.06,0.43,0.43,0.21,0.43,0.85,3.83,22.2,2.98,15.3,4.04,26.4,2.34,8.51,4.47,0.43,0,0,0.43,1.06,2.13,0.21,0
204,Son Heung-min\Son-Heung-min,FW,Tottenham,34.6,0.84,0.49,0.26,0.43,0.14,0.38,2.05,18.3,1.68,17.8,4.08,22.9,3.47,9.22,5.14,0.98,0.09,0,0.9,0.66,1.5,0.12,0
205,Ki-Jana Hoever\Ki-Jana-Hoever,DF,Wolves,6.4,2.81,1.56,2.34,0.31,0.16,1.25,2.97,42.1,1.72,20.8,4.53,21.8,12.5,6.72,1.56,1.09,0.16,0,0.94,1.56,4.38,2.97,0
206,Rob Holding\Rob-Holding,DF,Arsenal,28.4,1.37,0.74,0.92,0.28,0.18,0.32,0.95,33.3,0.63,10.4,3.13,30.1,6.06,3.8,0.56,1.9,1.09,0,0.81,0.81,2.18,5.53,0
207,Mason Holgate\Mason-Holgate,DF,Everton,25.4,2.56,1.5,1.5,0.79,0.28,0.87,2.17,40,1.3,12.4,3.82,30.7,6.38,4.53,1.54,2.17,0.51,0,1.65,1.61,4.17,4.33,0.12
208,Conor Hourihane\Conor-Hourihane,MF,Aston Villa,2.5,0,0,0,0,0,0,0.8,0,0.8,6.8,2.4,35.3,1.6,2.4,2.8,1.2,0,0,1.2,0,0,0.8,0
209,Callum Hudson-Odoi\Callum-Hudson-Odoi,FWDF,Chelsea,11.8,2.03,1.02,0.93,0.59,0.51,0.59,1.53,38.9,0.93,13.6,4.58,33.8,3.14,6.02,4.41,1.53,0.08,0,1.44,0.85,2.88,0.68,0
210,Niall Huggins\Niall-Huggins,DF,Leeds United,0.4,0,0,0,0,0,0,5,0,5,22.5,2.5,11.1,10,7.5,5,0,0,0,0,0,0,0,0
211,Pierre Højbjerg\Pierre-Hojbjerg,MF,Tottenham,38,3.13,2.16,1.5,1.26,0.37,1.61,3.66,43.9,2.05,21.2,6.11,28.7,8.5,10.4,2.32,1.55,0.26,0,1.29,1.29,4.42,2.16,0
212,Odion Ighalo\Odion-Ighalo,FW,Manchester Utd,0.1,0,0,0,0,0,0,10,0,10,20,0,0,10,0,10,0,0,0,0,0,0,0,0
213,Kelechi Iheanacho\Kelechi-Iheanacho,FW,Leicester City,16.2,0.74,0.56,0.19,0.37,0.19,0.19,0.93,20,0.74,15,3.33,22.2,1.11,7.84,6.05,1.17,0.19,0,0.99,0.25,0.99,0.06,0
214,Danny Ings\Danny-Ings,FW,Southampton,24.1,1.04,0.54,0.25,0.66,0.12,0.46,1.37,33.3,0.91,16.2,3.9,24,2.28,6.8,7.14,1.95,0.12,0,1.83,0.29,1.33,0.71,0.08
215,Branislav Ivanović\Branislav-Ivanovic,DF,West Brom,8.5,1.65,0.59,1.06,0.59,0,0.59,1.41,41.7,0.82,9.76,2.12,21.7,6.35,3.29,0.12,1.76,0.82,0,0.94,0.35,2,3.65,0
216,Alex Iwobi\Alex-Iwobi,FWDF,Everton,17.1,1.93,1.23,0.94,0.88,0.12,0.82,1.58,51.9,0.76,13.1,4.27,32.6,5.44,4.21,3.45,1.29,0.06,0,1.23,1.05,2.98,0.7,0
217,José Izquierdo\Jose-Izquierdo,DFMF,Brighton,0.1,0,0,0,0,0,0,0,,0,10,0,0,0,0,10,0,0,0,0,0,0,0,0
218,Phil Jagielka\Phil-Jagielka,DF,Sheffield Utd,5.8,1.55,0.69,0.86,0.52,0.17,0.86,1.9,45.5,1.03,9.66,2.93,30.4,6.9,2.76,0,2.59,1.03,0,1.55,2.07,3.62,8.1,0.34
219,Alireza Jahanbakhsh\Alireza-Jahanbakhsh,FWMF,Brighton,5.9,1.36,0.85,0.17,1.02,0.17,0.34,2.03,16.7,1.69,15.8,4.24,26.9,2.54,5.25,7.97,1.53,0.17,0,1.36,1.19,2.54,0.17,0
220,Daniel James\Daniel-James,FW,Manchester Utd,10.1,1.19,0.89,0.4,0.5,0.3,0.2,2.28,8.7,2.08,21.9,4.55,20.8,4.55,8.71,8.61,1.39,0.1,0,1.29,0.99,2.18,0.4,0
221,Reece James\Reece-James,DF,Chelsea,26.4,2.42,1.36,1.33,0.8,0.3,0.72,1.86,38.8,1.14,13.6,3.48,25.6,6.02,5.76,1.86,2.2,0.34,0,1.86,1.55,3.98,2.05,0
222,Alexandre Jankewitz\Alexandre-Jankewitz,MF,Southampton,0,2,0,1,1,0,1,1,100,0,8,2,25,4,4,0,0,0,0,0,0,2,0,0
223,Daniel Jebbison\Daniel-Jebbison,FW,Sheffield Utd,3.2,1.25,0,0.31,0.63,0.31,0.31,0.94,33.3,0.63,19.1,2.81,14.8,0.94,8.44,9.69,2.5,0.31,0,2.19,0.94,2.19,0,0
224,Gabriel Jesus\Gabriel-Jesus,FW,Manchester City,22.9,1,0.57,0.26,0.35,0.39,0.31,1.14,26.9,0.83,14.5,4.54,31.4,1.7,5.2,7.55,0.83,0.09,0,0.74,0.83,1.83,0.17,0
225,Raúl Jiménez\Raul-Jimenez,FW,Wolves,9.1,0.77,0.44,0.11,0.44,0.22,0,0.77,0,0.77,9.89,2.42,24.4,1.32,3.96,4.62,0.88,0.11,0,0.77,0.66,1.43,1.1,0.11
226,Joelinton\Joelinton,FWMF,Newcastle Utd,22,2,1.18,0.45,1.23,0.32,0.59,1.73,34.2,1.14,17.9,4.36,24.4,4,9.05,4.86,1.68,0.18,0,1.5,0.91,2.91,0.95,0
227,Ben Johnson\Ben-Johnson,DF,West Ham,5.8,1.55,0.52,1.21,0,0.34,0.86,1.55,55.6,0.69,14,2.24,16,7.76,3.79,2.41,1.72,0.34,0.17,1.38,1.9,3.45,2.41,0
228,Sam Johnstone\Sam-Johnstone,GK,West Brom,37,0,0,0,0,0,0,0,,0,0.08,0.05,66.7,0.08,0,0,0.03,0,0,0.03,0,0,0,0.03
229,Curtis Jones\Curtis-Jones,MF,Liverpool,13.1,1.6,1.22,0.61,0.61,0.38,0.76,1.76,43.5,0.99,17.9,5.34,29.9,3.89,8.4,5.57,1.37,0,0,1.37,1.3,2.9,0.76,0.08
230,Jorginho\Jorginho,MF,Chelsea,22.3,2.65,1.7,1.12,1.26,0.27,0.99,3.27,30.1,2.29,20.9,7.4,35.3,7.58,10.8,2.56,1.88,0.22,0,1.66,2.29,4.93,0.94,0.04
231,Willian José\Willian-Jose,FW,Wolves,12.3,0.16,0.16,0,0.08,0.08,0,0.33,0,0.33,9.67,2.6,26.9,0.41,5.12,4.15,0.57,0.08,0,0.49,0.57,0.73,0.81,0
232,Diogo Jota\Diogo-Jota,FW,Liverpool,12.4,1.13,0.81,0.32,0.56,0.24,0.4,2.82,14.3,2.42,23.9,6.05,25.3,4.76,8.47,10.6,0.97,0.08,0,0.89,0.65,1.77,0.32,0
233,James Justin\James-Justin,DF,Leicester City,23,2.74,1.22,1.78,0.78,0.17,0.74,1.87,39.5,1.13,15.1,4.78,31.7,7.96,4.65,2.48,2.35,0.48,0,1.87,1.09,3.83,2.78,0
234,Ozan Kabak\Ozan-Kabak,DF,Liverpool,8.9,2.13,1.12,1.35,0.45,0.34,0.22,0.79,28.6,0.56,11.6,4.61,39.8,6.52,4.49,0.56,0.56,0.34,0,0.22,1.35,3.48,5.51,0.11
235,Aboubakar Kamara\Aboubakar-Kamara,FWDF,Fulham,3.5,0.57,0.57,0.57,0,0,0.29,1.43,20,1.14,20.3,3.71,18.3,3.71,7.71,8.86,2.86,0.29,0,2.57,0.57,1.14,0.57,0
236,Harry Kane\Harry-Kane,FW,Tottenham,34.2,0.53,0.35,0.09,0.35,0.09,0.15,0.58,25,0.44,11.4,2.89,25.3,0.61,5.56,5.26,0.88,0.38,0.03,0.5,0.44,0.96,1.2,0
237,N'Golo Kanté\NGolo-Kante,MF,Chelsea,23.8,3.66,2.39,1.76,1.68,0.21,1.22,2.52,48.3,1.3,20.1,6.89,34.3,8.45,8.95,2.69,2.61,0.21,0,2.39,2.61,6.26,1.34,0
238,Moise Kean\Moise-Kean,FW,Everton,0.2,0,0,0,0,0,0,0,,0,5,0,0,0,0,5,0,0,0,0,0,0,0,0
239,Michael Keane\Michael-Keane,DF,Everton,33.2,0.93,0.45,0.69,0.18,0.06,0.36,1.02,35.3,0.66,6.14,2.11,34.3,3.95,1.93,0.27,2.23,1.14,0,1.08,1.3,2.23,5.96,0.06
240,Neeskens Kebano\Neeskens-Kebano,FWMF,Fulham,1.3,0.77,0.77,0.77,0,0,0.77,2.31,33.3,1.54,23.1,6.92,30,3.08,10,10,3.85,0,0,3.85,0,0.77,0.77,0
241,Naby Keïta\Naby-Keita,MF,Liverpool,5.8,1.21,0.86,0.69,0.34,0.17,0.34,3.1,11.1,2.76,24.8,6.38,25.7,3.1,12.9,8.79,1.9,0,0,1.9,2.07,3.28,1.03,0
242,Caoimhín Kelleher\Caoimhin-Kelleher,GK,Liverpool,2,0,0,0,0,0,0,0,,0,0,0,,0,0,0,0,0,0,0,0,0,0,0
243,Martin Kelly\Martin-Kelly,DF,Crystal Palace,0,1,0,1,0,0,1,1,100,0,3,2,66.7,2,1,0,0,0,0,0,0,1,1,0
244,Jonjoe Kenny\Jonjoe-Kenny,DF,Everton,0.9,1.11,0,1.11,0,0,0,1.11,0,1.11,12.2,1.11,9.1,4.44,4.44,3.33,2.22,0,0,2.22,1.11,2.22,1.11,0
245,Reda Khadra\Reda-Khadra,FW,Brighton,0.1,0,0,0,0,0,0,0,,0,10,10,100,0,0,10,0,0,0,0,0,0,0,0
246,Max Kilman\Max-Kilman,DF,Wolves,14.6,1.85,1.37,1.44,0.21,0.21,0.68,1.37,50,0.68,10.1,3.01,29.7,7.19,2.47,0.48,1.37,0.62,0,0.75,1.23,3.08,3.97,0
247,Joshua King\Joshua-King,MFFW,Everton,1.6,2.5,0.63,1.25,0,1.25,0.63,0.63,100,0,27.5,6.88,25,8.75,10.6,8.13,1.88,0,0,1.88,0.63,3.13,0.63,0
248,Mateusz Klich\Mateusz-Klich,MF,Leeds United,26.6,1.95,1.62,0.71,0.94,0.3,0.38,2.22,16.9,1.84,21.4,6.2,28.9,4.85,12,4.59,0.79,0.15,0,0.64,0.64,2.59,0.86,0
249,Robin Koch\Robin-Koch,DFMF,Leeds United,12.6,2.3,1.43,1.27,1.03,0,0.95,1.9,50,0.95,14.5,3.81,26.2,7.22,6.35,0.95,2.46,1.11,0,1.35,1.03,3.33,3.17,0.16
250,Sead Kolašinac\Sead-Kolasinac,DF,Arsenal,1,0,0,0,0,0,0,0,,0,3,1,33.3,0,2,1,0,0,0,0,0,0,0,0
251,Terence Kongolo\Terence-Kongolo,DF,Fulham,1,4,4,1,3,0,0,0,,0,14,8,57.1,6,7,1,2,0,0,2,0,4,6,0
252,Ezri Konsa\Ezri-Konsa,DF,Aston Villa,35.5,0.96,0.62,0.65,0.28,0.03,0.31,0.54,57.9,0.23,6.34,2,31.6,3.63,2.34,0.37,1.83,1.27,0,0.56,0.76,1.72,5.44,0
253,Cheikhou Kouyaté\Cheikhou-Kouyate,DF,Crystal Palace,34.7,2.02,1.04,1.53,0.4,0.09,0.75,1.3,57.8,0.55,10.1,3.14,31.1,6.63,2.94,0.52,1.79,0.81,0,0.98,1.1,3.11,4.67,0.06
254,Mateo Kovačić\Mateo-Kovacic,MF,Chelsea,20.2,2.72,1.78,1.19,1.29,0.25,0.5,1.63,30.3,1.14,16.5,5.74,34.7,4.9,8.32,3.32,0.74,0.05,0,0.69,1.09,3.81,0.64,0.05
255,Emil Krafth\Emil-Krafth,DF,Newcastle Utd,14.3,1.61,1.12,0.98,0.56,0.07,0.7,1.75,40,1.05,11.8,3.64,30.8,6.36,4.06,1.4,2.31,0.7,0,1.61,1.47,3.08,3.92,0.07
256,Filip Krovinović\Filip-Krovinovic,MF,West Brom,6.1,2.62,1.64,0.98,1.15,0.49,0.82,2.95,27.8,2.13,16.9,3.61,21.4,5.9,8.69,2.3,0.82,0,0,0.82,0.33,2.95,0.98,0
257,Alexandre Lacazette\Alexandre-Lacazette,FW,Arsenal,21.4,1.17,0.89,0.28,0.56,0.33,0.19,0.75,25,0.56,15.4,5,32.5,1.87,6.31,7.2,0.79,0.09,0,0.7,0.65,1.82,0.61,0
258,Adam Lallana\Adam-Lallana,MFFW,Brighton,17.7,1.81,1.47,0.85,0.68,0.28,0.56,2.71,20.8,2.15,19.2,6.38,33.3,6.33,8.64,4.18,1.47,0.17,0,1.3,0.9,2.71,0.79,0
259,Érik Lamela\Erik-Lamela,FWMF,Tottenham,8,2.25,1.38,0.13,1.63,0.5,0.5,1.5,33.3,1,22.9,6.13,26.8,3.88,12.8,6.25,1,0.13,0,0.88,0.5,2.75,0.13,0
260,Tariq Lamptey\Tariq-Lamptey,DF,Brighton,9.8,1.73,1.02,0.92,0.61,0.2,0.71,1.43,50,0.71,12.7,4.18,33.1,5,5.41,2.24,1.53,0.1,0,1.43,1.33,3.06,1.73,0
261,Manuel Lanzini\Manuel-Lanzini,MFFW,West Ham,6.3,0.95,0.95,0.32,0.48,0.16,0.32,2.06,15.4,1.75,17.3,5.87,33.9,5.24,7.62,4.44,2.38,0,0,2.38,0.95,1.9,0.79,0
262,Aymeric Laporte\Aymeric-Laporte,DF,Manchester City,14.9,0.87,0.4,0.67,0.2,0,0.2,0.6,33.3,0.4,5.44,1.61,29.6,3.22,1.81,0.4,1.21,0.54,0,0.67,0.54,1.41,3.56,0.07
263,Jamaal Lascelles\Jamaal-Lascelles,DF,Newcastle Utd,18.1,1.05,0.66,0.61,0.33,0.11,0.22,0.33,66.7,0.11,8.18,2.93,35.8,4.92,2.87,0.39,2.15,0.99,0.11,1.16,0.83,1.88,5.97,0.06
264,Maxime Le Marchand\Maxime-Le-Marchand,DF,Fulham,1.4,1.43,0.71,1.43,0,0,0.71,0.71,100,0,6.43,1.43,22.2,4.29,1.43,0.71,0,0,0,0,0,1.43,5,0
265,Mario Lemina\Mario-Lemina,MF,Fulham,18.9,3.23,1.9,1.59,1.22,0.42,1.01,2.12,47.5,1.11,16.9,5.56,32.9,6.56,8.1,2.22,1.48,0.32,0,1.16,2.28,5.5,1.96,0
266,Bernd Leno\Bernd-Leno,GK,Arsenal,34.8,0,0,0,0,0,0,0,,0,0.09,0.06,66.7,0.09,0,0,0.03,0,0,0.03,0,0,0,0
267,Khanya Leshabela\Khanya-Leshabela,MF,Leicester City,0.1,10,0,0,10,0,10,10,100,0,40,0,0,0,20,20,0,0,0,0,0,10,0,0
268,Jamal Lewis\Jamal-Lewis,DF,Newcastle Utd,20.4,2.45,1.27,1.67,0.69,0.1,1.03,2.01,51.2,0.98,16.5,3.97,24.1,8.82,5.98,1.67,1.72,0.34,0,1.37,0.98,3.43,1.72,0.05
269,Victor Lindelöf\Victor-Lindelof,DF,Manchester Utd,28.7,0.91,0.56,0.59,0.31,0,0.42,0.73,57.1,0.31,6.69,2.33,34.9,4.08,2.33,0.28,1.39,0.59,0,0.8,1.11,2.02,4.6,0.07
270,Jesse Lingard\Jesse-Lingard,MFFW,West Ham,15.8,0.95,0.63,0.32,0.44,0.19,0.32,1.01,31.3,0.7,21.2,4.49,21.2,3.04,11.8,6.39,0.44,0.06,0,0.38,0.44,1.39,0.06,0
271,Jake Livermore\Jake-Livermore,MF,West Brom,13.8,2.1,1.38,0.72,1.23,0.14,0.8,2.32,34.4,1.52,17.7,4.86,27.5,5.43,9.57,2.68,2.39,0.51,0,1.88,1.38,3.48,2.39,0
272,Diego Llorente\Diego-Llorente,DF,Leeds United,13.4,2.91,2.01,1.79,1.12,0,1.19,1.94,61.5,0.75,18.7,6.64,35.6,11.3,7.01,0.3,1.87,0.97,0,0.9,3.06,5.97,5.37,0.07
273,Hugo Lloris\Hugo-Lloris,GK,Tottenham,38,0,0,0,0,0,0,0.03,0,0.03,0.05,0,0,0.05,0,0,0,0,0,0,0,0,0.05,0.03
274,Giovani Lo Celso\Giovani-Lo-Celso,MF,Tottenham,10.5,3.14,2.19,1.52,1.05,0.57,0.95,2.95,32.3,2,27.6,8.67,31.4,8.95,14.1,4.57,1.05,0.1,0,0.95,0.76,3.9,0.86,0
275,Ruben Loftus-Cheek\Ruben-Loftus-Cheek,MFFW,Fulham,21.2,1.51,1.04,0.52,0.71,0.28,0.42,1.04,40.9,0.61,15.9,4.72,29.7,2.92,8.25,4.72,1.13,0.09,0,1.04,1.08,2.59,0.71,0
276,Ruben Loftus-Cheek\Ruben-Loftus-Cheek,FW,Chelsea,0.7,0,0,0,0,0,0,0,,0,20,5.71,28.6,4.29,10,5.71,1.43,0,0,1.43,1.43,1.43,0,0
277,Kevin Long\Kevin-Long,DF,Burnley,7.1,1.97,1.13,1.41,0.56,0,0.7,1.13,62.5,0.42,7.46,2.82,37.7,4.79,2.54,0.14,1.27,0.7,0,0.56,0.56,2.54,4.37,0
278,Shane Long\Shane-Long,FWMF,Southampton,2.3,0.87,0,0,0,0.87,0.43,1.3,33.3,0.87,14.8,3.04,20.6,0.87,8.26,5.65,0.43,0,0,0.43,0.87,1.74,0.43,0
279,Matthew Longstaff\Matthew-Longstaff,MF,Newcastle Utd,4.2,0.95,0.71,0.95,0,0,0.48,1.43,33.3,0.95,23.3,5.95,25.5,7.14,13.8,2.38,2.14,0,0,2.14,1.43,2.38,0.71,0
280,Sean Longstaff\Sean-Longstaff,MF,Newcastle Utd,15.7,2.29,1.34,1.02,1.08,0.19,1.34,3.82,35,2.48,25.4,6.31,24.9,10.7,11.7,2.93,1.85,0.25,0,1.59,1.21,3.5,1.34,0.06
281,Ademola Lookman\Ademola-Lookman,FWMF,Fulham,30.5,1.25,0.95,0.39,0.62,0.23,0.16,1.15,14.3,0.98,17,5.08,30,3.61,7.57,5.77,1.38,0.07,0,1.31,0.82,2.07,0.43,0
282,Max Lowe\Max-Lowe,DF,Sheffield Utd,6.1,3.77,2.3,3.28,0.33,0.16,1.15,3.28,35,2.13,21.3,6.07,28.5,9.84,8.36,3.11,3.44,0.49,0,2.95,0.49,4.26,1.97,0.16
283,Matthew Lowton\Matthew-Lowton,DF,Burnley,34,1.97,1.06,1.06,0.85,0.06,0.97,2.24,43.4,1.26,8.53,2.47,29,3.94,3.35,1.24,1.94,0.41,0,1.53,1.62,3.59,3.41,0.06
284,David Luiz\David-Luiz,DF,Arsenal,15.5,0.97,0.58,0.45,0.52,0,0.32,0.45,71.4,0.13,6.13,2.39,38.9,3.29,2.52,0.32,1.48,0.71,0,0.77,0.77,1.74,4.32,0
285,Douglas Luiz\Douglas-Luiz,MF,Aston Villa,30.9,2.04,1.39,0.91,0.97,0.16,0.58,1.97,29.5,1.39,20,5.18,25.9,7.77,9.84,2.36,1.94,0.58,0,1.36,1.07,3.11,1.59,0
286,John Lundstram\John-Lundstram,MF,Sheffield Utd,22.6,1.15,0.53,0.4,0.62,0.13,0.4,1.9,20.9,1.5,15.5,3.32,21.4,4.78,7.61,3.1,1.73,0.35,0,1.37,0.93,2.08,1.5,0.04
287,Alexis Mac Allister\Alexis-Mac-Allister,MFFW,Brighton,12.4,2.02,1.45,0.73,0.97,0.32,0.56,2.58,21.9,2.02,21.5,6.85,31.8,5.4,9.19,6.94,1.61,0.24,0,1.37,0.89,2.9,0.4,0
288,James Maddison\James-Maddison,MFFW,Leicester City,23.3,1.59,1.16,0.17,0.86,0.56,0.39,1.2,32.1,0.82,14.8,4.03,27.3,2.45,7.55,4.76,0.56,0.04,0,0.52,0.47,2.06,0.26,0
289,Harry Maguire\Harry-Maguire,DF,Manchester Utd,33.9,0.88,0.53,0.59,0.29,0,0.41,0.77,53.8,0.35,5.63,1.98,35.1,3.16,2.24,0.24,1.33,0.71,0,0.62,1.8,2.68,5.19,0.03
290,Riyad Mahrez\Riyad-Mahrez,FW,Manchester City,21.7,0.92,0.69,0.14,0.41,0.37,0.37,1.61,22.9,1.24,11.6,2.72,23.4,1.2,5.16,5.25,1.11,0.05,0,1.06,0.28,1.2,0.14,0
291,Ainsley Maitland-Niles\Ainsley-Maitland-Niles,MF,West Brom,13.7,1.46,1.02,0.66,0.44,0.36,0.36,2.04,17.9,1.68,23.9,7.59,31.8,7.23,10.9,5.69,1.39,0.15,0,1.24,1.82,3.28,1.9,0
292,Ainsley Maitland-Niles\Ainsley-Maitland-Niles,DF,Arsenal,5.4,3.15,2.04,1.67,1.11,0.37,1.48,2.04,72.7,0.56,20.9,4.63,22.1,8.89,8.15,3.89,2.41,0.56,0,1.85,2.41,5.56,2.22,0.19
293,Josh Maja\Josh-Maja,FWMF,Fulham,9,0.78,0.67,0.11,0.33,0.33,0.22,0.78,28.6,0.56,12.6,3.89,31,0.89,5.44,6.22,0.56,0.11,0,0.44,0.44,1.22,0.22,0
294,Sadio Mané\Sadio-Mane,FW,Liverpool,31.2,1.35,1.03,0.26,0.58,0.51,0.29,0.83,34.6,0.54,15,5.06,33.8,2.08,5.35,7.53,1.25,0.06,0,1.19,0.48,1.83,0.22,0
295,Javier Manquillo\Javier-Manquillo,DF,Newcastle Utd,9.2,2.93,1.52,1.09,1.52,0.33,0.98,1.63,60,0.65,13.4,3.59,26.8,4.78,5,3.59,1.85,0.22,0,1.63,0.87,3.8,2.28,0
296,Fernando Marçal\Fernando-Marcal,DF,Wolves,6.9,1.45,0.58,0.72,0.72,0,0.29,1.01,28.6,0.72,10.4,2.9,27.8,4.49,4.06,1.88,2.75,0.29,0,2.46,1.16,2.61,3.33,0
297,Solly March\Solly-March,DF,Brighton,18.6,3.01,1.88,1.56,0.97,0.48,0.81,1.77,45.5,0.97,12.9,3.82,29.6,4.62,4.52,3.76,2.69,0.32,0,2.37,1.02,4.03,0.86,0
298,Pablo Marí\Pablo-Mari,DF,Arsenal,10,1.4,1.1,1.1,0.3,0,0.4,1.1,36.4,0.7,6.8,2.7,39.7,4.1,2.5,0.2,1.3,0.7,0,0.6,0.5,1.9,5.6,0
299,Anthony Martial\Anthony-Martial,FW,Manchester Utd,16.4,0.06,0.06,0,0,0.06,0,0.43,0,0.43,9.02,2.56,28.4,0.79,2.38,5.85,1.34,0.3,0,1.04,0.24,0.3,0.55,0
300,Martinelli\Martinelli,FW,Arsenal,6.5,0.92,0.15,0.31,0.46,0.15,0.62,1.85,33.3,1.23,20.9,4.46,21.3,2.77,7.08,11.1,1.54,0.15,0,1.38,1.23,2.15,0.92,0
301,Emiliano Martínez\Emiliano-Martinez,GK,Aston Villa,38,0,0,0,0,0,0,0.03,0,0.03,0.16,0.03,16.7,0.16,0,0,0,0,0,0,0,0,0,0.03
302,Arthur Masuaku\Arthur-Masuaku,DFFW,West Ham,11.2,1.79,1.16,1.34,0.36,0.09,0.98,3.04,32.4,2.05,12.1,3.75,30.9,7.05,3.57,1.52,3.13,0,0,3.13,0.54,2.32,1.43,0
303,Juan Mata\Juan-Mata,FWMF,Manchester Utd,5.7,0.35,0.35,0.18,0.18,0,0,0.88,0,0.88,11.4,2.46,21.5,2.81,4.21,4.39,0.35,0,0,0.35,0.35,0.7,0.53,0
304,Jean-Philippe Mateta\Jean-Philippe-Mateta,FW,Crystal Palace,2.5,0.4,0.4,0,0.4,0,0.4,1.2,33.3,0.8,12.4,1.6,12.9,0.8,7.2,4.4,0.8,0.4,0,0.4,0.4,0.8,0.8,0
305,Nemanja Matić\Nemanja-Matic,MF,Manchester Utd,12.3,1.95,1.22,1.06,0.81,0.08,0.81,2.52,32.3,1.71,14.2,4.55,32,6.42,6.59,1.22,2.44,0.41,0,2.03,1.46,3.41,1.71,0.08
306,Joël Matip\Joel-Matip,DF,Liverpool,7.7,1.95,1.43,1.43,0.52,0,0.65,1.04,62.5,0.39,7.53,3.12,41.4,4.55,2.6,0.39,0.91,0,0,0.91,0.52,2.47,3.64,0
307,Neal Maupay\Neal-Maupay,FWMF,Brighton,27.9,0.86,0.65,0.22,0.43,0.22,0.14,0.65,22.2,0.5,17,5.23,30.7,2.65,6.7,7.67,0.65,0.07,0,0.57,0.43,1.29,0.32,0
308,James McArthur\James-McArthur,MF,Crystal Palace,16.3,3.44,1.6,1.78,1.35,0.31,1.1,2.76,40,1.66,23.2,6.26,27,9.75,11.2,2.27,2.39,0.25,0,2.15,1.41,4.85,1.53,0
309,Oliver McBurnie\Oliver-McBurnie,FW,Sheffield Utd,14.7,0.88,0.48,0.41,0.34,0.14,0.34,1.29,26.3,0.95,20.1,4.22,20.9,1.63,11,7.48,1.16,0.27,0,0.88,0.54,1.43,1.7,0
310,Alex McCarthy\Alex-McCarthy,GK,Southampton,30,0,0,0,0,0,0,0.1,0,0.1,0.13,0.03,25,0.13,0,0,0,0,0,0,0,0,0.03,0.07
311,James McCarthy\James-McCarthy,MF,Crystal Palace,9.1,1.98,0.88,1.32,0.66,0,1.1,2.75,40,1.65,19.9,4.62,23.2,9.45,9.01,1.43,2.2,0.88,0,1.32,0.88,2.86,1.32,0
312,John McGinn\John-McGinn,MF,Aston Villa,37,2,1.24,0.65,1.03,0.32,0.59,2.05,28.9,1.46,17.5,4.54,25.9,5.57,8.92,3.05,1.05,0.14,0,0.92,1.22,3.22,0.81,0.05
313,David McGoldrick\David-McGoldrick,FWMF,Sheffield Utd,26.6,1.13,0.6,0.23,0.6,0.3,0.34,1.28,26.5,0.94,16.3,3.95,24.2,2.63,7.18,6.5,1.35,0.15,0,1.2,0.45,1.58,1.09,0
314,Dwight McNeil\Dwight-McNeil,MF,Burnley,34.1,1.26,0.65,0.5,0.62,0.15,0.32,1.52,21.2,1.2,17.2,4.05,23.6,4.57,8.39,4.19,1.7,0.18,0,1.52,1.11,2.38,0.79,0.03
315,Scott McTominay\Scott-McTominay,MF,Manchester Utd,23.7,2.03,1.22,1.1,0.68,0.25,0.68,1.69,40,1.01,14.7,4.51,30.7,5.23,7.22,2.24,2.36,0.63,0,1.73,2.15,4.18,2.28,0
316,Ben Mee\Ben-Mee,DF,Burnley,29.9,1.27,0.8,0.64,0.57,0.07,0.27,0.77,34.8,0.5,5.42,1.67,30.9,3.18,1.87,0.37,2.04,1.44,0.03,0.6,1.17,2.44,8.06,0.03
317,Hannibal Mejbri\Hannibal-Mejbri,MF,Manchester Utd,0.1,0,0,0,0,0,0,0,,0,60,10,16.7,10,50,0,0,0,0,0,0,0,0,0
318,Benjamin Mendy\Benjamin-Mendy,DF,Manchester City,10.6,1.42,0.94,0.28,0.66,0.47,0.47,1.7,27.8,1.23,11.8,3.96,33.6,3.02,4.91,3.87,2.26,0.47,0,1.79,0.57,1.98,1.04,0.09
319,Edouard Mendy\Edouard-Mendy,GK,Chelsea,30.5,0,0,0,0,0,0,0.03,0,0.03,0.1,0,0,0.1,0,0,0,0,0,0,0,0,0,0.03
320,Nampalys Mendy\Nampalys-Mendy,MF,Leicester City,16.2,2.16,1.36,1.17,0.86,0.12,0.43,1.05,41.2,0.62,16.5,5.19,31.5,6.54,7.59,2.35,1.48,0.12,0,1.36,0.56,2.72,0.68,0
321,Illan Meslier\Illan-Meslier,GK,Leeds United,35,0,0,0,0,0,0,0.03,0,0.03,0.2,0.06,28.6,0.2,0,0,0,0,0,0,0,0,0.03,0.09
322,Luka Milivojević\Luka-Milivojevic,MF,Crystal Palace,26.2,2.56,1.68,1.07,1.26,0.23,1.22,3.09,39.5,1.87,17.7,5.15,29.2,7.56,8.4,1.72,1.79,0.23,0,1.56,1.68,4.24,1.91,0
323,James Milner\James-Milner,MFDF,Liverpool,11.9,2.18,1.18,0.67,1.34,0.17,0.84,3.03,27.8,2.18,17.6,5.8,33,4.37,10.2,3.03,3.28,0.34,0,2.94,1.34,3.53,1.76,0.08
324,Yerry Mina\Yerry-Mina,DF,Everton,21.5,1.16,0.56,0.88,0.28,0,0.33,0.47,70,0.14,6.88,2,29.1,4.7,2.09,0.09,1.77,1.21,0,0.56,0.6,1.77,6.05,0.05
325,Takumi Minamino\Takumi-Minamino,MFFW,Liverpool,3.3,1.21,0.91,0.3,0.61,0.3,0,3.64,0,3.64,24.8,7.58,30.5,5.76,12.4,6.67,0,0,0,0,0,1.21,0.91,0
326,Takumi Minamino\Takumi-Minamino,MFFW,Southampton,7.9,0.63,0.25,0.25,0.38,0,0.13,2.03,6.3,1.9,18.5,5.7,30.8,4.43,10.3,3.8,1.27,0.13,0,1.14,1.01,1.65,1.39,0
327,Tyrone Mings\Tyrone-Mings,DF,Aston Villa,35.5,0.93,0.51,0.68,0.2,0.06,0.39,0.73,53.8,0.34,7.1,2,28.2,4.11,2.45,0.54,2.37,1.32,0.03,1.04,1.07,2,6.48,0.14
328,Tyrick Mitchell\Tyrick-Mitchell,DF,Crystal Palace,19,3.63,1.53,2.74,0.42,0.47,1,1.84,54.3,0.84,21.3,5.16,24.3,14.5,4.63,2.16,2.68,0.42,0,2.26,1.58,5.21,3.53,0.05
329,Aleksandar Mitrović\Aleksandar-Mitrovic,FW,Fulham,15.6,0.71,0.58,0.06,0.26,0.38,0.13,0.45,28.6,0.32,12.5,4.55,36.4,0.77,4.23,7.5,1.15,0.26,0,0.9,0.19,0.9,0.45,0
330,Jakub Moder\Jakub-Moder,DFMF,Brighton,7.2,2.22,1.11,0.97,0.83,0.42,0.56,2.36,23.5,1.81,18.6,5.42,29.1,5.97,6.81,5.83,2.36,0.14,0,2.22,1.11,3.33,1.94,0
331,Jayson Molumby\Jayson-Molumby,MF,Brighton,0,0,0,0,0,0,0,0,,0,1,0,0,1,0,0,0,0,0,0,0,0,0,0
332,Wesley Moraes\Wesley-Moraes,MFFW,Aston Villa,0.2,0,0,0,0,0,0,5,0,5,25,10,40,0,20,5,0,0,0,0,0,0,0,0
333,Wes Morgan\Wes-Morgan,DF,Leicester City,0.2,0,0,0,0,0,0,0,,0,0,0,,0,0,0,0,0,0,0,0,0,5,0
334,Mason Mount\Mason-Mount,MFFW,Chelsea,32.1,2.34,1.37,0.78,1.03,0.53,0.65,2.18,30,1.53,21.3,6.39,29.9,4.39,10.2,6.79,1.46,0.06,0,1.4,1.12,3.46,0.47,0
335,Lucas Moura\Lucas-Moura,FWMF,Tottenham,15.7,2.17,1.4,0.7,1.21,0.25,0.57,1.91,30,1.34,17.1,4.14,24.2,4.39,8.22,4.52,1.15,0.06,0,1.08,1.27,3.44,0.7,0
336,Lys Mousset\Lys-Mousset,FWMF,Sheffield Utd,3.3,0,0,0,0,0,0,0.91,0,0.91,18.2,3.33,18.3,0.3,6.67,11.2,0.3,0.3,0,0,0,0,0.3,0
337,João Moutinho\Joao-Moutinho,MF,Wolves,28.1,2.49,1.64,1.28,1,0.21,1.03,3.35,30.9,2.31,19.3,5.69,29.5,7.33,9.5,2.49,1.42,0.11,0,1.32,1.39,3.88,1.1,0
338,Joel Mumbongo\Joel-Mumbongo,FW,Burnley,0.4,0,0,0,0,0,0,0,,0,17.5,2.5,14.3,0,2.5,15,2.5,0,0,2.5,0,0,0,0
339,Jacob Murphy\Jacob-Murphy,DFMF,Newcastle Utd,18.1,2.71,1.93,1.77,0.77,0.17,1.6,2.98,53.7,1.38,19.4,5.25,27.1,10,6.3,3.09,2.27,0.28,0,1.99,1.1,3.81,1.88,0
340,Shkodran Mustafi\Shkodran-Mustafi,DF,Arsenal,0.5,2,2,2,0,0,2,2,100,0,14,4,28.6,6,8,0,2,0,0,2,0,2,4,0
341,Marvelous Nakamba\Marvelous-Nakamba,MF,Aston Villa,8.3,2.77,1.69,1.08,1.69,0,0.48,1.2,40,0.72,25.1,7.47,29.8,13,10.7,1.33,2.53,0.6,0,1.93,1.33,4.1,2.17,0
342,Iliman Ndiaye\Iliman-Ndiaye,MF,Sheffield Utd,0.1,0,0,0,0,0,0,0,,0,80,10,12.5,10,40,30,10,0,0,10,0,0,0,0
343,Wilfred Ndidi\Wilfred-Ndidi,MFDF,Leicester City,24.2,4.46,3.02,2.07,2.02,0.37,1.24,3.1,40,1.86,20.2,7.56,37.4,8.18,10.1,1.9,2.73,0.54,0,2.19,2.56,7.02,3.18,0
344,Tanguy Ndombele\Tanguy-Ndombele,MF,Tottenham,23.2,2.11,1.38,0.52,1.08,0.52,0.47,1.85,25.6,1.38,19.6,6.55,33.5,5.78,10.3,3.45,1.51,0.17,0,1.34,1.29,3.41,0.82,0
345,Reiss Nelson\Reiss-Nelson,FW,Arsenal,0.8,0,0,0,0,0,0,0,,0,16.3,7.5,46.2,2.5,7.5,6.25,1.25,0,0,1.25,1.25,1.25,1.25,0
346,Pedro Neto\Pedro-Neto,FWMF,Wolves,28.3,0.74,0.64,0.25,0.21,0.28,0.18,1.06,16.7,0.88,11.8,3.36,28.5,2.93,5.16,3.67,0.88,0.07,0,0.81,1.02,1.77,0.39,0
347,Rúben Neves\Ruben-Neves,MF,Wolves,29.7,3.03,2.22,1.52,1.28,0.24,1.25,3.2,38.9,1.95,19.7,6.57,33.4,8.15,9.66,1.85,2.39,0.37,0,2.02,1.55,4.58,1.82,0.03
348,Eddie Nketiah\Eddie-Nketiah,FW,Arsenal,4.7,0.85,0.64,0,0.43,0.43,0,0.43,0,0.43,23.2,2.98,12.8,2.13,10.9,10.2,1.49,0.43,0,1.06,0.21,1.06,0.85,0
349,Niels Nkounkou\Niels-Nkounkou,DFFW,Everton,0.9,4.44,0,2.22,1.11,1.11,1.11,6.67,16.7,5.56,32.2,7.78,24.1,8.89,15.6,7.78,5.56,0,0,5.56,0,4.44,4.44,0
350,Dan Nlundulu\Dan-Nlundulu,FW,Southampton,1.2,0,0,0,0,0,0,1.67,0,1.67,25,5.83,23.3,4.17,7.5,13.3,4.17,0,0,4.17,0,0,1.67,0
351,Mark Noble\Mark-Noble,MF,West Ham,7.9,0.89,0.63,0.38,0.38,0.13,0.25,1.77,14.3,1.52,14.7,2.91,19.8,5.82,7.22,1.65,1.14,0.38,0,0.76,1.39,2.28,0.89,0
352,Will Norris\Will-Norris,GK,Burnley,2,0,0,0,0,0,0,0,,0,0,0,,0,0,0,0,0,0,0,0,0,0,0
353,Oliver Norwood\Oliver-Norwood,MF,Sheffield Utd,24.7,2.31,1.17,0.89,1.3,0.12,0.69,3.16,21.8,2.47,18.6,4.29,23.1,6.88,9.43,2.27,1.5,0.49,0.04,1.01,1.62,3.93,2.47,0.04
354,Jack O'Connell\Jack-OConnell,DF,Sheffield Utd,2,1.5,0.5,0.5,0.5,0.5,0,1,0,1,5,2,40,2.5,1,1.5,3,1.5,0,1.5,0,1.5,5.5,0
355,Dara O'Shea\Dara-OShea,DF,West Brom,23.4,2.18,1.28,1.41,0.64,0.13,0.68,1.92,35.6,1.24,10.8,3.76,34.9,6.71,3.42,0.64,2.26,0.85,0.04,1.41,1.67,3.85,6.11,0
356,Michael Obafemi\Michael-Obafemi,FW,Southampton,0.7,1.43,1.43,1.43,0,0,0,0,,0,31.4,8.57,27.3,11.4,10,10,1.43,0,0,1.43,1.43,2.86,0,0
357,Denis Odoi\Denis-Odoi,DF,Fulham,3,1,0,0.67,0.33,0,0.33,1.33,25,1,7.67,1,13,3.67,2.67,1.33,2,0.33,0,1.67,0.33,1.33,3.67,0
358,Angelo Ogbonna\Angelo-Ogbonna,DF,West Ham,27.7,0.97,0.72,0.79,0.11,0.07,0.14,0.61,23.5,0.47,7.87,3.1,39.4,4.8,2.71,0.36,1.48,0.54,0,0.94,0.97,1.95,6.03,0
359,Robin Olsen\Robin-Olsen,GK,Everton,7,0,0,0,0,0,0,0,,0,0,0,,0,0,0,0,0,0,0,0,0,0.29,0
360,Josh Onomah\Josh-Onomah,MF,Fulham,4.2,2.38,1.19,0.24,1.43,0.71,0,1.67,0,1.67,21.7,5.24,24.2,3.81,11.4,6.43,0.95,0.48,0,0.48,0.71,3.1,0.95,0
361,Divock Origi\Divock-Origi,FW,Liverpool,2.1,2.38,1.9,0.48,1.43,0.48,0.48,0.48,100,0,21,7.62,36.4,1.43,6.67,12.9,1.9,0.48,0,1.43,0.48,2.86,0.95,0
362,Ben Osborn\Ben-Osborn,MFDF,Sheffield Utd,17.8,1.63,0.9,0.96,0.45,0.22,0.62,2.64,23.4,2.02,22.1,4.89,22.1,6.91,9.33,5.9,1.63,0.17,0,1.46,0.9,2.53,0.9,0
363,Owen Otasowie\Owen-Otasowie,MFFW,Wolves,2.1,3.33,2.38,1.43,1.9,0,0,0.48,0,0.48,16.7,8.57,51.4,3.81,10.5,2.38,1.43,0.48,0,0.95,1.43,4.76,0.95,0
364,Alex Oxlade-Chamberlain\Alex-Oxlade-Chamberlain,FWMF,Liverpool,2.8,0.71,0.36,0,0.71,0,0,2.5,0,2.5,17.5,4.64,26.5,1.43,9.29,6.79,1.07,0,0,1.07,0.36,1.07,0.36,0
365,Emerson Palmieri\Emerson-Palmieri,DF,Chelsea,1,3,2,1,1,1,1,3,33.3,2,14,3,21.4,6,3,5,2,0,0,2,1,4,10,0
366,Thomas Partey\Thomas-Partey,MF,Arsenal,17,2.76,1.76,1.24,1.29,0.24,1.06,2.76,38.3,1.71,16.2,5.59,34.4,6.53,7.18,2.53,1.71,0.29,0,1.41,1.53,4.29,1.47,0
367,Rui Patrício\Rui-Patricio,GK,Wolves,37,0,0,0,0,0,0,0.03,0,0.03,0.08,0,0,0.08,0,0,0,0,0,0,0,0,0.03,0
368,Bailey Peacock-Farrell\Bailey-Peacock-Farrell,GK,Burnley,4,0,0,0,0,0,0,0.5,0,0.5,0.25,0.25,100,0.25,0,0,0,0,0,0,0,0,0,0
369,Lee Peltier\Lee-Peltier,DF,West Brom,2.5,4,2.8,3.6,0.4,0,1.2,1.2,100,0,12.8,4.8,37.5,6,5.6,1.2,0.8,0,0,0.8,0.8,4.8,4.8,0
370,Nicolas Pépé\Nicolas-Pepe,FW,Arsenal,18,1.11,0.89,0.44,0.56,0.11,0.44,1.33,33.3,0.89,13,3.33,25.6,2.56,4.5,5.94,1.39,0.11,0,1.28,1,2.11,0.72,0.06
371,Matheus Pereira\Matheus-Pereira,MFFW,West Brom,28.6,1.15,0.7,0.49,0.45,0.21,0.35,1.61,21.7,1.26,16,4.06,25.3,3.71,7.87,4.48,1.05,0,0,1.05,1.01,2.17,0.63,0
372,Ricardo Pereira\Ricardo-Pereira,DF,Leicester City,10.7,3.46,1.68,1.87,1.21,0.37,1.12,2.9,38.7,1.78,18.8,6.45,34.3,8.13,7.01,3.64,2.62,0,0,2.62,1.5,4.95,2.43,0
373,Ayoze Pérez\Ayoze-Perez,MFFW,Leicester City,14.8,2.16,1.01,0.54,1.22,0.41,0.61,2.7,22.5,2.09,23.2,6.15,26.5,4.39,11.8,6.96,2.09,0.07,0,2.03,1.28,3.45,0.41,0
374,Kalvin Phillips\Kalvin-Phillips,MF,Leeds United,27,2.74,1.63,1.59,0.93,0.22,0.89,3,29.6,2.11,23.6,7.11,30.1,9.44,11.7,2.48,2.26,0.56,0,1.7,1.81,4.56,2.19,0.04
375,Matt Phillips\Matt-Phillips,MFFW,West Brom,20.3,1.03,0.69,0.25,0.54,0.25,0.34,1.53,22.6,1.18,15,3.55,23.7,4.29,6.35,4.33,2.36,0.3,0.05,2.07,0.94,1.97,1.13,0
376,Nathaniel Phillips\Nathaniel-Phillips,DF,Liverpool,16.2,1.11,0.74,0.8,0.31,0,0.25,1.42,17.4,1.17,11.9,4.26,35.8,5.49,5.93,0.49,1.42,0.99,0.12,0.43,1.79,2.9,8.83,0
377,Jaden Philogene Bidace\Jaden-Philogene-Bidace,FW,Aston Villa,0,0,0,0,0,0,0,0,,0,2,2,100,1,0,1,0,0,0,0,1,1,1,0
378,Jordan Pickford\Jordan-Pickford,GK,Everton,30.5,0,0,0,0,0,0,0.03,0,0.03,0.3,0.1,33.3,0.3,0,0,0.07,0,0,0.07,0,0,0.1,0.07
379,Erik Pieters\Erik-Pieters,DFMF,Burnley,14.1,2.84,1.91,1.63,0.99,0.21,1.35,2.98,45.2,1.63,15.1,3.9,25.8,6.74,6.45,1.91,3.12,0.64,0.07,2.48,0.71,3.55,2.98,0
380,Daniel Podence\Daniel-Podence,MFFW,Wolves,18.5,0.97,0.38,0.27,0.43,0.27,0.32,1.24,26.1,0.92,13.1,3.57,27.2,3.51,5.68,3.95,0.38,0.05,0,0.32,0.81,1.78,0.32,0
381,Paul Pogba\Paul-Pogba,MFFW,Manchester Utd,21.1,1.75,1.23,0.71,0.85,0.19,0.62,1.66,37.1,1.04,14.2,4.69,33.1,4.17,6.11,3.89,1.04,0.05,0,1,1.18,2.94,2.23,0
382,Nick Pope\Nick-Pope,GK,Burnley,32,0,0,0,0,0,0,0.03,0,0.03,0.22,0.06,28.6,0.22,0,0,0,0,0,0,0.03,0.03,0.09,0.03
383,Dennis Praet\Dennis-Praet,MFFW,Leicester City,8,1.5,0.88,0.63,0.75,0.13,0.75,1.75,42.9,1,16.5,4,24.2,4.5,8,4,1.75,0.25,0,1.5,1.13,2.63,0.38,0
384,Davy Pröpper\Davy-Propper,MF,Brighton,2.4,2.92,2.08,0,2.92,0,0.83,2.08,40,1.25,12.5,5.42,43.3,5.42,6.25,0.83,0.83,0,0,0.83,0.83,3.75,0,0
385,Christian Pulisic\Christian-Pulisic,FWMF,Chelsea,19.3,1.3,0.88,0.57,0.57,0.16,0.31,1.09,28.6,0.78,17.4,5.65,32.4,3.58,7.72,6.11,1.61,0.16,0,1.45,0.47,1.76,0.47,0
386,Aaron Ramsdale\Aaron-Ramsdale,GK,Sheffield Utd,38,0,0,0,0,0,0,0,,0,0.21,0.08,37.5,0.18,0,0.03,0,0,0,0,0,0,0.03,0.08
387,Jacob Ramsey\Jacob-Ramsey,MF,Aston Villa,7,1.57,1,0.57,0.86,0.14,0,1.71,0,1.71,28.4,8.57,30.2,11.1,11.9,5.43,2.43,0.86,0,1.57,0.86,2.43,1.29,0
388,Kayne Ramsey\Kayne-Ramsey,DF,Southampton,1,5,3,4,1,0,3,3,100,0,8,5,62.5,7,1,0,1,1,0,0,1,6,4,0
389,Darren Randolph\Darren-Randolph,GK,West Ham,3,0,0,0,0,0,0,0,,0,0,0,,0,0,0,0,0,0,0,0,0,0,0
390,Marcus Rashford\Marcus-Rashford,FW,Manchester Utd,32.4,0.49,0.31,0.06,0.19,0.25,0.15,0.74,20.8,0.59,10.6,2.28,21.4,1.17,4.44,5.03,0.74,0.09,0,0.65,0.31,0.8,0.28,0
391,Tim Ream\Tim-Ream,DF,Fulham,7,1.43,0.57,1.14,0.29,0,0.71,1.14,62.5,0.43,5.29,1.43,27,2.29,2.86,0.14,2,0.86,0,1.14,0.57,2,4.43,0.14
392,Nathan Redmond\Nathan-Redmond,MFFW,Southampton,19.3,1.66,0.88,0.73,0.67,0.26,0.41,1.04,40,0.62,19.6,5.49,28,4.97,8.13,6.48,1.5,0.1,0,1.4,0.93,2.59,0.57,0
393,Harrison Reed\Harrison-Reed,MF,Fulham,25,2.72,1.68,1.16,1.44,0.12,1,3.36,29.8,2.36,21,6.4,30.5,9.28,9.84,1.88,1.88,0.48,0,1.4,2.08,4.8,2.32,0
394,Sergio Reguilón\Sergio-Reguilon,DF,Tottenham,24.9,2.05,1.08,1.24,0.52,0.28,0.72,1.73,41.9,1,15.6,4.5,28.9,7.11,5.66,2.81,2.13,0.28,0,1.85,1.41,3.45,2.57,0
395,Bobby Reid\Bobby-Reid,MFDF,Fulham,26.4,1.21,0.76,0.57,0.38,0.27,0.38,1.25,30.3,0.87,15.6,4.02,25.8,4.62,6.02,4.92,1.4,0.23,0,1.17,0.64,1.86,1.55,0
396,Declan Rice\Declan-Rice,MF,West Ham,32,2.41,1.66,1.41,0.97,0.03,0.75,1.72,43.6,0.97,15.5,4.66,30.1,6.63,7.69,1.16,1.69,0.41,0,1.28,2.13,4.53,1.44,0.03
397,Lewis Richardson\Lewis-Richardson,FWMF,Burnley,0,0,0,0,0,0,0,1,0,1,3,2,66.7,0,2,1,0,0,0,0,0,0,0,0
398,Richarlison\Richarlison,FW,Everton,31.8,1.54,0.94,0.85,0.57,0.13,0.41,1.32,31,0.91,18.1,4.5,24.9,4.09,7.55,6.42,1.04,0.09,0,0.94,0.63,2.17,1.19,0
399,Jaïro Riedewald\Jairo-Riedewald,MF,Crystal Palace,20.2,1.63,1.04,0.74,0.74,0.15,0.64,1.83,35.1,1.19,14.7,4.21,28.6,5.64,7.33,1.73,2.28,0.35,0,1.93,1.19,2.82,1.44,0
400,Matt Ritchie\Matt-Ritchie,DFMF,Newcastle Utd,15,1.13,0.6,0.47,0.33,0.33,0.33,1.4,23.8,1.07,10.1,2.13,21.1,4.73,3.53,1.87,2.07,0.13,0,1.93,1.53,2.67,2.87,0
401,Tyler Roberts\Tyler-Roberts,MFFW,Leeds United,14.9,1.21,0.54,0.27,0.67,0.27,0.27,1.41,19,1.14,17.5,4.3,24.5,2.82,8.99,5.7,1.34,0.2,0,1.14,0.6,1.81,0.94,0.07
402,Andrew Robertson\Andrew-Robertson,DF,Liverpool,37.6,1.41,0.74,0.8,0.43,0.19,0.82,1.7,48.4,0.88,9.39,3.19,34,3.11,3.38,2.9,1.65,0.27,0.03,1.38,0.9,2.31,2.42,0.03
403,Antonee Robinson\Antonee-Robinson,DF,Fulham,24,2,1.13,1.08,0.63,0.29,0.79,1.75,45.2,0.96,10.4,3.5,33.7,5,2.96,2.42,2.17,0.21,0,1.96,1.83,3.83,3.46,0
404,Callum Robinson\Callum-Robinson,FWMF,West Brom,17.3,0.81,0.4,0.46,0.23,0.12,0.29,1.04,27.8,0.75,15,3.53,23.6,2.6,5.26,7.11,0.92,0,0,0.92,0.81,1.62,0.52,0
405,Jack Robinson\Jack-Robinson,DF,Sheffield Utd,9.7,1.65,1.03,1.03,0.52,0.1,0.62,0.72,85.7,0.1,8.14,2.58,31.6,4.12,2.89,1.13,1.24,0.52,0,0.72,1.75,3.4,6.19,0
406,Hal Robson-Kanu\Hal-Robson-Kanu,FW,West Brom,6.2,0.48,0.48,0.16,0.16,0.16,0,0,,0,14,2.26,16.1,1.29,6.61,6.13,0.81,0,0,0.81,0.65,1.13,0.65,0
407,Marek Rodák\Marek-Rodak,GK,Fulham,2,0,0,0,0,0,0,0.5,0,0.5,1,0,0,1,0,0,0,0,0,0,0,0,0,0
408,Joe Rodon\Joe-Rodon,DF,Tottenham,8.1,1.85,1.11,1.48,0.37,0,0.49,0.62,80,0.12,9.63,2.47,25.6,6.79,2.47,0.37,1.85,1.11,0,0.74,1.6,3.46,6.3,0.12
409,Rodri\Rodri,MF,Manchester City,30.5,2.72,1.97,1.05,1.25,0.43,1.02,2.36,43.1,1.34,16.9,6.43,38.1,5.54,8.92,2.39,1.38,0.43,0,0.95,1.31,4.03,2.39,0.07
410,Rodrigo\Rodrigo,MFFW,Leeds United,14.3,1.4,0.91,0.77,0.35,0.28,0.14,1.54,9.1,1.4,18.1,4.62,25.5,3.29,8.67,6.15,0.63,0,0,0.63,0.63,2.03,1.12,0
411,James Rodríguez\James-Rodriguez,FWMF,Everton,19.6,1.02,0.71,0.26,0.61,0.15,0.41,2.19,18.6,1.79,12.8,3.11,24.4,3.83,6.02,2.91,1.22,0,0,1.22,0.82,1.84,0.05,0
412,Jay Rodriguez\Jay-Rodriguez,FWMF,Burnley,14.1,1.99,0.99,0.57,0.78,0.64,0.43,1.35,31.6,0.92,21.8,4.75,21.8,3.19,9.5,9.15,1.91,0.35,0,1.56,0.28,2.27,0.43,0
413,Oriol Romeu\Oriol-Romeu,MF,Southampton,19.6,3.47,1.79,1.38,1.89,0.2,1.12,3.32,33.8,2.19,17.6,5.31,30.2,6.58,9.69,1.28,1.63,0.31,0,1.33,1.38,4.85,0.97,0
414,John Ruddy\John-Ruddy,GK,Wolves,1,0,0,0,0,0,0,0,,0,0,0,,0,0,0,0,0,0,0,0,0,0,0
415,Antonio Rüdiger\Antonio-Rudiger,DF,Chelsea,19,1.58,0.95,0.84,0.58,0.16,0.63,0.95,66.7,0.32,8.74,3.47,39.8,4.74,3.32,0.68,1.11,0.58,0,0.53,0.79,2.37,4.68,0
416,Mathew Ryan\Mathew-Ryan,GK,Brighton,11,0,0,0,0,0,0,0,,0,0.18,0,0,0.18,0,0,0,0,0,0,0,0,0.09,0
417,Mathew Ryan\Mathew-Ryan,GK,Arsenal,3,0,0,0,0,0,0,0,,0,0,0,,0,0,0,0,0,0,0,0,0,0,0
418,Allan Saint-Maximin\Allan-Saint-Maximin,FWMF,Newcastle Utd,17.3,0.87,0.64,0.29,0.52,0.06,0.06,0.46,12.5,0.4,12.2,3.01,24.6,2.25,6.65,3.29,0.75,0.06,0,0.69,0.52,1.39,0,0
419,Romain Saïss\Romain-Saiss,DF,Wolves,26.7,1.39,0.67,0.94,0.45,0,0.26,0.82,31.8,0.56,9.7,2.92,30.1,6.25,3.26,0.19,1.61,0.6,0.11,1.01,1.46,2.85,6.18,0.07
420,Bukayo Saka\Bukayo-Saka,FWDF,Arsenal,28.4,1.2,0.67,0.46,0.56,0.18,0.14,1.06,13.3,0.92,13.9,3.91,28.2,3.42,5.7,4.75,1.41,0.07,0,1.34,0.95,2.15,1.13,0
421,Mamadou Sakho\Mamadou-Sakho,DF,Crystal Palace,3.1,1.29,0.65,0.32,0.97,0,0.97,0.97,100,0,4.52,1.94,42.9,2.58,1.94,0,0.97,0.65,0,0.32,0,1.29,4.52,0.32
422,Mohamed Salah\Mohamed-Salah,FW,Liverpool,34.2,0.76,0.38,0.18,0.2,0.38,0.18,0.47,37.5,0.29,16.2,4.47,27.7,1.32,4.82,10,0.41,0.03,0,0.38,0.26,1.02,0.32,0.03
423,Mohammed Salisu\Mohammed-Salisu,DF,Southampton,9.4,3.4,2.02,2.34,0.96,0.11,1.38,2.87,48.1,1.49,15.9,6.49,40.9,7.98,6.7,1.17,2.66,0.53,0,2.13,2.77,6.17,4.04,0
424,Davinson Sánchez\Davinson-Sanchez,DF,Tottenham,16.5,2.42,1.52,1.88,0.55,0,1.15,1.82,63.3,0.67,9.39,2.97,31.6,6.3,2.67,0.42,1.15,0.73,0,0.42,0.85,3.27,7.45,0
425,Robert Sánchez\Robert-Sanchez,GK,Brighton,27,0,0,0,0,0,0,0,,0,0.11,0,0,0.11,0,0,0,0,0,0,0,0,0,0
426,Morgan Sanson\Morgan-Sanson,MF,Aston Villa,3.3,1.82,1.52,1.52,0.3,0,0,1.52,0,1.52,31.2,10.3,33,9.09,14.5,7.58,1.21,0,0,1.21,2.12,3.94,1.21,0
427,Romaine Sawyers\Romaine-Sawyers,MF,West Brom,16.5,1.88,1.15,1.27,0.55,0.06,0.61,2.18,27.8,1.58,20.1,4.91,24.4,10,8.67,1.45,1.09,0.12,0,0.97,1.33,3.21,0.91,0.06
428,Dane Scarlett\Dane-Scarlett,FW,Tottenham,0,0,0,0,0,0,0,0,,0,1,1,100,0,1,0,0,0,0,0,0,0,0,0
429,Fabian Schär\Fabian-Schar,DF,Newcastle Utd,13.8,1.38,0.65,1.01,0.36,0,0.51,1.59,31.8,1.09,7.97,2.39,30,4.71,2.97,0.29,1.74,0.94,0,0.8,1.59,2.97,4.57,0.07
430,Jeffrey Schlupp\Jeffrey-Schlupp,MF,Crystal Palace,15.9,2.33,1.26,1.07,0.82,0.44,0.5,1.51,33.3,1.01,15.5,4.28,27.5,5.47,7.17,2.89,2.2,0.5,0,1.7,1.32,3.65,0.94,0.06
431,Kasper Schmeichel\Kasper-Schmeichel,GK,Leicester City,38,0,0,0,0,0,0,0,,0,0.13,0,0,0.13,0,0,0,0,0,0,0,0,0,0
432,Nélson Semedo\Nelson-Semedo,DF,Wolves,33.1,2.57,1.6,1.66,0.57,0.33,1.18,2.11,55.7,0.94,16.7,4.95,29.7,8.19,5.59,2.9,1.63,0.36,0,1.27,1.36,3.93,2.69,0
433,Femi Seriki\Femi-Seriki,DF,Sheffield Utd,0,0,0,0,0,0,0,0,,0,0,0,,0,0,0,0,0,0,0,0,0,0,0
434,Jamie Shackleton\Jamie-Shackleton,MFDF,Leeds United,5.1,1.57,0.98,0.78,0.78,0,0.2,1.57,12.5,1.37,14.5,3.53,24.3,4.12,7.25,3.14,1.37,0.2,0,1.18,1.18,2.75,0.98,0
435,Xherdan Shaqiri\Xherdan-Shaqiri,MFFW,Liverpool,6.2,0.97,0.65,0.65,0.16,0.16,0.32,0.97,33.3,0.65,16.1,5.32,33,3.55,5.81,6.77,1.29,0,0,1.29,0.65,1.61,0.16,0
436,Billy Sharp\Billy-Sharp,FW,Sheffield Utd,8.2,0.85,0.61,0,0.61,0.24,0.37,1.22,30,0.85,17.7,4.15,23.4,1.59,7.68,8.41,0.24,0,0,0.24,0.37,1.22,0.12,0
437,Luke Shaw\Luke-Shaw,DF,Manchester Utd,29.5,2.07,1.49,0.98,0.75,0.34,0.81,1.42,57.1,0.61,12.3,4.68,38,4.37,5.12,2.81,2.1,0.34,0,1.76,0.98,3.05,1.83,0.07
438,Jonjo Shelvey\Jonjo-Shelvey,MF,Newcastle Utd,29.1,1.65,0.86,0.89,0.62,0.14,0.41,1.75,23.5,1.34,13.3,2.61,19.6,5.67,5.84,1.79,1.2,0.41,0.03,0.79,1.48,3.13,2.3,0
439,Shola Shoretire\Shola-Shoretire,FW,Manchester Utd,0.1,0,0,0,0,0,0,0,,0,110,30,27.3,30,60,20,0,0,0,0,0,0,0,0
440,Gylfi Sigurðsson\Gylfi-Sigurdsson,MF,Everton,25,1.4,0.84,0.4,0.72,0.28,0.44,1.56,28.2,1.12,19,4.56,23.9,4.8,9.76,4.48,1.92,0.16,0,1.76,1.24,2.64,0.84,0
441,Bernardo Silva\Bernardo-Silva,MFFW,Manchester City,22.9,1.4,0.92,0.52,0.61,0.26,0.48,1.97,24.4,1.48,16.4,4.85,29.6,3.1,7.6,5.68,0.87,0.04,0,0.83,0.92,2.31,0.39,0
442,Fábio Silva\Fabio-Silva,FW,Wolves,15.2,0.66,0.39,0.13,0.33,0.2,0.2,0.72,27.3,0.53,17.2,4.61,26.8,1.97,8.16,7.04,0.79,0.07,0,0.72,0.33,0.99,0.33,0
443,Thiago Silva\Thiago-Silva,DF,Chelsea,21.5,1.07,0.6,0.74,0.28,0.05,0.42,0.84,50,0.42,4.74,1.81,38.2,2.19,2.37,0.19,1.21,0.6,0.05,0.6,1.3,2.37,5.3,0.05
444,Moussa Sissoko\Moussa-Sissoko,MF,Tottenham,17.6,1.42,1.14,1.19,0.17,0.06,0.4,1.19,33.3,0.8,13.7,4.26,31,7.67,4.77,1.31,1.53,0.28,0,1.25,0.91,2.33,1.82,0
445,Islam Slimani\Islam-Slimani,FW,Leicester City,0.2,0,0,0,0,0,0,0,,0,25,10,40,0,15,10,0,0,0,0,0,0,0,0
446,William Smallbone\William-Smallbone,MF,Southampton,1.9,3.16,2.11,1.05,1.58,0.53,0.53,2.11,25,1.58,22.6,9.47,41.9,4.74,11.1,6.84,2.63,0,0,2.63,0.53,3.68,1.05,0
447,Emile Smith-Rowe\Emile-Smith-Rowe,MFFW,Arsenal,16,0.88,0.5,0.44,0.31,0.13,0.44,1,43.8,0.56,15.1,3.88,25.7,3.31,6.38,5.38,1.06,0.06,0,1,0.88,1.75,0.94,0
448,Robert Snodgrass\Robert-Snodgrass,FWDF,West Ham,0.1,10,10,0,0,10,0,0,,0,0,0,,0,0,0,0,0,0,0,0,10,0,0
449,Robert Snodgrass\Robert-Snodgrass,MFFW,West Brom,5.8,3.45,2.07,2.24,0.86,0.34,1.38,3.1,44.4,1.72,14.8,4.31,29.1,5.86,5.86,3.1,2.24,0.52,0,1.72,0.69,4.14,2.07,0
450,Cédric Soares\Cedric-Soares,DF,Arsenal,8.3,1.93,1.2,1.08,0.6,0.24,0.72,2.65,27.3,1.93,14,4.22,30.2,6.27,5.18,2.53,1.69,0.24,0,1.45,0.96,2.89,2.53,0
451,Tomáš Souček\Tomas-Soucek,MF,West Ham,38,2.18,1.32,1.08,0.89,0.21,0.66,2.26,29.1,1.61,15.9,4.29,27,5.82,7.66,2.39,1.47,0.55,0,0.92,1.45,3.63,3.82,0.03
452,Çağlar Söyüncü\Caglar-Soyuncu,DF,Leicester City,20.2,1.53,0.79,0.69,0.84,0,0.5,1.53,32.3,1.04,8.22,2.72,33.1,4.6,3.17,0.45,1.09,0.5,0,0.59,1.34,2.87,5.4,0.1
453,Zack Steffen\Zack-Steffen,GK,Manchester City,1,0,0,0,0,0,0,0,,0,0,0,,0,0,0,0,0,0,0,0,0,0,0
454,Dale Stephens\Dale-Stephens,MF,Burnley,2.9,3.45,1.38,1.03,1.72,0.69,1.72,2.76,62.5,1.03,16.6,5.17,31.3,5.17,9.31,2.07,1.03,0,0,1.03,1.03,4.48,0,0
455,Jack Stephens\Jack-Stephens,DF,Southampton,17.1,2.16,1.11,1.29,0.82,0.06,0.99,2.22,44.7,1.23,9.88,3.39,34.3,5.56,3.8,0.53,2.4,0.76,0,1.64,1.46,3.63,4.91,0.06
456,Raheem Sterling\Raheem-Sterling,FW,Manchester City,28.2,0.71,0.64,0.14,0.46,0.11,0.21,0.67,31.6,0.46,10.2,2.94,28.8,1.31,4.82,4.08,0.6,0.04,0,0.57,0.5,1.21,0.07,0
457,Enda Stevens\Enda-Stevens,DF,Sheffield Utd,30,1.77,0.77,0.97,0.6,0.2,0.7,1.93,36.2,1.23,13.9,3.07,22.1,6.5,5.13,2.27,2,0.47,0.03,1.53,1.57,3.33,3.17,0.07
458,John Stones\John-Stones,DF,Manchester City,21.5,0.93,0.56,0.6,0.23,0.09,0.33,0.65,50,0.33,6.05,2.37,39.2,3.12,2.51,0.42,1.44,0.65,0,0.79,0.93,1.86,3.58,0
459,Pascal Struijk\Pascal-Struijk,DFMF,Leeds United,23.1,2.42,1.26,1.6,0.78,0.04,0.61,1.26,48.3,0.65,16.5,5.11,30.9,8.83,6.71,1,2.25,1,0,1.26,1.77,4.2,4.42,0.04
460,Japhet Tanganga\Japhet-Tanganga,DF,Tottenham,5.4,0.74,0.74,0.74,0,0,0.19,0.56,33.3,0.37,14.1,4.07,28.9,7.41,4.44,2.22,1.67,0.74,0,0.93,0.37,1.11,3.52,0
461,Matt Targett\Matt-Targett,DF,Aston Villa,37.8,2.57,1.51,1.35,0.79,0.42,1.38,2.59,53.1,1.22,11.2,3.47,30.8,5.79,3.6,1.85,2.14,0.48,0,1.67,1.24,3.81,3.33,0.03
462,James Tarkowski\James-Tarkowski,DF,Burnley,36,2.06,1.17,1.67,0.28,0.11,0.83,1.5,55.6,0.67,7,2.89,41.3,4.83,1.89,0.28,1.94,1.28,0.06,0.67,1.58,3.64,6.56,0.03
463,Percy Tau\Percy-Tau,FWMF,Brighton,1.1,0.91,0,0.91,0,0,0.91,1.82,50,0.91,27.3,2.73,10,8.18,10,9.09,1.82,0,0,1.82,0,0.91,0,0
464,Sidnei Tavares\Sidnei-Tavares,MF,Leicester City,0.9,0,0,0,0,0,0,0,,0,21.1,7.78,36.8,8.89,10,2.22,1.11,1.11,0,0,1.11,1.11,0,0
465,Charlie Taylor\Charlie-Taylor,DF,Burnley,27,1.7,0.93,0.93,0.48,0.3,0.81,1.78,45.8,0.96,8.37,2.63,31.4,3.56,3.56,1.26,2.48,0.7,0,1.78,1.04,2.74,3.56,0.04
466,Neil Taylor\Neil-Taylor,DF,Aston Villa,0.2,5,0,5,0,0,0,0,,0,20,0,0,15,0,5,0,0,0,0,0,5,0,0
467,Allan Tchaptchet\Allan-Tchaptchet,DF,Southampton,0.1,0,0,0,0,0,0,0,,0,10,0,0,10,0,0,0,0,0,0,0,0,0,0
468,Nathan Tella\Nathan-Tella,FWMF,Southampton,8.3,1.45,0.96,0.12,0.6,0.72,0.6,1.81,33.3,1.2,26.7,6.75,25.2,3.86,12.9,10,1.57,0,0,1.57,1.08,2.53,0.6,0
469,Alex Telles\Alex-Telles,DF,Manchester Utd,7.7,1.56,0.78,1.3,0.26,0,0.65,1.82,35.7,1.17,8.83,2.86,32.4,4.94,2.6,1.3,1.43,0.13,0,1.3,1.56,3.12,3.51,0
470,Kenny Tete\Kenny-Tete,DF,Fulham,16.5,3.52,1.76,2,1.09,0.42,0.91,1.58,57.7,0.67,15.2,4.79,31.6,7.33,5.39,2.42,1.82,0.3,0,1.52,1.76,5.27,3.7,0
471,William Thomas Fish\William-Thomas-Fish,DF,Manchester Utd,0,0,0,0,0,0,0,0,,0,0,0,,0,0,0,0,0,0,0,0,0,0,0
472,Luke Thomas\Luke-Thomas,DF,Leicester City,10.8,2.13,0.74,1.02,0.37,0.74,0.56,1.2,46.2,0.65,18,5.46,30.4,6.94,7.41,3.61,2.59,0.28,0,2.31,1.48,3.61,2.41,0
473,Youri Tielemans\Youri-Tielemans,MF,Leicester City,37.3,2.06,1.5,0.83,0.8,0.43,0.72,2.55,28.4,1.82,13.5,4.88,36,4.34,6.57,2.63,1.53,0.29,0,1.23,0.97,3.03,0.78,0
474,Kieran Tierney\Kieran-Tierney,DF,Arsenal,25.5,1.14,0.67,0.31,0.51,0.31,0.35,1.1,32.1,0.75,7.73,2.55,33,2.71,3.14,1.88,1.96,0.43,0,1.53,0.78,1.92,3.02,0
475,James Tomkins\James-Tomkins,DF,Crystal Palace,6.1,0.98,0.66,0.66,0.33,0,0.82,0.98,83.3,0.16,6.39,1.8,28.2,4.92,1.48,0,1.31,0.49,0,0.82,0.82,1.8,8.52,0
476,Fikayo Tomori\Fikayo-Tomori,DF,Chelsea,0.5,6,4,2,4,0,4,4,100,0,6,2,33.3,6,0,0,8,6,0,2,2,8,16,0
477,Ferrán Torres\Ferran-Torres,FWMF,Manchester City,14.5,1.03,0.55,0.41,0.41,0.21,0.48,1.52,31.8,1.03,15,4.55,30.4,2.55,6.41,6,1.17,0.07,0,1.1,0.48,1.52,0.41,0
478,Cenk Tosun\Cenk-Tosun,FW,Everton,0.5,0,0,0,0,0,0,0,,0,16,2,12.5,4,8,4,0,0,0,0,0,0,0,0
479,Andros Townsend\Andros-Townsend,MFFW,Crystal Palace,25.1,2.75,1.43,1.55,0.8,0.4,1.04,3.67,28.3,2.63,21.2,5.34,25.1,9.64,8.01,3.59,2.43,0.08,0,2.35,1.91,4.66,0.48,0
480,Conor Townsend\Conor-Townsend,DF,West Brom,24.8,2.26,1.29,1.49,0.56,0.2,1.25,2.18,57.4,0.93,11,3.75,34.2,5.24,4.11,1.61,1.81,0.65,0.08,1.17,1.61,3.87,2.62,0.04
481,Adama Traoré\Adama-Traore,FW,Wolves,29.4,1.09,0.78,0.51,0.41,0.17,0.31,0.68,45,0.37,11.7,3.64,31,2.65,6.26,2.82,0.95,0.07,0,0.88,0.37,1.46,0.54,0.03
482,Bertrand Traoré\Bertrand-Traore,FW,Aston Villa,25.7,1.01,0.35,0.35,0.31,0.35,0.35,1.52,23.1,1.17,15.1,2.88,19,4.12,6.11,4.9,1.01,0.04,0,0.97,0.89,1.91,0.62,0
483,Trézéguet\Trezeguet,FW,Aston Villa,13,2.46,1.38,1,0.92,0.54,0.85,2.92,28.9,2.08,23.4,5.15,22,7,9.15,7.23,2.08,0.08,0,2,0.85,3.31,1.23,0
484,Leandro Trossard\Leandro-Trossard,FWMF,Brighton,29,0.93,0.69,0.24,0.55,0.14,0.21,1.07,19.4,0.86,14.7,4.52,30.8,3.59,5.97,5.1,1.41,0.14,0,1.28,0.83,1.76,0.17,0
485,Kostas Tsimikas\Kostas-Tsimikas,DF,Liverpool,0.1,0,0,0,0,0,0,0,,0,40,30,75,0,20,20,0,0,0,0,0,0,0,0
486,Axel Tuanzebe\Axel-Tuanzebe,DF,Manchester Utd,4.5,2.22,1.11,1.11,0.89,0.22,1.33,1.78,75,0.44,12.9,3.56,27.6,8,4.22,0.67,3.11,1.56,0,1.56,0.89,3.11,4.22,0.22
487,Cengiz Ünder\Cengiz-Under,MFFW,Leicester City,3.1,0.97,0.97,0,0.65,0.32,0.32,1.61,20,1.29,14.2,4.84,34.1,3.55,5.81,4.84,1.61,0,0,1.61,0.97,1.94,0,0
488,Yan Valery\Yan-Valery,DFMF,Southampton,1.1,2.73,1.82,0.91,1.82,0,0,3.64,0,3.64,29.1,8.18,28.1,11.8,10,7.27,4.55,0,0,4.55,2.73,5.45,4.55,0
489,Jamie Vardy\Jamie-Vardy,FW,Leicester City,31.6,0.47,0.25,0.09,0.16,0.22,0.09,0.47,20,0.38,9.34,2.5,26.8,0.44,3.23,5.66,0.51,0.16,0,0.35,0.25,0.73,0.92,0
490,Joël Veltman\Joel-Veltman,DF,Brighton,25.3,3.04,1.62,1.86,0.87,0.32,1.3,2.49,52.4,1.19,12.3,3.64,29.5,5.57,4.82,1.94,1.38,0.16,0,1.23,1.38,4.43,3.32,0
491,Jannik Vestergaard\Jannik-Vestergaard,DF,Southampton,28.6,2.13,1.29,1.43,0.59,0.1,1.08,1.89,57.4,0.8,7.52,3.01,40,5,2.17,0.35,1.33,0.66,0,0.66,1.29,3.43,5.56,0
492,Rúben Vinagre\Ruben-Vinagre,DF,Wolves,1.9,2.63,1.58,1.58,1.05,0,1.05,2.63,40,1.58,13.7,2.63,19.2,6.84,4.74,2.11,2.11,0,0,2.11,0.53,3.16,3.16,0
493,Carlos Vinícius\Carlos-Vinicius,FW,Tottenham,3.4,0.29,0,0.29,0,0,0.29,0.29,100,0,15,4.12,27.5,1.18,6.18,7.65,0.59,0,0,0.59,0.29,0.59,1.47,0
494,João Virgínia\Joao-Virginia,GK,Everton,0.5,0,0,0,0,0,0,0,,0,0,0,,0,0,0,0,0,0,0,0,0,0,0
495,Vitinha\Vitinha,MF,Wolves,5.8,1.72,1.21,0.52,1.03,0.17,0,1.21,0,1.21,21.9,7.07,32.3,5.17,13.1,3.62,0.52,0,0,0.52,0.69,2.41,0.34,0
496,Jake Vokins\Jake-Vokins,DF,Southampton,0.7,0,0,0,0,0,0,1.43,0,1.43,14.3,2.86,20,8.57,5.71,0,0,0,0,0,0,0,1.43,0
497,Matěj Vydra\Matej-Vydra,FW,Burnley,15.2,0.59,0.39,0.2,0.2,0.2,0.07,0.59,11.1,0.53,18.5,5.2,28.1,0.72,6.78,11,0.99,0.07,0,0.92,0.33,0.92,0.46,0
498,Theo Walcott\Theo-Walcott,MFFW,Southampton,18,1.61,1,0.67,0.67,0.28,0.61,2.28,26.8,1.67,18.9,5.61,29.7,5.17,8.22,5.5,1.28,0.06,0,1.22,0.5,2.11,0.33,0
499,Theo Walcott\Theo-Walcott,FW,Everton,0.1,0,0,0,0,0,0,0,,0,50,10,20,30,20,0,0,0,0,0,0,0,0,0
500,Kyle Walker\Kyle-Walker,DF,Manchester City,21.6,1.71,1.25,0.88,0.65,0.19,0.88,1.62,54.3,0.74,10.9,3.61,33.1,4.07,5.19,1.67,1.34,0.32,0,1.02,0.69,2.41,1.76,0
501,Kyle Walker-Peters\Kyle-Walker-Peters,DF,Southampton,29.4,2.82,1.46,1.94,0.78,0.1,0.88,1.94,45.6,1.05,14.3,4.29,29.9,7.45,5.44,1.43,2.38,0.51,0,1.87,1.36,4.18,2.31,0.03
502,Aaron Wan-Bissaka\Aaron-Wan-Bissaka,DF,Manchester Utd,34,2.85,1.53,1.76,0.88,0.21,0.62,1.18,52.5,0.56,12.8,4.12,32.3,5.74,4.97,2.06,3.32,0.5,0,2.82,1.94,4.79,3.18,0
503,Joel Ward\Joel-Ward,DF,Crystal Palace,25.1,1.83,1.04,1.39,0.44,0,0.76,1.55,48.7,0.8,14.2,3.67,25.8,8.09,4.34,1.75,1.95,0.36,0,1.59,2.07,3.9,4.58,0.04
504,James Ward-Prowse\James-Ward-Prowse,MF,Southampton,38,2.21,1.5,0.89,1.13,0.18,0.76,1.95,39.2,1.18,16.6,5.45,32.9,5.79,8.53,2.26,1.87,0.13,0,1.74,1.16,3.37,2,0
505,Ollie Watkins\Ollie-Watkins,FW,Aston Villa,37,0.95,0.59,0.14,0.49,0.32,0.27,0.81,33.3,0.54,16.9,4.49,26.5,0.97,6.65,9.3,0.51,0.08,0,0.43,0.32,1.27,0.68,0
506,Caleb Watts\Caleb-Watts,MFFW,Southampton,0.4,5,2.5,5,0,0,5,12.5,40,7.5,50,17.5,35,22.5,20,7.5,7.5,0,0,7.5,0,5,0,0
507,Adam Webster\Adam-Webster,DF,Brighton,28.8,1.04,0.73,0.63,0.35,0.07,0.49,1.11,43.8,0.63,7.43,3.02,40.7,3.37,3.23,0.83,1.77,0.73,0.03,1.04,1.39,2.43,4.27,0
508,Danny Welbeck\Danny-Welbeck,FW,Brighton,17.2,0.7,0.47,0.17,0.35,0.17,0.23,0.87,26.7,0.64,14.8,3.55,23.9,2.5,5.76,6.57,1.34,0.17,0,1.16,0.29,0.99,0.64,0
509,Timo Werner\Timo-Werner,FW,Chelsea,28.9,0.97,0.62,0.31,0.48,0.17,0.35,1.45,23.8,1.11,13.1,3.84,29.2,2.35,5.36,5.43,0.83,0.03,0,0.8,0.21,1.18,0.14,0
510,Ashley Westwood\Ashley-Westwood,MF,Burnley,37.9,0.66,0.37,0.24,0.32,0.11,0.13,1.06,12.5,0.92,13,3.51,27,4.09,6.99,1.9,1.32,0.26,0,1.06,1.27,1.93,1.29,0
511,Ben White\Ben-White,DFMF,Brighton,35.5,1.58,0.93,0.79,0.68,0.11,0.68,1.8,37.5,1.13,11.5,4,34.7,5.18,5.3,1.04,1.94,0.7,0,1.24,1.27,2.85,2.2,0.06
512,Georginio Wijnaldum\Georginio-Wijnaldum,MF,Liverpool,32.7,0.92,0.73,0.28,0.49,0.15,0.28,1.04,26.5,0.76,13,4.71,36.2,3.73,6.57,2.69,1.13,0.09,0,1.04,0.76,1.68,0.73,0.03
513,Brandon Williams\Brandon-Williams,DF,Manchester Utd,2.1,0.48,0.48,0,0.48,0,0,0.48,0,0.48,7.14,1.9,26.7,2.86,3.81,0.48,2.38,0,0,2.38,4.29,4.76,1.43,0
514,Neco Williams\Neco-Williams,DF,Liverpool,2.8,2.14,1.79,1.43,0.71,0,1.07,2.86,37.5,1.79,16.1,4.64,28.9,6.07,6.43,3.57,2.86,0.36,0,2.5,1.79,3.93,1.43,0
515,Rhys Williams\Rhys-Williams,DF,Liverpool,7.3,0.82,0.27,0.27,0.55,0,0.14,0.27,50,0.14,7.4,2.05,27.8,3.97,2.88,0.55,0.68,0.55,0,0.14,1.1,1.92,9.18,0.14
516,Willian\Willian,FWMF,Arsenal,15.6,1.03,0.38,0.51,0.45,0.06,0.45,1.6,28,1.15,12.3,3.14,25.5,2.82,4.94,4.55,1.41,0,0,1.41,0.77,1.79,0.26,0
517,Joe Willock\Joe-Willock,MF,Arsenal,2.6,1.54,1.54,0.77,0.38,0.38,0,2.69,0,2.69,16.2,5.77,35.7,5.38,6.15,4.62,3.46,0.38,0,3.08,1.92,3.46,0,0
518,Joe Willock\Joe-Willock,MF,Newcastle Utd,10.9,3.12,2.29,1.83,0.92,0.37,1.01,4.4,22.9,3.39,30.4,5.5,18.1,12.9,11.8,5.6,2.75,0.46,0,2.29,2.94,6.06,1.38,0
519,Callum Wilson\Callum-Wilson,FW,Newcastle Utd,23.2,0.56,0.43,0.09,0.26,0.22,0.13,0.52,25,0.39,14.4,3.88,26.9,1.42,5.99,7.03,0.78,0.13,0,0.65,0.13,0.69,0.52,0.04
520,Harry Winks\Harry-Winks,MF,Tottenham,9.6,2.5,1.46,1.56,0.94,0,0.94,2.29,40.9,1.35,16.8,5.42,32.3,7.29,7.71,1.77,1.25,0.42,0,0.83,1.67,4.17,1.25,0
521,Chris Wood\Chris-Wood,FW,Burnley,30.5,0.56,0.36,0.13,0.1,0.33,0.2,0.56,35.3,0.36,11.6,2.98,25.7,0.66,4.3,6.66,0.89,0.13,0,0.75,0.16,0.72,0.62,0
522,Granit Xhaka\Granit-Xhaka,MFDF,Arsenal,28,2.07,1.32,0.82,0.79,0.46,1.18,2.29,51.6,1.11,12.4,3.43,27.7,3.86,5.75,2.75,1.18,0.25,0,0.93,0.89,2.96,1.96,0.04
523,Andriy Yarmolenko\Andriy-Yarmolenko,FWMF,West Ham,4.2,1.43,0.95,0.71,0.48,0.24,0.24,1.43,16.7,1.19,13.3,5,37.5,5.24,5,3.1,1.67,0,0,1.67,0.71,2.14,0.24,0
524,DeAndre Yedlin\DeAndre-Yedlin,DF,Newcastle Utd,4.8,2.08,1.25,2.08,0,0,0.83,2.5,33.3,1.67,13.5,4.17,30.8,7.71,3.54,2.29,1.88,0.21,0,1.67,0.63,2.71,3.96,0
525,Okay Yokuşlu\Okay-Yokuslu,MF,West Brom,14.6,3.22,2.26,1.71,1.37,0.14,1.1,2.53,43.2,1.44,19.5,6.16,31.6,8.77,9.04,1.71,1.71,0.21,0,1.51,2.88,6.1,2.74,0.07
526,Wilfried Zaha\Wilfried-Zaha,FW,Crystal Palace,29,1.17,0.83,0.52,0.48,0.17,0.31,1.03,30,0.72,19.6,4.79,24.5,3.72,9.45,6.41,0.72,0,0,0.72,0.93,2.1,0.07,0
527,Andre-Frank Zambo Anguissa\Andre-Frank-Zambo-Anguissa,MF,Fulham,28.7,3.03,1.85,0.94,1.6,0.49,0.8,1.99,40.4,1.18,19.6,5.71,29.2,5.99,9.58,4.01,1.64,0.24,0,1.39,1.92,4.95,1.18,0.03
528,Andi Zeqiri\Andi-Zeqiri,FWDF,Brighton,1.9,1.58,1.58,0,1.05,0.53,0,0.53,0,0.53,20.5,4.74,23.1,4.21,10.5,5.79,1.05,0.53,0,0.53,0,1.58,0.53,0
529,Oleksandr Zinchenko\Oleksandr-Zinchenko,DF,Manchester City,16.4,1.28,0.79,0.55,0.43,0.3,0.85,1.71,50,0.85,9.09,2.74,30.2,3.41,3.9,1.77,1.59,0.24,0,1.34,1.22,2.5,2.99,0
530,Hakim Ziyech\Hakim-Ziyech,FWMF,Chelsea,13,0.77,0.54,0.31,0.31,0.15,0.38,1.54,25,1.15,17.2,4.69,27.4,3.62,7.08,6.46,1.08,0.08,0,1,0.77,1.54,0.08,0
531,Kurt Zouma\Kurt-Zouma,DF,Chelsea,22.5,0.93,0.58,0.53,0.31,0.09,0.27,0.49,54.5,0.22,4.84,1.78,36.7,2.31,2.36,0.18,1.02,0.53,0,0.49,1.16,2.09,5.73,0.09
532,Martin Ødegaard\Martin-Odegaard,MF,Arsenal,9.6,0.73,0.52,0.1,0.42,0.21,0.21,1.04,20,0.83,19.2,4.58,23.9,3.75,8.23,7.19,0.31,0,0,0.31,0.52,1.25,0.52,0