,,,,,Touches,Touches,Touches,Touches,Touches,Touches,Touches,Dribbles,Dribbles,Dribbles,Dribbles,Dribbles,Carries,Carries,Carries,Carries,Carries,Carries,Carries,Carries,Receiving,Receiving,Receiving,Receiving
Rk,Player,Pos,Squad,90s,Touches,Def Pen,Def 3rd,Mid 3rd,Att 3rd,Att Pen,Live,Succ,Att,Succ%,#Pl,Megs,Carries,TotDist,PrgDist,Prog,1/3,CPA,Mis,Dis,Targ,Rec,Rec%,Prog
1,Patrick van Aanholt\Patrick-van-Aanholt,DF,Crystal Palace,19.7,67.2,3.65,20.6,32.6,17.5,1.93,57.2,0.46,1.07,42.9,0.46,0,37.2,178.8,96.8,5.79,1.52,0.46,0.66,0.81,42.4,39.3,92.8,2.34
2,Tammy Abraham\Tammy-Abraham,FW,Chelsea,11.6,30.7,1.81,3.45,14.4,14.3,5.69,29.9,0.52,1.64,31.6,0.52,0.17,15.3,61.1,21.7,1.12,0.43,0.34,2.24,1.12,42.3,21.6,51.1,8.28
3,Che Adams\Che-Adams,FW,Southampton,29.6,33,0.74,3.31,15,16.6,3.72,32.6,0.84,1.49,56.8,0.95,0,21.3,88.8,39.5,2.26,0.91,0.34,2.5,1.76,49.8,24.8,49.8,6.39
4,Tosin Adarabioyo\Tosin-Adarabioyo,DF,Fulham,32.8,67.7,14.1,40.8,28,2.23,1.04,66.2,0.24,0.34,72.7,0.27,0,40.4,188.2,105.3,1.52,0.18,0,0.15,0.24,46.7,45.5,97.4,0.15
5,Adrián\Adrian,GK,Liverpool,3,37.7,34,37.7,0,0,0,28,0,0,,0,0,16.7,54,24.7,0,0,0,0,0,15.7,15.3,97.9,0
6,Sergio Agüero\Sergio-Aguero,FWMF,Manchester City,6.2,39.7,0,1.61,17.6,23.1,8.06,37.7,1.45,2.42,60,1.61,0.32,26.9,113.5,52.6,3.55,1.13,0.32,1.77,2.1,46,31.1,67.7,8.39
7,Ola Aina\Ola-Aina,DF,Fulham,29.6,68.6,3.95,26.6,33.9,12,0.71,59.7,0.71,1.15,61.8,0.74,0.07,39.2,204.2,112.7,3.85,1.18,0.17,0.68,0.51,43.5,41.6,95.4,0.84
8,Rayan Aït Nouri\Rayan-Ait-Nouri,DF,Wolves,15.6,63.2,2.76,16.9,29.8,20.6,1.86,54.7,2.37,3.91,60.7,2.44,0.13,41.7,200.3,131,6.28,1.99,0.9,1.41,1.35,42.7,39.3,92,1.99
9,Semi Ajayi\Semi-Ajayi,DF,West Brom,30.9,41.4,7.54,22.9,17.8,2.62,1.17,39.5,0.39,0.58,66.7,0.42,0.03,19.8,107.8,57,0.94,0.32,0,0.36,0.42,22.4,20.3,90.7,0.19
10,Nathan Aké\Nathan-Ake,DF,Manchester City,8.9,92.2,4.72,24.9,65.5,9.33,0.56,89.4,0,0,,0,0,68.2,338.2,207.5,7.87,3.03,0,0.34,0.22,75.4,73.7,97.8,0.22
11,Marc Albrighton\Marc-Albrighton,DFFW,Leicester City,19.4,59,2.06,12.6,24.1,26,2.27,54,1.55,3.09,50,1.65,0.15,38.9,193.1,95.2,4.54,1.24,0.41,1.13,2.01,47.1,37.1,78.7,3.66
12,Thiago Alcántara\Thiago-Alcantara,MF,Liverpool,20.6,92.3,1.6,16.8,59.6,22.3,0.87,90.5,1.36,2.04,66.7,1.46,0.05,65.9,287.4,156.4,7.48,2.82,0.19,0.73,0.87,73.4,69.5,94.6,1.84
13,Toby Alderweireld\Toby-Alderweireld,DF,Tottenham,24.9,65.8,12.1,39,28.8,1.61,0.56,63.4,0.12,0.12,100,0.12,0,39.1,193.5,99.3,1.97,0.2,0,0.08,0.08,44.3,43.7,98.6,0.16
14,Rúnar Alex Rúnarsson\Runar-Alex-Runarsson,GK,Arsenal,0.2,65,55,60,5,0,0,50,0,0,,0,0,40,185,150,0,0,0,0,0,30,30,100,0
15,Trent Alexander-Arnold\Trent-Alexander-Arnold,DF,Liverpool,33.7,96.7,2.37,23,43.7,35.8,2.55,82,1.13,1.99,56.7,1.22,0.12,61.1,262.6,156.1,6.41,2.14,0.74,0.5,0.62,68,64.1,94.2,3.53
16,Ezgjan Alioski\Ezgjan-Alioski,DF,Leeds United,27.3,70.7,2.89,22.1,33.7,20.1,1.68,61.8,0.55,0.92,60,0.59,0.26,39.8,215.2,138.8,5.09,1.94,0.15,0.88,0.77,48.2,43.4,89.9,2.6
17,Alisson\Alisson,GK,Liverpool,33,37.2,29.4,37,0.3,0.03,0.03,30.1,0.09,0.09,100,0.09,0,19.4,69.4,38.6,0,0,0,0,0,19.9,19.8,99.7,0
18,Allan\Allan,MF,Everton,22.8,56.2,3.25,18.1,36.3,6.62,0.13,54.8,1.23,1.89,65.1,1.27,0.04,35.5,217.1,128.7,4.21,1.4,0.09,0.61,0.96,38.2,36.6,95.9,0.75
19,Dele Alli\Dele-Alli,MF,Tottenham,6.9,63.3,1.59,10.6,37.2,20.7,3.33,60.7,1.45,3.19,45.5,1.74,0.43,43.6,217.2,106.1,4.78,2.32,0.58,1.3,2.61,58,43.8,75.5,6.09
20,Miguel Almirón\Miguel-Almiron,MFFW,Newcastle Utd,27,43.6,1.48,9.7,20.3,18.4,1.89,42.4,1.33,2.37,56.3,1.37,0.11,33.6,227,121.2,4.67,2.11,0.41,1.52,1.59,38.7,29.5,76.2,3.89
21,Marcos Alonso\Marcos-Alonso,DF,Chelsea,10.7,68.1,3.36,18.7,29,25.2,4.3,59.7,0.65,1.31,50,0.65,0,40.6,199.1,119.2,5.89,1.78,0.84,0.37,1.31,49.3,42.3,86,4.11
22,Steven Alzate\Steven-Alzate,MFDF,Brighton,10,53.6,1.9,11.6,28.8,16.7,1.6,52.3,0.8,1.3,61.5,0.9,0,39.7,197.8,103,4.9,1.4,0.4,1.1,1.4,44.4,39.7,89.4,2.2
23,Daniel Amartey\Daniel-Amartey,DF,Leicester City,8,70.3,8.5,38.3,31.3,4.75,0.88,66.3,0.13,0.63,20,0.13,0,42,166.1,91.5,1.63,0.63,0,0.5,0.38,45,42.9,95.3,0.13
24,Ethan Ampadu\Ethan-Ampadu,DFMF,Sheffield Utd,23.2,58.4,6.47,23.4,29.5,9.66,0.39,54.9,0.39,0.56,69.2,0.43,0,31.2,197.3,118,4.22,1.51,0,0.6,0.3,34.3,32.9,96.1,0.39
25,Joachim Andersen\Joachim-Andersen,DF,Fulham,30.3,72.7,12,43.3,31.1,3.1,0.73,70.6,0.23,0.23,100,0.23,0,43.2,268.9,140.7,2.28,0.4,0,0.2,0.2,47.6,46.7,98.1,0.1
26,Elliot Anderson\Elliot-Anderson,MF,Newcastle Utd,0,2,0,0,1,1,1,2,0,0,,0,0,1,4,1,0,0,0,0,0,3,1,33.3,1
27,Felipe Anderson\Felipe-Anderson,FWMF,West Ham,0,7,0,0,5,3,1,7,0,0,,0,0,6,68,50,2,1,0,0,0,7,6,85.7,0
28,Michail Antonio\Michail-Antonio,FW,West Ham,21.9,37.2,0.5,1.64,16.4,21.9,5.94,36.4,2.15,3.7,58,2.42,0.09,26,132.2,84.4,4.89,1.51,1.23,3.52,2.6,55.7,29.3,52.6,8.68
29,Alphonse Areola\Alphonse-Areola,GK,Fulham,36,30.8,27.6,30.7,0.14,0,0,21.2,0,0,,0,0,12.6,58.4,27.8,0,0,0,0.03,0,11.2,11.2,99.5,0
30,Stuart Armstrong\Stuart-Armstrong,MF,Southampton,30.7,54.2,1.56,9.28,31.6,18.8,2.15,51.8,1.82,3.19,57.1,1.92,0.03,37.8,241.7,139.7,6.09,2.44,0.36,1.73,2.28,45,37,82.2,3.78
31,Kepa Arrizabalaga\Kepa-Arrizabalaga,GK,Chelsea,6.5,39.4,37.1,39.1,0.62,0,0,31.5,0,0,,0,0,22.8,88.5,46.6,0,0,0,0.31,0,22.8,22.8,100,0
32,Pierre-Emerick Aubameyang\Pierre-Emerick-Aubameyang,FW,Arsenal,25.9,34.9,0.93,4.86,14.1,18.2,4.86,34,0.46,1.08,42.9,0.5,0,23.4,135.2,80,4.09,1.35,1.08,1.24,0.73,48.3,27.6,57.1,7.18
33,Serge Aurier\Serge-Aurier,DF,Tottenham,17.8,68,4.78,23.9,30.8,15.8,1.35,59.2,1.01,1.97,51.4,1.07,0,38.2,130.1,68.2,3.2,0.9,0.17,0.73,1.12,42.9,38.2,89,2.25
34,Charlie Austin\Charlie-Austin,FW,West Brom,1.5,38.7,3.33,6,15.3,18.7,2,37.3,1.33,2.67,50,1.33,0,23.3,83.3,44.7,1.33,0,0.67,4,2.67,60.7,26.7,44,4
35,Jordan Ayew\Jordan-Ayew,FWMF,Crystal Palace,23.3,44.1,0.82,6.57,23.5,18,2.7,43.4,1.93,3.69,52.3,2.15,0.13,32.5,185.7,97.4,3.52,1.67,0.6,2.49,3.39,51.8,31.1,60.1,4.72
36,Luke Ayling\Luke-Ayling,DF,Leeds United,37.8,82.9,7.43,38,38,14.5,1.83,73.8,1.01,1.61,62.3,1.03,0.16,50.5,348.8,218.1,6.14,1.93,0.21,0.93,0.69,55.8,52.5,94.1,1.61
37,César Azpilicueta\Cesar-Azpilicueta,DF,Chelsea,24.3,93.4,5.6,33.9,44.3,19.1,1.56,85.9,0.21,0.41,50,0.21,0,54.8,236.6,148.6,4.69,1.52,0.04,0.33,0.53,68.1,65.1,95.5,1.48
38,Eric Bailly\Eric-Bailly,DF,Manchester Utd,10.2,64,10.3,37.5,29.7,1.27,0.39,62.7,0.49,0.59,83.3,0.49,0,40.9,262.4,135.4,3.33,0.2,0,0.2,0.1,42.5,41.9,98.6,0
39,Fabián Balbuena\Fabian-Balbuena,DF,West Ham,13.3,45.9,6.77,23.8,22.6,1.8,0.75,44.3,0.15,0.23,66.7,0.15,0,24.4,113.9,52.3,0.98,0.23,0,0.15,0,25.3,24.2,95.8,0.38
40,George Baldock\George-Baldock,DF,Sheffield Utd,31,47.6,3.48,13.5,16.8,20.2,1.58,41.1,0.74,1.52,48.9,0.81,0,27.2,160.4,90,4.16,1.55,0.35,0.74,0.71,29.8,26.1,87.4,2.06
41,Gareth Bale\Gareth-Bale,FW,Tottenham,10.2,55,1.76,8.33,26.6,23.9,4.51,51.5,2.84,4.9,58,2.94,0.2,36.6,221.8,111,6.18,1.67,1.08,1.96,1.08,52.3,38.6,73.9,6.96
42,Patrick Bamford\Patrick-Bamford,FW,Leeds United,33.9,25.6,1.36,2.6,11.9,12,5.4,23,0.5,1.15,43.6,0.65,0.12,13.1,56.3,26.6,1.65,0.5,0.56,2.42,1.12,40.6,16.9,41.6,6.17
43,Phil Bardsley\Phil-Bardsley,DF,Burnley,3,65.3,5,21.3,33.3,14.3,0.67,53.3,0.67,0.67,100,0.67,0.33,29.3,140.3,63.3,3.67,1,0,0.33,0.67,33,31.3,94.9,0.33
44,Ross Barkley\Ross-Barkley,MF,Aston Villa,17,55.5,0.94,8.06,24.8,26.1,3.88,49.9,2,2.76,72.3,2.06,0,35.8,196.4,107,4.76,1.65,0.65,2,2.24,48.1,38.2,79.3,4.88
45,Ross Barkley\Ross-Barkley,MF,Chelsea,0.5,66,0,16,38,16,2,66,8,10,80,8,0,50,254,168,6,2,0,2,0,64,48,75,10
46,Ashley Barnes\Ashley-Barnes,FW,Burnley,14.8,34.5,0.68,3.45,15.5,17.1,4.66,34.3,0.14,0.41,33.3,0.2,0,20.3,63,28.6,1.76,0.61,0.27,3.45,1.69,50.5,25.3,50.1,6.82
47,Harvey Barnes\Harvey-Barnes,FWMF,Leicester City,21.6,43.2,0.83,5.65,19.5,23.9,5.05,43.1,1.3,3.19,40.6,1.3,0.05,32.5,234.8,165.7,8.24,3.84,1.76,2.45,2.45,46.3,32.7,70.6,6.25
48,Kyle Bartley\Kyle-Bartley,DF,West Brom,28.7,40.5,9.65,24.4,15.2,2.58,1.39,39.4,0.1,0.14,75,0.1,0,16.4,88.8,36.2,0.66,0.17,0,0.31,0.17,21.1,18,85.2,0.14
49,Chris Basham\Chris-Basham,DFMF,Sheffield Utd,28.6,50.8,6.29,21.1,22.2,11.1,1.54,48.6,0.66,0.98,67.9,0.77,0.03,28.8,171.2,112.1,3.71,1.01,0.07,0.49,0.91,29.9,27.1,90.6,1.36
50,Michy Batshuayi\Michy-Batshuayi,FW,Crystal Palace,8.1,32,1.11,3.7,17,13.2,3.33,30.4,1.48,2.1,70.6,1.48,0.12,19.5,93.2,60.4,2.35,1.11,0.37,1.98,3.58,41.5,23.1,55.7,7.16
51,Jan Bednarek\Jan-Bednarek,DF,Southampton,34.4,70.2,8.9,38.8,33.2,1.63,0.49,67.7,0.06,0.12,50,0.06,0,39.4,204.2,104.5,2.27,0.23,0,0.15,0.12,43.9,43,97.9,0.09
52,Donny van de Beek\Donny-van-de-Beek,MFFW,Manchester Utd,5.8,59.1,1.9,11.2,29.5,20.7,4.83,58.4,1.55,2.24,69.2,1.55,0,35.9,131.2,62.4,3.28,1.21,0,1.38,1.38,53.8,43.8,81.4,7.41
53,Héctor Bellerín\Hector-Bellerin,DF,Arsenal,23.2,64.6,2.41,17.5,28.9,21.6,2.16,57.6,0.69,1.34,51.6,0.78,0.13,40.2,191.8,119.1,4.96,1.42,0.56,0.69,0.39,45.5,41.4,91,3.19
54,Saïd Benrahma\Said-Benrahma,FWMF,West Ham,15.5,48.6,0.9,7.29,21.7,23.9,3.94,47.8,3.1,5.35,57.8,3.48,0.45,40.3,240.3,136.8,8,2.06,0.97,2.06,2.77,46.4,34.4,74.1,5.55
55,Josh Benson\Josh-Benson,MF,Burnley,2.9,39,1.72,6.55,18.3,15.5,1.03,37.6,1.72,2.76,62.5,1.72,0.34,25.5,84.1,40,1.72,1.03,0,1.03,2.07,28.6,22.8,79.5,1.38
56,Christian Benteke\Christian-Benteke,FW,Crystal Palace,20.2,42,2.33,4.21,21.2,17.8,6.29,41,0.79,1.44,55.2,0.84,0,17.7,64,29.4,2.03,0.5,0.5,2.97,1.34,59.7,32.1,53.7,7.28
57,Gaetano Berardi\Gaetano-Berardi,DF,Leeds United,1.3,51.5,5.38,28.5,24.6,3.08,0.77,47.7,0,0,,0,0,30.8,134.6,54.6,0.77,0,0,0,0,33.1,33.1,100,0
58,Jóhann Berg Guðmundsson\Johann-Berg-Gudmundsson,MF,Burnley,15.1,39.8,1.46,6.56,17.7,17.9,2.05,39.3,0.4,1.39,28.6,0.53,0.07,28.3,162.8,82,4.83,1.46,0.4,0.79,1.06,35.6,27.2,76.2,3.77
59,Sander Berge\Sander-Berge,MF,Sheffield Utd,12.4,47.9,2.5,10.4,24.8,17.9,2.9,46.9,1.53,2.42,63.3,1.61,0.24,32.6,249.4,135.6,5.32,1.94,0.73,1.94,1.45,37.3,32.9,88.1,2.82
60,Steven Bergwijn\Steven-Bergwijn,FWMF,Tottenham,13.4,42.5,0.97,6.34,20.1,20.5,3.13,41.8,1.57,3.06,51.2,1.72,0,33.3,178.5,95.7,4.7,1.79,0.67,2.16,1.72,46.8,31.6,67.6,5.22
61,Bernard\Bernard,MFFW,Everton,5.1,66.3,1.18,7.06,33.3,30.2,3.14,65.3,1.96,3.33,58.8,1.96,0.59,49.8,262.4,133.3,6.86,1.76,0.39,1.96,2.35,57.1,48.2,84.5,6.67
62,Bernardo\Bernardo,DFMF,Brighton,2.3,50.4,1.3,12.2,17.4,23.5,2.17,47.4,0,0.87,0,0,0,29.6,117.4,51.3,1.74,0.43,0,0.87,2.17,43,33.9,78.8,1.74
63,Ryan Bertrand\Ryan-Bertrand,DF,Southampton,28.9,62.4,2.39,16.1,30.4,19,1.63,51,0.17,0.24,71.4,0.17,0,32,154.8,86.4,4.01,1.31,0.38,0.73,0.42,40.8,35.3,86.4,2.42
64,Yves Bissouma\Yves-Bissouma,MF,Brighton,34.6,60.6,3.12,17,35.3,13.2,0.4,59.7,1.45,2.2,65.8,1.53,0.09,42.5,258.4,118.3,4.54,1.79,0.06,0.9,0.9,42.3,39.9,94.5,0.75
65,Jayden Bogle\Jayden-Bogle,DF,Sheffield Utd,12.3,45.4,2.28,12.1,15.3,20.2,3.01,40.1,1.38,3.09,44.7,1.63,0.08,26.3,102,48.1,2.2,0.49,0.08,1.38,1.87,31.2,23.7,75.8,2.68
66,Willy Boly\Willy-Boly,DF,Wolves,20.9,58.3,6.36,29.3,29.6,2.15,0.91,57.3,0.24,0.24,100,0.24,0,34.3,149.8,61,1.67,0.33,0,0.14,0.29,39.9,38.2,95.8,0.14
67,Jarrod Bowen\Jarrod-Bowen,FWMF,West Ham,28.5,37.4,0.53,5.61,15.1,20.3,4.21,34.8,1.4,2.25,62.5,1.4,0.11,26.9,192.2,82.9,3.96,0.98,1.3,1.79,2.32,39.8,24.8,62.3,6.18
68,Robbie Brady\Robbie-Brady,MF,Burnley,11.7,45,3.68,10.1,20.3,17.6,1.97,43.2,1.28,1.79,71.4,1.45,0.17,26.4,160.4,74.7,4.1,1.03,0.43,1.37,0.94,32.9,25.6,77.7,2.56
69,Rhian Brewster\Rhian-Brewster,FW,Sheffield Utd,12.5,28.2,0.48,2.48,10.8,16.3,2.64,27.5,0.72,1.36,52.9,0.72,0,17.1,61.7,31.2,1.68,0.64,0.24,1.76,1.28,38.1,18.5,48.5,5.6
70,Nathan Broadhead\Nathan-Broadhead,MF,Everton,0,3,0,1,2,0,0,3,0,0,,0,0,1,1,0,0,0,0,0,0,2,2,100,0
71,Josh Brownhill\Josh-Brownhill,MF,Burnley,31.3,48,2.3,8.98,26,14.9,2.08,47,0.45,0.61,73.7,0.48,0,23.7,98,42,2.04,0.7,0.22,0.7,0.45,30.5,25.9,84.9,2.72
72,Joe Bryan\Joe-Bryan,DFFW,Fulham,7.4,68.4,2.84,20.8,28.1,23,1.35,57.4,1.22,1.22,100,1.22,0,36.6,195.4,117.8,6.22,2.16,0,1.49,0.68,42.3,38.4,90.7,1.35
73,Kean Bryan\Kean-Bryan,DF,Sheffield Utd,11.2,52.8,5.71,26.2,24.6,5.89,0.63,50.9,0.27,0.45,60,0.27,0,28.3,139.8,65,0.98,0.71,0,0.36,0.45,29.9,28.3,94.6,0.71
74,Oliver Burke\Oliver-Burke,FW,Sheffield Utd,14.1,30.6,0.35,2.41,13.2,17,4.75,29.7,1.28,1.84,69.2,1.28,0.21,18.5,94.3,48.8,2.98,0.43,1.42,3.12,2.2,45.9,21.3,46.4,7.59
75,Dan Burn\Dan-Burn,DF,Brighton,22.9,66.2,5.02,21.4,32,16.5,1.88,59.8,0.74,0.96,77.3,0.79,0,36.9,189.7,104.5,3.41,1.09,0.09,1,0.61,45.2,40.2,88.8,1.88
76,Jack Butland\Jack-Butland,GK,Crystal Palace,1,23,19,23,0,0,0,12,0,0,,0,0,8,61,42,0,0,0,0,0,3,3,100,0
77,David Button\David-Button,GK,West Brom,1,39,34,38,1,0,0,24,0,0,,0,0,12,75,45,0,0,0,0,0,13,13,100,0
78,Oskar Buur\Oskar-Buur,DF,Wolves,0.2,85,0,25,60,0,0,80,0,0,,0,0,55,115,85,5,0,0,0,5,70,65,92.9,0
79,Willy Caballero\Willy-Caballero,GK,Chelsea,1,26,21,26,1,0,0,19,0,0,,0,0,12,77,20,0,0,0,0,0,15,15,100,0
80,Gary Cahill\Gary-Cahill,DF,Crystal Palace,20,45.7,8.1,28.8,17.6,1.9,1.3,44.4,0.05,0.1,50,0.05,0,21.8,114.5,53,1.2,0.05,0,0.15,0.1,27.4,26,94.9,0.05
81,Tom Cairney\Tom-Cairney,MF,Fulham,8.4,82,1.19,12.3,45.6,30,1.55,78.3,1.43,2.14,66.7,1.43,0,64.9,325.8,151.1,6.9,2.74,0.12,1.31,0.83,72.6,66.9,92.1,3.69
82,Dominic Calvert-Lewin\Dominic-Calvert-Lewin,FW,Everton,31.9,33.4,1.35,3.01,15,17.1,4.89,32.9,0.63,1.44,43.5,0.69,0.09,17.4,94.3,36,1.97,0.69,0.6,3.54,1.57,50.3,25.8,51.3,6.49
83,João Cancelo\Joao-Cancelo,DF,Manchester City,25.5,94.2,3.06,18.6,48.1,33.3,3.14,85.4,1.96,3.41,57.5,2.12,0.39,63.7,295.7,166.3,8.55,2.86,0.86,0.98,1.18,69.5,66.3,95.4,3.57
84,Ian Carlo Poveda\Ian-Carlo-Poveda,MFDF,Leeds United,3.9,46.7,0.77,7.44,15.9,28.7,5.64,46.4,3.33,5.64,59.1,3.59,0.77,40,266.2,175.1,8.46,1.54,1.79,3.08,4.36,51.3,34.4,67,8.72
85,Andy Carroll\Andy-Carroll,FW,Newcastle Utd,4.4,45.2,2.73,4.09,23.4,18,5.68,44.3,0.45,1.36,33.3,0.91,0,18,62,29.5,0.68,0.23,0.23,2.95,1.36,56.8,31.6,55.6,7.5
86,Scott Carson\Scott-Carson,GK,Manchester City,1,17,15,17,0,0,0,15,0,0,,0,0,9,18,14,0,0,0,0,0,7,7,100,0
87,Fabio Carvalho\Fabio-Carvalho,MFFW,Fulham,2.8,48.9,0.36,5.71,21.8,23.6,6.43,46.8,2.14,4.29,50,2.5,0.36,34.3,176.8,77.1,5.36,0.36,1.43,2.14,3.21,43.6,32.5,74.6,8.93
88,Matty Cash\Matty-Cash,DF,Aston Villa,26.4,61.5,5.27,21.3,29.8,14.1,1.1,52,0.38,0.61,62.5,0.38,0,30.8,178,86.7,3.3,1.4,0.27,0.61,0.57,32.7,30.8,94.3,1.06
89,Kiko Casilla\Kiko-Casilla,GK,Leeds United,3,34.7,32.3,34.7,0,0,0,22.7,0,0,,0,0,14.7,48.7,25.3,0,0,0,0,0,11.3,11.3,100,0
90,Timothy Castagne\Timothy-Castagne,DF,Leicester City,26.1,67.9,2.91,19.7,33.2,18.5,1.49,61.2,0.57,1.15,50,0.57,0,40.7,180.5,99.8,4.98,1.34,0.04,0.88,0.57,49,44.2,90.1,2.45
91,Jonny Castro\Jonny-Castro,DF,Wolves,5.5,54.2,2.73,15.6,25.3,16.7,1.09,44.4,0.73,1.45,50,0.73,0,30.9,176.4,100.4,4.91,1.64,0.36,0.73,2.36,37.1,30,80.9,2
92,Ivan Cavaleiro\Ivan-Cavaleiro,FWMF,Fulham,27.5,43.6,0.95,5.42,18.3,22.5,3.35,40.9,1.89,3.24,58.4,1.96,0,30.1,182.1,89.6,4.91,1.38,0.84,3.35,2.22,47.3,29.8,63,6.95
93,Edinson Cavani\Edinson-Cavani,FW,Manchester Utd,15.3,31.2,0.78,2.94,13.3,15.6,5.29,30.4,0.39,0.98,40,0.46,0,15.8,56.3,13.5,0.78,0.2,0.07,1.83,0.52,41.9,22.2,53,6.86
94,Dani Ceballos\Dani-Ceballos,MF,Arsenal,17.9,81.7,3.97,20.3,48.2,20.7,1.62,78.9,1.45,2.01,72.2,1.45,0.22,59.1,387.5,207.8,9.22,2.68,0.11,0.73,1.17,62.4,60.1,96.2,2.51
95,Calum Chambers\Calum-Chambers,DF,Arsenal,8.4,80.7,5.12,29.8,32.9,22.7,2.74,70.5,0.36,0.95,37.5,0.36,0.24,46.5,188,114.6,3.93,1.79,0.12,0.71,0.6,52,48.2,92.7,2.5
96,Ben Chilwell\Ben-Chilwell,DF,Chelsea,25.4,83.1,2.36,22,36.2,30.7,3.03,72.2,0.71,1.3,54.5,0.83,0.04,52,276.1,165.6,6.97,2.4,0.43,1.06,1.02,62,55.5,89.6,3.54
97,Hamza Choudhury\Hamza-Choudhury,MF,Leicester City,3.5,79.4,3.14,20.3,53.1,8,0.29,78.6,0,0.29,0,0,0.29,50.3,218,88.3,2.57,0.29,0,0.86,0.57,59.7,53.7,90,0.86
98,Andreas Christensen\Andreas-Christensen,DF,Chelsea,15.2,81.9,11.9,45.9,39.1,2.24,0.46,80.3,0.07,0.13,50,0.13,0,54.8,274.5,156.9,3.55,0.66,0,0.13,0.2,61.2,60.3,98.5,0.07
99,Carney Chukwuemeka\Carney-Chukwuemeka,FWMF,Aston Villa,0.2,60,0,10,20,30,10,60,0,0,,0,0,40,165,80,5,0,0,5,0,105,45,42.9,10
100,Ciaran Clark\Ciaran-Clark,DF,Newcastle Utd,21,47.2,8.9,29.6,16.4,2.76,0.86,46.2,0.29,0.43,66.7,0.29,0,23.5,110.7,54,1.19,0.14,0,0.33,0.05,27.5,26,94.3,0.24
101,Nathaniel Clyne\Nathaniel-Clyne,DF,Crystal Palace,12.7,52.8,2.99,18.5,25.5,11.6,0.47,42.8,0.24,0.39,60,0.24,0,25,119.4,61.1,2.91,0.94,0,0.24,0.39,28.7,27.1,94.2,0.79
102,Conor Coady\Conor-Coady,DF,Wolves,36.7,56.5,11.4,36.8,21.9,0.46,0.33,55,0.19,0.25,77.8,0.19,0.03,34.9,163.7,71.9,0.79,0.05,0,0.05,0.08,39.8,39.4,98.9,0.05
103,Séamus Coleman\Seamus-Coleman,DFMF,Everton,17.9,54.7,4.41,18.8,25.4,14.4,1.68,49.4,1.12,2.18,51.3,1.17,0.06,34.6,199,96.7,3.91,1.06,0.28,0.95,1.68,36.5,31.9,87.3,2.51
104,Aaron Connolly\Aaron-Connolly,FW,Brighton,8.8,22.8,0.11,1.59,9.55,13.2,4.32,21.7,0.91,1.14,80,0.91,0,14.1,74.4,44,1.93,0.91,0.45,3.3,1.7,40.6,16.3,40.1,7.27
105,Liam Cooper\Liam-Cooper,DF,Leeds United,24.3,76.7,11.2,47.1,31.9,2.14,0.86,75.3,0.12,0.12,100,0.12,0,45.5,266.3,141.9,2.35,0.37,0,0.21,0.25,49.9,49.2,98.6,0.04
106,Theo Corbeanu\Theo-Corbeanu,FW,Wolves,0.1,80,0,20,50,10,0,80,0,0,,0,0,50,160,70,10,0,0,20,10,70,60,85.7,0
107,Jack Cork\Jack-Cork,MF,Burnley,15,41.7,1.8,7.13,26.2,10.5,0.87,41.3,0.2,0.47,42.9,0.33,0,24.1,118.8,47.3,2.2,0.73,0.13,0.6,0.93,29.2,24.4,83.6,1.53
108,Hélder Costa\Helder-Costa,MFFW,Leeds United,12.8,39.2,1.02,8.91,15.9,17.8,3.59,38.8,1.48,3.2,46.3,1.64,0.16,26.8,151.8,94.8,4.38,1.02,0.86,2.11,2.5,39.6,27.4,69.2,4.69
109,Vladimír Coufal\Vladimir-Coufal,DF,West Ham,33.9,60.9,4.6,18.4,26.4,18.9,1.39,50.6,0.53,0.8,66.7,0.53,0.03,29.9,153.1,71.3,3.19,0.91,0.24,0.59,0.53,34.3,30.6,89.1,1.53
110,Aaron Cresswell\Aaron-Cresswell,DF,West Ham,35.2,65.5,5.17,21.8,29.9,16.9,0.51,52.9,0.17,0.43,40,0.23,0.06,36,153,74.3,2.76,1.14,0.09,0.2,0.26,38.8,37.4,96.5,0.85
111,Patrick Cutrone\Patrick-Cutrone,FWMF,Wolves,0.3,23.3,0,0,10,16.7,3.33,20,0,0,,0,0,13.3,83.3,23.3,3.33,3.33,0,0,0,43.3,13.3,30.8,6.67
112,Stuart Dallas\Stuart-Dallas,DFMF,Leeds United,37.9,68.8,2.35,19.4,35.6,18.5,1.74,63.1,0.58,0.98,59.5,0.66,0,43.4,247.5,130.3,4.83,1.9,0.4,0.98,1.11,52.2,46,88.3,2.8
113,Scott Dann\Scott-Dann,DF,Crystal Palace,15,48.9,6.67,28.3,21.1,1.67,1,47.1,0.33,0.33,100,0.33,0,24.2,101.8,53.3,1,0.07,0,0.2,0,29.3,28.4,96.8,0.07
114,Karl Darlow\Karl-Darlow,GK,Newcastle Utd,25,32.7,29.2,32.4,0.32,0.04,0.04,19.9,0,0,,0,0,10,58.8,34.7,0,0,0,0.04,0,9.16,9.04,98.7,0
115,Ben Davies\Ben-Davies,DF,Tottenham,15,62.5,5.4,21,31.4,13.9,1,53.1,0.33,0.6,55.6,0.47,0,34.3,153.9,92.7,3.6,1.2,0.27,0.2,0.33,39.1,36.2,92.7,1.67
116,Tom Davies\Tom-Davies,MF,Everton,15.8,54.2,3.61,18.8,32,6.96,0.32,53.6,1.01,1.39,72.7,1.14,0,34,171.6,85.3,3.29,0.76,0.13,0.89,0.95,40.4,36.5,90.3,1.46
117,Keinan Davis\Keinan-Davis,FWMF,Aston Villa,3.1,39.4,0.65,3.23,15.2,23.5,9.68,39,2.26,3.55,63.6,2.58,0,28.1,128.1,74.2,3.55,0.97,0.65,3.55,2.26,57.7,32.3,55.9,13.9
118,Leif Davis\Leif-Davis,DF,Leeds United,0.4,57.5,12.5,37.5,17.5,7.5,0,57.5,2.5,2.5,100,2.5,0,40,347.5,155,2.5,5,0,0,0,47.5,40,84.2,0
119,Craig Dawson\Craig-Dawson,DF,West Ham,21.4,44.2,8.41,26.9,17.5,1.78,1.03,42.9,0,0,,0,0,23.2,123,56.2,0.98,0.23,0,0.23,0,25.7,25,97.1,0.05
120,Kevin De Bruyne\Kevin-De-Bruyne,MF,Manchester City,22.2,75.8,0.59,6.13,34.8,41.3,4.86,69.5,1.8,3.11,58,2.03,0.09,53.5,294.5,189.6,9.59,3.69,1.4,1.58,1.53,66,57.7,87.4,8.24
121,Liam Delap\Liam-Delap,FW,Manchester City,0.4,27.5,0,2.5,17.5,7.5,2.5,17.5,0,0,,0,0,15,7.5,0,0,0,0,5,2.5,40,17.5,43.8,7.5
122,Fabian Delph\Fabian-Delph,MFDF,Everton,3,88,2.33,25.7,54,15,0,84.7,2.67,4,66.7,2.67,0,66,298,150.7,5.67,1.67,0,0.67,0.67,70.7,69,97.6,0.67
123,Leander Dendoncker\Leander-Dendoncker,MFDF,Wolves,27.8,51.9,3.74,16.1,29.6,8.74,2.12,51.2,0.4,0.58,68.8,0.4,0.04,27.7,136.9,67.8,2.23,0.47,0.07,0.68,0.32,39.4,34.1,86.7,1.83
124,Mbaye Diagne\Mbaye-Diagne,FW,West Brom,13.2,27.7,1.52,3.71,13.3,11.7,3.64,27,0.98,1.21,81.3,0.98,0,14.5,43,17.2,0.76,0.23,0.23,1.82,1.97,50.5,20.2,40.1,5
125,Amad Diallo\Amad-Diallo,FW,Manchester Utd,1.8,52.2,1.67,11.1,29.4,17.8,2.22,51.7,1.67,5,33.3,1.67,0,41.1,209.4,101.1,3.89,2.78,0,2.22,3.33,48.3,37.2,77,2.22
126,Ibrahima Diallo\Ibrahima-Diallo,MF,Southampton,11.3,63.2,2.39,16.8,39.8,10.9,0.88,62.5,0.97,1.5,64.7,1.15,0.09,40.5,184.3,94.2,3.98,1.68,0,0.88,1.86,46.9,43.5,92.6,1.33
127,Grady Diangana\Grady-Diangana,MFFW,West Brom,13.7,42.3,1.46,8.83,17.2,19.2,2.34,41.6,1.75,3.65,48,1.82,0.15,28.5,151.8,98.6,5.04,1.53,0.51,2.48,2.99,41.5,28.1,67.8,5.55
128,Raphael Dias Belloli\Raphael-Dias-Belloli,MF,Leeds United,26.2,55.3,1.6,7.79,24.6,26.2,5.15,49.9,2.33,4.5,51.7,2.52,0.19,36.5,184.2,118.9,6.18,1.53,1.18,2.75,1.37,51.6,37.3,72.2,6.41
129,Rúben Dias\Ruben-Dias,DF,Manchester City,31.6,92.4,9.02,37.8,59.8,2.25,0.89,91,0.09,0.19,50,0.09,0,68.1,421.6,255,7.28,0.54,0,0.22,0.16,76.2,74.9,98.3,0.35
130,Eric Dier\Eric-Dier,DF,Tottenham,28,69.4,13,41.9,29.8,2.14,0.75,67.5,0.11,0.18,60,0.14,0,42.6,231.4,136.7,2.36,0.39,0.07,0.14,0.07,48.6,47.8,98.2,0.18
131,Lucas Digne\Lucas-Digne,DF,Everton,29.8,67.9,3.59,19,28.8,23.3,1.31,56.3,0.47,0.77,60.9,0.5,0.03,33.2,153,84.2,3.36,1.24,0.13,0.84,1.07,42.6,36.5,85.7,3.79
132,Virgil van Dijk\Virgil-van-Dijk,DF,Liverpool,4.1,86.1,6.1,35.6,52,2.2,1.22,85.4,0,0,,0,0,60,217.1,100.7,3.17,0,0,0.24,0,70.5,68.8,97.6,0.73
133,Issa Diop\Issa-Diop,DF,West Ham,15.3,47.4,7.45,24.1,24.4,0.72,0.46,46.4,0.33,0.33,100,0.33,0,25.8,140.3,65.8,1.5,0.13,0,0.2,0.2,29.3,28.2,96.2,0.07
134,Moussa Djenepo\Moussa-Djenepo,MF,Southampton,13.8,46.7,1.38,10.2,22.3,16.9,3.26,45.6,2.54,4.71,53.8,2.97,0.14,32.2,138.6,72.1,4.49,1.16,0.8,2.83,1.67,38,28.4,74.8,4.64
135,Matt Doherty\Matt-Doherty,DF,Tottenham,13.8,72.8,4.57,23.3,34,19.1,1.59,62.5,0.51,1.16,43.8,0.58,0,38.4,167,95.1,4.78,1.52,0.07,0.94,0.87,48.3,43.2,89.5,3.12
136,Gabriel Dos Santos\Gabriel-Dos-Santos,DF,Arsenal,22.2,77.7,11.8,41.7,38.8,2.66,1.13,76.6,0.18,0.41,44.4,0.23,0,55.1,344.3,196.7,5,0.27,0.09,0.14,0.18,60.1,58.8,97.8,0.41
137,Abdoulaye Doucouré\Abdoulaye-Doucoure,MF,Everton,27.1,58.3,2.29,17.1,32.5,12.8,1.44,57.8,0.63,1.03,60.7,0.66,0.07,35.7,180,89.9,2.99,1.22,0.04,1.11,1.11,44.4,39.3,88.4,2.92
138,Martin Dúbravka\Martin-Dubravka,GK,Newcastle Utd,13,36.2,32.2,36.1,0.15,0,0,23.7,0,0,,0,0,15.2,74.7,42.1,0,0,0,0.08,0.08,12.4,12.3,99.4,0
139,Paul Dummett\Paul-Dummett,DF,Newcastle Utd,13.9,51,7.34,27,19.9,5.76,0.5,47,0.14,0.22,66.7,0.14,0,26.8,95.8,50.3,0.94,0.29,0,0.36,0.07,30.9,29.4,95.1,0.22
140,Lewis Dunk\Lewis-Dunk,DF,Brighton,32.6,74,12.3,44.3,30,3.59,1.41,71.7,0.15,0.18,83.3,0.18,0,48.2,260.9,129.7,2.7,0.64,0,0.18,0.06,52.5,51.5,98.1,0.28
141,Jimmy Dunne\Jimmy-Dunne,DF,Burnley,3,64,9.67,35,22.7,7,5,63.3,0.33,0.67,50,0.33,0,28,132,16.3,0,0,0,0.67,0,33,31,93.9,2
142,Ederson\Ederson,GK,Manchester City,36,31.9,27.9,31.8,0.11,0,0,25.9,0,0,,0,0,19.2,91.1,53.8,0,0,0,0.03,0,18.9,18.8,99.4,0
143,Kyle Edwards\Kyle-Edwards,MFFW,West Brom,1.3,38.5,0,8.46,17.7,15.4,4.62,38.5,0.77,3.08,25,0.77,0,29.2,184.6,134.6,7.69,0.77,1.54,1.54,1.54,37.7,27.7,73.5,3.85
144,John Egan\John-Egan,DF,Sheffield Utd,29.2,48.2,7.91,27.2,22.6,1.82,0.89,47.3,0.07,0.07,100,0.07,0,24.3,174.5,105.1,2.4,0.24,0,0.14,0.03,28.3,27.2,95.9,0.14
145,Anthony Elanga\Anthony-Elanga,FW,Manchester Utd,1.7,50.6,1.18,8.82,21.8,24.7,3.53,50,2.35,4.12,57.1,2.94,0,35.3,124.1,60,3.53,0.59,0.59,6.47,2.35,52.4,40,76.4,7.06
146,Ahmed Elmohamady\Ahmed-Elmohamady,DF,Aston Villa,9.3,73.8,4.62,23.5,30.8,22.9,1.51,61,0.43,0.54,80,0.43,0,36.6,164,90,4.73,1.61,0.22,0.22,0.75,42.4,39.4,92.9,2.04
147,Mohamed Elneny\Mohamed-Elneny,MF,Arsenal,17.2,64.1,4.3,19.9,39.2,8.72,0.29,62.9,0.41,0.52,77.8,0.41,0.06,48.7,228.9,115.2,4.07,0.99,0,0.29,0.41,51.3,49.1,95.8,0.58
148,Jonny Evans\Jonny-Evans,DF,Leicester City,27.5,73,10.8,40.8,34,1.96,0.65,71.6,0.22,0.22,100,0.22,0,46.8,233.3,118.7,1.93,0.22,0,0.18,0.22,50.3,49.1,97.7,0.15
149,Eberechi Eze\Eberechi-Eze,MF,Crystal Palace,28.4,52.2,0.95,8.66,27.6,21.5,1.83,48.3,2.43,3.8,63.9,2.57,0.14,41.6,268.2,139.9,6.62,2.22,0.63,1.48,1.9,45,36.5,81.1,3.98
150,Łukasz Fabiański\Lukasz-Fabianski,GK,West Ham,35,30.5,27.6,30.4,0.06,0,0,20.1,0,0,,0,0,13,80.2,43.9,0,0,0,0,0,10.4,10.3,99.5,0
151,Fabinho\Fabinho,DFMF,Liverpool,28.5,81.9,6.14,32.1,48.1,6.18,0.46,80.3,0.18,0.32,55.6,0.21,0,52.9,262.6,147.9,5.47,0.91,0.07,0.28,0.46,60.2,58.8,97.7,0.6
152,Bruno Fernandes\Bruno-Fernandes,MF,Manchester Utd,34.4,78.6,1.13,9.27,34.8,38.9,3.84,72.5,0.76,1.63,46.4,0.87,0.06,48.3,215.9,123.8,6.8,2.12,0.38,1.37,1.16,71.6,59.8,83.5,8.26
153,Federico Fernández\Federico-Fernandez,DF,Newcastle Utd,23.1,48.2,12.2,31.3,14.6,3.9,0.56,45.3,0,0,,0,0,23.8,98.4,39.6,0.43,0.17,0,0.13,0.17,26.8,25.8,96,0.26
154,Fernandinho\Fernandinho,MF,Manchester City,13.2,85.4,2.8,13.7,64.1,13.7,0.91,83.6,0.76,1.14,66.7,0.98,0,60.1,305.7,184.6,10.2,3.18,0.38,0.3,0.45,67,64.8,96.8,0.68
155,Sam Field\Sam-Field,MF,West Brom,0.7,62.9,7.14,24.3,40,2.86,0,62.9,1.43,2.86,50,2.86,0,20,45.7,27.1,1.43,1.43,0,0,1.43,17.1,17.1,100,0
156,Roberto Firmino\Roberto-Firmino,FW,Liverpool,31.5,53.2,0.51,4.13,24.7,27.3,6.89,51.9,1.59,2.32,68.5,1.68,0.16,37.3,169.9,89.4,5.33,1.21,1.02,1.87,1.68,57.5,40.8,70.9,9.81
157,John Fleck\John-Fleck,MF,Sheffield Utd,28.6,50.7,1.33,8.92,25.9,19.3,1.08,47,1.26,1.89,66.7,1.33,0.14,31.4,148,93.7,4.51,1.75,0.17,0.73,1.22,36.7,33.1,90.2,1.99
158,Phil Foden\Phil-Foden,FWMF,Manchester City,18,59.4,0.83,5.39,21.3,36.3,8,56.2,2.39,3.94,60.6,2.67,0.22,43.8,213.9,124.3,7.61,1.83,2.06,2.17,1.61,57.3,46.5,81.2,8.83
159,Wesley Fofana\Wesley-Fofana,DF,Leicester City,25.1,78.9,8.53,36.1,45.4,4.3,0.72,75.8,0.52,0.68,76.5,0.52,0,52.7,366.4,207.5,6.81,1.51,0,0.68,0.48,54.1,52.3,96.8,0.2
160,Pablo Fornals\Pablo-Fornals,FWMF,West Ham,28.6,48.4,0.8,8.67,24,19.3,2.59,47.6,0.73,1.78,41.2,0.84,0.1,32.4,175.6,91.7,4.44,1.61,0.45,1.01,1.15,44.9,34.4,76.6,4.09
161,Fraser Forster\Fraser-Forster,GK,Southampton,8,38.1,31.6,37.9,0.25,0,0,25.4,0,0,,0,0,15.1,69.4,40.6,0,0,0,0,0,14.4,14.4,100,0
162,Timothy Fosu-Mensah\Timothy-Fosu-Mensah,DF,Manchester Utd,0.9,94.4,1.11,17.8,42.2,41.1,4.44,90,0,0,,0,0,67.8,292.2,174.4,7.78,4.44,1.11,1.11,2.22,73.3,71.1,97,8.89
163,Tyrese Francois\Tyrese-Francois,DF,Fulham,0.2,85,0,30,35,20,0,75,0,5,0,0,0,65,250,135,0,0,0,0,0,80,70,87.5,0
164,Ryan Fraser\Ryan-Fraser,FWMF,Newcastle Utd,10.3,42.6,1.07,6.12,12.2,26.4,2.52,36.6,0.39,0.68,57.1,0.49,0.1,27.1,138.1,72.8,4.47,0.68,0.49,1.36,0.78,42.5,28.6,67.4,4.37
165,Fred\Fred,MF,Manchester Utd,26.6,78.6,2.89,20,46.9,17.1,0.64,76.8,0.9,1.2,75,1.09,0.04,52.1,247.1,119.1,4.36,1.5,0.08,0.94,1.28,58.6,55.2,94.1,1.05
166,Ryan Fredericks\Ryan-Fredericks,DFFW,West Ham,6.3,55.2,5.24,14.8,23,20.3,1.75,49.4,0.32,0.95,33.3,0.48,0,27.6,146.3,93.2,4.29,1.43,0.32,0.16,0,37.3,30.6,82.1,2.22
167,Christian Fuchs\Christian-Fuchs,DF,Leicester City,7.8,84.9,6.92,29.6,47.8,11.2,0.26,75.9,0,0.26,0,0,0,48.2,184,89.2,3.46,1.03,0,0.26,0.13,57.7,55.6,96.4,0.38
168,Darnell Furlong\Darnell-Furlong,DF,West Brom,32.6,47.8,4.51,14.3,20.2,15,1.78,38.6,0.37,0.83,44.4,0.46,0,18.2,91,47.3,1.96,0.95,0.06,1.01,0.46,27.8,22.9,82.2,1.44
169,Conor Gallagher\Conor-Gallagher,MF,West Brom,28.1,47.4,2.38,11,24.8,14.9,1.57,45.7,1.35,2.1,64.4,1.42,0.07,31.8,164.9,69,2.88,0.93,0.32,1.49,1.64,32.5,27.7,85,2.46
170,Eric García\Eric-Garcia,DF,Manchester City,4.3,87.9,7.21,26.7,62.1,3.49,0.23,86.3,0,0,,0,0,65.3,399.5,245.6,10.5,1.63,0,0.23,0,71.9,69.8,97.1,0
171,Dwight Gayle\Dwight-Gayle,FWMF,Newcastle Utd,5.7,27.9,0.53,2.81,11.6,14,4.56,26.3,0.18,0.53,33.3,0.18,0,14.6,51.8,26,1.05,0.53,0.18,1.4,0.53,40.5,18.4,45.5,5.09
172,Jean-Philippe Gbamin\Jean-Philippe-Gbamin,MF,Everton,0.1,160,10,10,90,70,0,160,0,10,0,0,0,100,380,120,20,10,0,0,10,90,80,88.9,0
173,David de Gea\David-de-Gea,GK,Manchester Utd,25.5,25.1,23,25,0.08,0,0,16.9,0,0,,0,0,9.53,39.4,16.7,0,0,0,0,0,10.2,10.2,99.6,0
174,Anwar El Ghazi\Anwar-El-Ghazi,FW,Aston Villa,17.9,47.9,1.28,4.3,17.5,29.1,4.69,45.2,1.56,2.74,57.1,1.56,0.11,31.4,163.2,101.3,5.98,1.79,0.89,2.18,2.29,51.2,36.8,71.9,7.32
175,Kieran Gibbs\Kieran-Gibbs,DF,West Brom,9,43.8,6,17.1,19.8,8.67,0.33,39.1,0.22,0.33,66.7,0.22,0,20.8,124.9,61.4,2.56,0.56,0,0.56,0.33,24.1,21,87.1,1
176,Morgan Gibbs-White\Morgan-Gibbs-White,FWMF,Wolves,4.6,63.7,0.43,5.43,34.3,28.7,1.96,62.4,1.52,2.83,53.8,1.52,0.22,45.2,242.2,128,8.26,3.26,0.43,3.26,1.3,61.1,49.1,80.4,7.61
177,Billy Gilmour\Billy-Gilmour,MF,Chelsea,2.9,81.7,0.69,15.9,50,19,0,80.7,0.34,1.03,33.3,0.34,0.34,59.7,223.1,84.5,4.14,1.38,0,0,1.03,69,66.6,96.5,0.69
178,Olivier Giroud\Olivier-Giroud,FW,Chelsea,8.3,36.3,1.2,4.22,16.4,16.5,5.66,35.5,0.36,0.6,60,0.36,0,16.7,28.8,8.67,0.36,0.12,0,1.81,1.08,54.1,27.7,51.2,6.39
179,Ben Godfrey\Ben-Godfrey,DF,Everton,29.8,56,7.72,30.2,25.4,4.9,0.7,52.1,0.27,0.47,57.1,0.3,0,31.1,205.9,116.1,2.68,0.94,0.1,0.57,0.5,34.4,32.3,94.1,0.27
180,André Gomes\Andre-Gomes,MF,Everton,17.4,62.2,1.84,14.1,38.2,14.5,0.92,61.4,1.49,2.36,63.4,1.61,0.06,45.7,224.9,107.7,5,1.44,0.17,0.98,2.01,49.1,44.6,90.8,2.13
181,Joe Gomez\Joe-Gomez,DF,Liverpool,6.6,89.5,10.5,40.5,53.5,0.91,0,88.6,0.61,0.61,100,0.61,0,63.6,290.9,162.4,4.24,0,0,0.15,0.91,64.7,64.4,99.5,0
182,Anthony Gordon\Anthony-Gordon,FWMF,Everton,1,45,2,14,15,18,3,44,3,7,42.9,3,0,37,212,116,4,0,1,3,4,39,28,71.8,5
183,Karlan Grant\Karlan-Grant,FWMF,West Brom,12.5,28.7,1.12,3.2,12.7,14.4,3.44,27.3,0.96,1.68,57.1,1.12,0.08,17.4,103,35.7,2.24,0.64,0.72,2.48,1.6,38.5,18.9,49.1,6.64
184,Demarai Gray\Demarai-Gray,FW,Leicester City,0.2,80,0,15,15,55,5,75,0,0,,0,0,65,345,140,10,0,0,5,5,65,50,76.9,10
185,Jack Grealish\Jack-Grealish,FWMF,Aston Villa,24.3,58.6,0.99,6.21,25.2,33.6,7.28,54.4,2.51,3.83,65.6,2.63,0,45.3,369.6,237,12.6,3.74,3.29,1.89,1.93,56.1,42.4,75.6,7.49
186,Mason Greenwood\Mason-Greenwood,FW,Manchester Utd,20.2,47.5,0.2,4.85,20.1,26.1,5.59,47.1,1.88,3.61,52.1,2.23,0.1,38.4,211.5,113.1,6.68,1.29,1.73,1.44,1.83,53.5,39.8,74.4,7.33
187,Pascal Groß\Pascal-Gross,MFDF,Brighton,27.6,68.8,1.56,13.2,32.4,27.9,2.68,59.6,0.4,0.72,55,0.4,0,42.8,210.5,94.6,5.04,2.03,0.29,1.09,0.8,52.8,45.8,86.8,4.13
188,Kamil Grosicki\Kamil-Grosicki,FWMF,West Brom,1.6,38.1,1.25,5.63,11.3,21.9,2.5,36.9,0.63,0.63,100,0.63,0,26.3,213.8,105,8.13,0,1.25,1.25,1.25,36.3,24.4,67.2,3.13
189,Vicente Guaita\Vicente-Guaita,GK,Crystal Palace,37,31.6,27.8,31.5,0.08,0,0,20.3,0,0,,0,0,11.8,59.5,35.6,0,0,0,0,0,10.6,10.6,99.7,0
190,İlkay Gündoğan\Ilkay-Gundogan,MF,Manchester City,22.5,84.8,1.16,10.5,48.5,32.4,4.09,82.4,1.29,1.87,69,1.42,0.04,60.8,312.1,163.4,7.78,2.89,0.67,0.93,0.62,77.4,70.4,90.9,5.11
191,Antwoine Hackford\Antwoine-Hackford,DFFW,Sheffield Utd,0.1,30,0,0,20,10,10,30,0,0,,0,0,0,0,0,0,0,0,0,0,80,10,12.5,0
192,Sébastien Haller\Sebastien-Haller,FW,West Ham,10.4,36.9,1.15,2.79,18.5,17,5.19,36,0.77,1.35,57.1,0.87,0.1,19.2,58.9,18,0.77,0.38,0,3.27,1.83,54,28.5,52.7,6.63
193,Rekeem Harper\Rekeem-Harper,MF,West Brom,0.4,55,0,5,40,15,0,55,2.5,2.5,100,2.5,0,30,105,45,2.5,2.5,0,2.5,0,35,30,85.7,5
194,Jack Harrison\Jack-Harrison,MF,Leeds United,31.6,49.2,1.27,9.3,17.8,25.3,3.77,47.4,1.46,2.47,59,1.55,0.09,35.3,203.5,119.2,6.39,1.52,0.98,2.37,2.12,45.4,34.7,76.4,5.98
195,Kortney Hause\Kortney-Hause,DF,Aston Villa,7,43.9,9,26.1,17.9,2,1.57,42.4,0,0.14,0,0,0,19.3,116,53.9,1,0.14,0,0.29,0,21.3,20,94,0.14
196,Kai Havertz\Kai-Havertz,MFFW,Chelsea,16.9,58.9,1.18,6.86,30.4,26.1,5.38,57.8,1.3,2.72,47.8,1.42,0.18,43.1,214.8,100.8,4.97,2.66,0.95,2.66,2.25,60.7,46.2,76.1,9.59
197,Isaac Hayden\Isaac-Hayden,MFDF,Newcastle Utd,21.6,47.7,3.43,15.9,24.9,8.94,0.6,45.3,0.46,0.83,55.6,0.51,0,26.3,93.5,35.1,1.16,0.65,0.09,0.69,0.79,28.2,24.7,87.7,1.2
198,Michael Hector\Michael-Hector,DF,Fulham,2.9,68.6,10.7,40.7,30.7,1.72,0.34,65.5,0.69,0.69,100,0.69,0,45.5,229,154.1,3.1,0.34,0,0.34,0,48.6,48.3,99.3,0
199,Ahmed Hegazi\Ahmed-Hegazi,DF,West Brom,1,68,17,48,24,0,0,68,0,0,,0,0,32,165,62,0,0,0,1,0,32,32,100,0
200,Dean Henderson\Dean-Henderson,GK,Manchester Utd,12.5,28,25,28,0,0,0,19,0,0,,0,0,11.2,59.3,31.4,0,0,0,0,0,9.52,9.52,100,0
201,Jordan Henderson\Jordan-Henderson,MFDF,Liverpool,18.9,103.3,3.97,27.3,68.6,14.7,0.79,101.2,0.37,0.69,53.8,0.37,0.05,71.9,435.3,235.8,7.94,2.33,0.05,0.37,0.16,83.4,80.7,96.7,0.95
202,Jeff Hendrick\Jeff-Hendrick,MF,Newcastle Utd,15.8,41.5,2.41,11.5,23.2,9.11,1.08,40.7,0.63,1.14,55.6,0.7,0,25.3,103.4,41.4,1.39,0.57,0.13,0.57,0.95,31.5,26.7,84.7,1.01
203,Pablo Hernández\Pablo-Hernandez,MFFW,Leeds United,4.7,91.5,1.49,15.5,48.1,34.9,4.47,87.7,1.91,2.55,75,1.91,0,66,409.8,248.1,14,4.89,1.28,0.85,0.43,82.1,72.3,88.1,7.87
204,Son Heung-min\Son-Heung-min,FW,Tottenham,34.6,44.5,0.38,4.97,19,23.5,4.13,40.2,1.1,1.76,62.3,1.1,0.14,30,164.8,85,4.65,1.47,0.95,1.45,1.85,49,32,65.3,7.77
205,Ki-Jana Hoever\Ki-Jana-Hoever,DF,Wolves,6.4,65.8,5.16,21.6,28.1,20.9,1.72,58.1,1.41,2.81,50,1.72,0,39.8,206.1,146.9,7.19,2.5,0.31,1.09,1.25,42.5,39.2,92.3,2.19
206,Rob Holding\Rob-Holding,DF,Arsenal,28.4,72.9,11.4,39.1,36.1,2.64,0.7,71.3,0.32,0.42,75,0.32,0.04,49.9,256.5,152,3.7,0.28,0,0.11,0.28,53.5,52.1,97.4,0.04
207,Mason Holgate\Mason-Holgate,DF,Everton,25.4,58.5,6.93,29.4,25.7,6.46,0.31,52.7,0.28,0.43,63.6,0.31,0,31.6,158.1,97.4,1.93,0.31,0.04,0.43,0.35,35.2,33.6,95.6,0.55
208,Conor Hourihane\Conor-Hourihane,MF,Aston Villa,2.5,68,1.2,8,26.4,34,2,53.2,0,0,,0,0,34.4,80.4,32.8,1.6,0,0,0.4,0,50.8,44.8,88.2,3.6
209,Callum Hudson-Odoi\Callum-Hudson-Odoi,FWDF,Chelsea,11.8,66.2,0.76,7.71,22.5,41.1,6.02,63.5,1.27,2.37,53.6,1.27,0.08,50.3,333.2,219.7,13.6,2.8,2.88,1.1,1.27,63.9,51.9,81.3,8.56
210,Niall Huggins\Niall-Huggins,DF,Leeds United,0.4,57.5,5,20,25,15,2.5,50,0,0,,0,0,37.5,185,75,7.5,2.5,2.5,0,0,32.5,32.5,100,2.5
211,Pierre Højbjerg\Pierre-Hojbjerg,MF,Tottenham,38,80.3,3.37,20.8,54.1,9.37,0.66,78,0.66,1,65.8,0.68,0.05,54.2,241.3,114.1,3.87,0.68,0.13,0.74,0.79,60.1,57.6,95.8,0.84
212,Odion Ighalo\Odion-Ighalo,FW,Manchester Utd,0.1,50,0,0,10,40,20,50,0,0,,0,0,50,10,0,0,0,0,10,30,100,50,50,30
213,Kelechi Iheanacho\Kelechi-Iheanacho,FW,Leicester City,16.2,44.9,0.19,2.35,19.9,25.8,5,43.5,1.79,3.02,59.2,2.04,0.12,33.6,143.6,71.2,3.52,1.54,0.49,3.52,2.16,59.1,35.7,60.4,9.88
214,Danny Ings\Danny-Ings,FW,Southampton,24.1,33.9,1,3.49,15.6,16.8,5.06,33.4,1.54,2.66,57.8,1.62,0.21,22.8,93.4,42.9,2.45,0.95,0.58,2.41,1.37,42.6,23.8,55.9,6.43
215,Branislav Ivanović\Branislav-Ivanovic,DF,West Brom,8.5,45.2,6.35,23.5,22,1.29,0.71,42.8,0,0,,0,0,20.4,92.6,47.1,0.47,0.12,0,0.12,0.12,25.2,24.4,96.7,0.12
216,Alex Iwobi\Alex-Iwobi,FWDF,Everton,17.1,51.5,1.46,11.3,24.5,21.2,2.69,49.6,2.69,4.15,64.8,2.75,0.41,40.8,292,175.3,8.65,2.51,0.82,1.58,1.64,46,36.6,79.5,3.74
217,José Izquierdo\Jose-Izquierdo,DFMF,Brighton,0.1,120,0,0,20,110,10,100,0,10,0,0,0,100,860,650,30,10,0,10,0,90,90,100,20
218,Phil Jagielka\Phil-Jagielka,DF,Sheffield Utd,5.8,45,7.59,25.3,19.3,1.38,0.17,42.9,0,0,,0,0,19.3,62.1,26.2,0.69,0.17,0,0,0,21.6,20.3,94.4,0.17
219,Alireza Jahanbakhsh\Alireza-Jahanbakhsh,FWMF,Brighton,5.9,55.4,0.51,4.41,19.3,35.1,6.27,53.9,2.54,3.05,83.3,2.54,0.17,40,206.9,130,7.12,2.54,1.53,2.03,1.19,57.8,42.4,73.3,7.63
220,Daniel James\Daniel-James,FW,Manchester Utd,10.1,41.7,0.79,5.64,16.4,23.1,4.26,41.5,0.89,1.78,50,1.09,0,31.1,188.2,116.4,6.04,1.68,1.09,1.78,2.08,41.8,30.4,72.7,5.15
221,Reece James\Reece-James,DF,Chelsea,26.4,86.6,3.22,22.2,38.2,31.2,2.35,77.6,1.52,2.01,75.5,1.59,0.04,56.4,242.4,128,6.74,1.86,0.95,0.49,1.02,64.9,59.9,92.3,3.9
222,Alexandre Jankewitz\Alexandre-Jankewitz,MF,Southampton,0,7,0,2,3,2,0,7,0,0,,0,0,5,7,0,0,0,0,1,0,4,4,100,0
223,Daniel Jebbison\Daniel-Jebbison,FW,Sheffield Utd,3.2,23.8,0.31,2.5,10.9,10.9,1.56,23.4,0.63,0.94,66.7,0.63,0,10.9,34.7,16.6,0.94,0,0.31,2.81,2.19,42.8,12.2,28.5,2.5
224,Gabriel Jesus\Gabriel-Jesus,FW,Manchester City,22.9,45,0.39,2.58,19,26.2,6.59,43.4,1.97,3.32,59.2,2.01,0.17,34.4,175.2,85.6,5.15,1.22,1.09,1.97,2.18,53.2,35.2,66.1,10.9
225,Raúl Jiménez\Raul-Jimenez,FW,Wolves,9.1,42.2,1.65,3.96,23.4,18,4.51,41.4,1.21,2.53,47.8,1.54,0,27.8,149.3,79.6,4.73,1.43,0.66,2.31,2.09,46.3,32.4,70.1,9.12
226,Joelinton\Joelinton,FWMF,Newcastle Utd,22,42.5,1.41,6.73,22,16.9,3.86,42,1.77,3.14,56.5,1.86,0.23,28.6,129.6,64.9,3.68,0.95,0.73,3.27,2.32,48.2,29.4,61,5
227,Ben Johnson\Ben-Johnson,DF,West Ham,5.8,47.8,3.45,13.4,21.9,16.6,0.69,43.6,1.03,1.55,66.7,1.21,0,28.3,171,106.9,5,1.38,0.17,0.52,1.38,31.6,28.3,89.6,1.38
228,Sam Johnstone\Sam-Johnstone,GK,West Brom,37,38.3,31.1,37.5,0.78,0,0,25.2,0,0,,0,0,14.7,93.7,53.4,0,0,0,0,0,12.7,12.7,99.6,0
229,Curtis Jones\Curtis-Jones,MF,Liverpool,13.1,85.6,1.15,11.3,50.5,31.2,2.29,84.9,1.15,2.21,51.7,1.3,0,68.2,356.2,184.7,10,3.36,0.69,1.07,2.06,76.4,69.5,90.9,5.42
230,Jorginho\Jorginho,MF,Chelsea,22.3,88.1,3.27,24.1,55.7,13.6,0.81,86.8,0.81,1.12,72,0.9,0,59.7,241.6,129.6,4.57,1.26,0.09,0.49,0.81,69.3,67.2,97,0.67
231,Willian José\Willian-Jose,FW,Wolves,12.3,32.8,1.14,3.09,19.5,12.6,3.09,31.5,0.73,0.89,81.8,0.73,0.08,20.7,82.5,25.9,1.06,0.89,0,1.95,1.22,44.9,24.3,54.2,6.83
232,Diogo Jota\Diogo-Jota,FW,Liverpool,12.4,51.5,0.56,4.68,22.7,28.4,7.74,51.2,2.1,3.71,56.5,2.34,0.24,37.7,220.3,139.8,7.02,2.26,1.61,2.42,2.18,54.4,40.5,74.5,10.7
233,James Justin\James-Justin,DF,Leicester City,23,67,2.52,19.8,30,21.3,1.87,59.5,0.87,1.48,58.8,0.91,0.04,40.4,179.9,106.5,4.91,2,0.17,1.04,1.09,45.9,41,89.3,3.35
234,Ozan Kabak\Ozan-Kabak,DF,Liverpool,8.9,72.5,9.78,38.2,37.3,1.24,0.56,71.2,0.56,0.9,62.5,0.56,0,49.1,234.3,112.2,2.7,0.11,0,0,0.22,51.7,51.1,98.9,0
235,Aboubakar Kamara\Aboubakar-Kamara,FWDF,Fulham,3.5,50.6,0.57,4.86,23.7,26.6,1.43,49.1,1.14,2.29,50,1.14,0.29,36.3,157.7,95.4,5.43,1.71,0,3.71,2.57,48.6,36.6,75.3,5.14
236,Harry Kane\Harry-Kane,FW,Tottenham,34.2,40.8,1.46,4.15,21.5,18,4.85,39.2,1.35,2.31,58.2,1.37,0.23,26.2,135,74.2,4.39,1.55,0.76,1.78,2.08,51.5,30.8,59.9,6.52
237,N'Golo Kanté\NGolo-Kante,MF,Chelsea,23.8,75.9,2.73,20.2,45,15.6,0.71,75.1,1.22,1.6,76.3,1.22,0.04,47.7,230.4,126,4.71,1.6,0.17,1.09,1.13,54.5,51.1,93.8,1.81
238,Moise Kean\Moise-Kean,FW,Everton,0.2,70,0,5,30,40,20,70,0,15,0,0,0,55,420,280,10,5,5,5,0,65,60,92.3,30
239,Michael Keane\Michael-Keane,DF,Everton,33.2,66.4,11.3,39.4,29.3,1.93,1.08,65.2,0.12,0.24,50,0.15,0,39.3,230.2,132.5,2.56,0.21,0.03,0.09,0.24,46.9,45.9,97.9,0.09
240,Neeskens Kebano\Neeskens-Kebano,FWMF,Fulham,1.3,51.5,0.77,5.38,16.9,33.1,3.08,50,2.31,4.62,50,2.31,0,36.2,222.3,116.2,5.38,2.31,0.77,3.08,3.08,49.2,37.7,76.6,8.46
241,Naby Keïta\Naby-Keita,MF,Liverpool,5.8,73.4,1.03,8.62,47.9,22.8,3.1,71.6,2.07,2.59,80,2.24,0,51.9,250.3,144.3,8.62,2.93,0.34,1.72,2.07,60.7,54.5,89.8,4.31
242,Caoimhín Kelleher\Caoimhin-Kelleher,GK,Liverpool,2,34,28.5,34,0,0,0,25.5,0,0,,0,0,14,49,13.5,0,0,0,0,0,16.5,16.5,100,0
243,Martin Kelly\Martin-Kelly,DF,Crystal Palace,0,4,1,3,1,0,0,4,0,0,,0,0,1,1,0,0,0,0,0,0,0,0,,0
244,Jonjoe Kenny\Jonjoe-Kenny,DF,Everton,0.9,77.8,3.33,17.8,23.3,40,4.44,63.3,0,1.11,0,0,0,38.9,166.7,70,2.22,1.11,0,1.11,0,54.4,46.7,85.7,2.22
245,Reda Khadra\Reda-Khadra,FW,Brighton,0.1,10,0,0,0,10,10,10,0,0,,0,0,10,390,360,10,0,10,0,0,50,10,20,10
246,Max Kilman\Max-Kilman,DF,Wolves,14.6,59.2,5.75,28.7,31.8,2.67,0.68,57.9,0.21,0.27,75,0.21,0,37.9,195.5,107.5,2.47,0.48,0,0.21,0.21,42.5,41.6,97.7,0.14
247,Joshua King\Joshua-King,MFFW,Everton,1.6,50.6,0,6.88,24.4,25.6,3.75,50.6,3.13,5,62.5,3.75,0,38.8,226.9,150,8.75,3.13,0.63,3.75,6.88,61.3,37.5,61.2,11.9
248,Mateusz Klich\Mateusz-Klich,MF,Leeds United,26.6,64.6,1.2,10.2,33,25.8,2.74,62.3,0.49,0.9,54.2,0.6,0.11,40.6,225.4,110.6,5.45,2.44,0.15,1.13,1.02,56.8,47.1,82.9,7.11
249,Robin Koch\Robin-Koch,DFMF,Leeds United,12.6,70.1,12.4,39.8,30.2,4.05,0.87,68.8,0.16,0.16,100,0.16,0,44,247.7,157.6,2.78,0.56,0,0.08,0.4,47.4,46.4,98,0.48
250,Sead Kolašinac\Sead-Kolasinac,DF,Arsenal,1,66,1,14,36,18,1,62,0,0,,0,0,51,170,113,5,1,0,1,0,52,50,96.2,6
251,Terence Kongolo\Terence-Kongolo,DF,Fulham,1,51,4,28,24,2,1,51,0,0,,0,0,25,82,32,1,0,0,0,0,33,31,93.9,0
252,Ezri Konsa\Ezri-Konsa,DF,Aston Villa,35.5,45.2,9.32,26.5,18,2.14,0.87,43.9,0.17,0.28,60,0.17,0,25.2,97.5,38.9,0.62,0.08,0,0.14,0.14,27.4,26.1,95.4,0.17
253,Cheikhou Kouyaté\Cheikhou-Kouyate,DF,Crystal Palace,34.7,45.1,6.95,26.2,18.6,2.05,0.81,43.5,0.17,0.26,66.7,0.17,0,22.6,107.1,45.9,0.81,0.09,0,0.12,0.32,25.2,23.9,94.7,0.26
254,Mateo Kovačić\Mateo-Kovacic,MF,Chelsea,20.2,95.7,1.29,17.4,65.2,20.6,0.84,94.7,2.18,2.67,81.5,2.18,0.05,74.1,410.2,210,9.55,2.87,0.2,0.99,1.49,84.7,80.7,95.3,2.23
255,Emil Krafth\Emil-Krafth,DF,Newcastle Utd,14.3,49.2,6.08,24.4,17.7,9.51,0.63,41.5,0.14,0.42,33.3,0.21,0,23.2,112.1,57.4,2.59,0.77,0.14,0.14,0.28,25.1,23.5,93.6,0.77
256,Filip Krovinović\Filip-Krovinovic,MF,West Brom,6.1,69.5,1.15,12,42.5,19.5,0.82,64.4,1.31,1.48,88.9,1.31,0,45.7,279.7,151.3,7.21,2.13,0.33,1.15,1.31,53.3,47.2,88.6,4.26
257,Alexandre Lacazette\Alexandre-Lacazette,FW,Arsenal,21.4,35.6,0.61,4.25,16.4,16.4,4.77,33.7,0.93,1.54,60.6,1.03,0.05,23.1,77.3,31.1,1.73,0.47,0.28,1.54,1.5,42.7,25,58.6,7.24
258,Adam Lallana\Adam-Lallana,MFFW,Brighton,17.7,62.5,1.86,13.6,31.4,21.6,3.95,61.4,0.85,1.36,62.5,0.85,0,44.1,200.7,108.2,4.58,1.19,0.68,1.02,0.96,54.5,45.9,84.2,5.59
259,Érik Lamela\Erik-Lamela,FWMF,Tottenham,8,59.3,0.63,6.75,33.4,25.4,3.25,55.3,2.13,3.13,68,2.13,0,43.5,298.3,153.4,9.13,3.5,0.25,1.5,2.5,58.1,43.8,75.3,6.25
260,Tariq Lamptey\Tariq-Lamptey,DF,Brighton,9.8,64.8,1.84,17.2,28.4,25.4,3.37,55.5,1.73,3.47,50,1.84,0.2,42.6,262.4,171.7,8.67,3.16,1.33,1.63,1.53,47.6,39.2,82.4,3.78
261,Manuel Lanzini\Manuel-Lanzini,MFFW,West Ham,6.3,70.5,2.06,14.4,38.1,24.1,2.54,69.2,1.27,1.9,66.7,1.27,0,53.5,299,133.2,5.08,2.22,0.16,1.11,2.06,63.3,52.4,82.7,4.44
262,Aymeric Laporte\Aymeric-Laporte,DF,Manchester City,14.9,91.6,7.38,35.6,59.5,4.63,0.6,89.7,0.2,0.2,100,0.2,0,68,413,274.1,9.4,1.41,0,0.2,0.13,74.4,73.4,98.6,0.13
263,Jamaal Lascelles\Jamaal-Lascelles,DF,Newcastle Utd,18.1,44.5,9.94,30.1,13.6,1.99,0.94,43.6,0.11,0.17,66.7,0.11,0,22.3,97.5,38,0.77,0,0,0.11,0.06,26.2,25.1,95.8,0.17
264,Maxime Le Marchand\Maxime-Le-Marchand,DF,Fulham,1.4,65.7,12.9,42.1,23.6,2.86,0,64.3,0,0,,0,0,42.9,191.4,105,1.43,0.71,0,0,0,50,49.3,98.6,0
265,Mario Lemina\Mario-Lemina,MF,Fulham,18.9,58.1,2.86,18.3,34.4,9.89,0.58,57.2,1.48,2.06,71.8,1.59,0.16,37.6,219.3,111.9,4.5,0.95,0.05,0.9,1.32,40.1,37.1,92.6,1.01
266,Bernd Leno\Bernd-Leno,GK,Arsenal,34.8,35.3,29.7,34.7,0.57,0.03,0.03,26.9,0,0,,0,0,18.5,68.2,37.3,0,0,0,0,0,17.7,17.6,99.5,0
267,Khanya Leshabela\Khanya-Leshabela,MF,Leicester City,0.1,100,0,20,70,30,0,100,0,0,,0,0,60,860,650,20,10,0,0,0,80,70,87.5,10
268,Jamal Lewis\Jamal-Lewis,DF,Newcastle Utd,20.4,49.5,3.43,20.1,21.1,11.8,0.44,41.9,0.69,1.32,51.9,0.69,0.05,27.4,141.1,67.3,2.11,0.88,0.05,0.29,0.78,28.7,26.1,91.1,1.08
269,Victor Lindelöf\Victor-Lindelof,DF,Manchester Utd,28.7,70.9,11.5,39.1,33.6,3.1,0.35,69.2,0.07,0.14,50,0.07,0,45.6,317.5,175.6,3.94,0.84,0,0.07,0.21,51.7,51,98.6,0.1
270,Jesse Lingard\Jesse-Lingard,MFFW,West Ham,15.8,53.8,0.32,4.68,27.9,27,3.23,50.2,1.33,3.1,42.9,1.46,0.19,39.7,251.3,159.7,7.59,3.1,1.01,1.9,1.84,54.8,41.8,76.3,4.62
271,Jake Livermore\Jake-Livermore,MF,West Brom,13.8,37.9,3.55,11.4,22.8,5,0.58,37.6,0.14,0.43,33.3,0.14,0,18.7,72.5,29.3,1.09,0.29,0,0.43,0.58,20.3,17.7,87.1,0.65
272,Diego Llorente\Diego-Llorente,DF,Leeds United,13.4,62.6,11.8,41.7,23.2,1.49,0.67,61.4,0.37,0.37,100,0.37,0,38,274,166.5,2.39,0.15,0,0.15,0.52,39.2,38.3,97.7,0.07
273,Hugo Lloris\Hugo-Lloris,GK,Tottenham,38,29.7,26.9,29.6,0.11,0,0,19.7,0.03,0.03,100,0.03,0,12,49.5,28.2,0,0,0,0,0,11.1,11,99.5,0
274,Giovani Lo Celso\Giovani-Lo-Celso,MF,Tottenham,10.5,68,1.52,11.9,37,23.9,2.38,63.1,1.33,1.81,73.7,1.33,0.19,46,247.1,138.7,5.62,2.19,0.57,1.05,2.38,55.6,46.5,83.6,3.62
275,Ruben Loftus-Cheek\Ruben-Loftus-Cheek,MFFW,Fulham,21.2,47.8,0.99,6.23,28,17.5,3.54,47.3,2.22,3.58,61.8,2.41,0.14,35.4,214.9,125.8,5.14,1.79,0.61,2.69,1.89,52.3,35.5,67.8,5.66
276,Ruben Loftus-Cheek\Ruben-Loftus-Cheek,FW,Chelsea,0.7,35.7,0,7.14,22.9,7.14,0,35.7,0,5.71,0,0,1.43,27.1,120,65.7,1.43,1.43,0,2.86,1.43,41.4,25.7,62.1,7.14
277,Kevin Long\Kevin-Long,DF,Burnley,7.1,44.4,5.92,24.6,19,1.41,0.99,43.8,0,0,,0,0,20.6,66.6,22.7,0.14,0,0,0.14,0,23.8,22.7,95.3,0.14
278,Shane Long\Shane-Long,FWMF,Southampton,2.3,38.3,0.43,3.91,18.3,17.8,3.04,37.4,1.3,2.61,50,1.3,0,20,52.6,14.3,1.3,0,0,3.04,3.91,56.5,27,47.7,6.52
279,Matthew Longstaff\Matthew-Longstaff,MF,Newcastle Utd,4.2,41.9,1.67,13.3,21.9,7.62,0.24,41.2,0.24,0.24,100,0.24,0,24,70,23.3,0.24,0.48,0,0.24,0.24,29.3,24,82.1,0.48
280,Sean Longstaff\Sean-Longstaff,MF,Newcastle Utd,15.7,45.9,1.97,12.5,23.9,11.3,1.34,43.2,0.25,0.51,50,0.32,0,25.1,107.6,46.1,1.46,0.38,0.06,0.57,0.45,31.8,27.6,86.6,1.34
281,Ademola Lookman\Ademola-Lookman,FWMF,Fulham,30.5,52.2,0.43,4.85,23.5,28.6,4.72,47.2,2.72,4.26,63.8,2.85,0.3,40.3,221.1,127.6,7.21,2.07,1.34,2.56,2.75,49.1,36,73.2,6.26
282,Max Lowe\Max-Lowe,DF,Sheffield Utd,6.1,47.2,2.79,13.6,16.2,18.9,1.8,42.6,1.15,1.64,70,1.15,0,24.1,98.4,58.2,3.28,0.33,0.49,0.49,1.15,30.2,25.4,84.2,1.8
283,Matthew Lowton\Matthew-Lowton,DF,Burnley,34,54.6,4.18,17.2,26.5,13.9,0.65,46.2,0.71,1.06,66.7,0.76,0.06,26.1,122.1,80.6,3.18,1.41,0.12,0.56,0.68,28.6,26.9,93.9,0.94
284,David Luiz\David-Luiz,DF,Arsenal,15.5,71,9.81,37.7,35.7,4.19,1.23,68.8,0.13,0.26,50,0.13,0,47.6,342.6,218.1,5.16,1.23,0.13,0.13,0.06,54.3,53.2,98,0.06
285,Douglas Luiz\Douglas-Luiz,MF,Aston Villa,30.9,55.1,3.53,16,32.2,10.7,0.71,52.9,0.78,1.07,72.7,0.81,0.03,33,194.2,107.9,3.59,1.13,0.06,0.36,0.61,35.6,33,92.6,1.04
286,John Lundstram\John-Lundstram,MF,Sheffield Utd,22.6,55,2.04,11.3,27.4,20.2,1.46,52.2,0.71,1.11,64,0.8,0.04,36.3,198.2,78.8,3.27,1.46,0.09,0.88,0.93,43.7,38.6,88.3,2.48
287,Alexis Mac Allister\Alexis-Mac-Allister,MFFW,Brighton,12.4,44.7,0.81,8.23,20.3,19.4,3.06,43.9,1.21,2.02,60,1.29,0,30.5,140.1,70.1,3.39,1.21,0.16,1.61,1.45,38.9,29.5,75.9,5.24
288,James Maddison\James-Maddison,MFFW,Leicester City,23.3,60.4,0.3,4.38,29.3,30.3,2.96,54.3,1.37,2.36,58.2,1.46,0.04,41.5,207.6,104.5,6.35,1.76,0.6,1.8,1.85,55.2,43.6,79,6.27
289,Harry Maguire\Harry-Maguire,DF,Manchester Utd,33.9,73.7,11,37.1,36.6,6.08,1.5,72,0.18,0.38,46.2,0.21,0,45.5,317,191.7,5.9,1.68,0.09,0.18,0.29,51.5,50.2,97.5,0.32
290,Riyad Mahrez\Riyad-Mahrez,FW,Manchester City,21.7,61.4,0.28,3.18,22.4,40.4,7.19,58.4,1.66,3.41,48.6,1.8,0,48.2,252.3,140.1,9.31,2.07,2.21,1.52,1.61,59.5,49.6,83.3,8.02
291,Ainsley Maitland-Niles\Ainsley-Maitland-Niles,MF,West Brom,13.7,41.9,2.99,9.71,20.1,15,2.55,40.7,1.31,2.55,51.4,1.53,0,25,123.9,63.4,2.92,1.17,0.58,1.39,2.34,32.2,23.8,73.9,3.28
292,Ainsley Maitland-Niles\Ainsley-Maitland-Niles,DF,Arsenal,5.4,65.9,3.89,23.5,30.7,16.7,1.48,59.6,1.11,2.59,42.9,1.3,0,40.7,208.5,113.9,3.33,0.93,0.56,1.11,1.48,44.4,39.4,88.8,2.22
293,Josh Maja\Josh-Maja,FWMF,Fulham,9,29.3,0.33,2.56,15.4,12.7,4.22,28.4,1.56,1.78,87.5,1.56,0,21.6,69,23.9,1.44,0.56,0.11,2.33,1.89,42.3,21.3,50.4,5.78
294,Sadio Mané\Sadio-Mane,FW,Liverpool,31.2,51,0.51,3.46,19.4,32.6,9.07,50.5,2.69,4.55,59.2,2.88,0.19,38.6,219,123.3,7.15,2.28,1.73,3.14,2.63,62.1,40.5,65.2,12.7
295,Javier Manquillo\Javier-Manquillo,DF,Newcastle Utd,9.2,54.3,3.37,15.7,23.4,19,0.76,45.2,0.43,1.52,28.6,0.54,0,28.3,142.8,79.5,2.83,0.98,0,1.3,0.87,32.7,27.9,85.4,1.63
296,Fernando Marçal\Fernando-Marcal,DF,Wolves,6.9,64.3,3.77,21.9,30.6,15.4,0.58,54.9,1.01,1.3,77.8,1.16,0.14,36.4,162.9,94.1,3.04,0.72,0,0.43,1.16,38.3,36.4,95.1,1.3
297,Solly March\Solly-March,DF,Brighton,18.6,64.4,2.63,14.7,25.2,29.5,3.17,54.4,1.88,2.9,64.8,1.99,0.22,40.5,266.6,146.7,7.53,1.88,1.02,0.91,1.4,43.1,36,83.6,3.55
298,Pablo Marí\Pablo-Mari,DF,Arsenal,10,67.9,9.8,41.2,30.8,1,0.3,67.2,0.3,0.3,100,0.3,0,48.4,268,155.1,3.5,0.4,0,0.1,0,51.7,50.9,98.5,0.1
299,Anthony Martial\Anthony-Martial,FW,Manchester Utd,16.4,42.8,0.73,3.54,17.3,25.4,7.38,42.3,2.07,3.17,65.4,2.13,0.06,34.5,182.4,95.1,5.85,1.71,1.04,2.26,2.87,53.7,35.3,65.7,9.63
300,Martinelli\Martinelli,FW,Arsenal,6.5,38.9,1.54,5.85,10.9,24.3,6.77,38.3,2.46,4.46,55.2,2.62,0.15,28,151.8,99.5,4.77,1.08,1.38,2.15,1.85,44.8,27.2,60.8,6.77
301,Emiliano Martínez\Emiliano-Martinez,GK,Aston Villa,38,36.3,31.3,36,0.39,0,0,26.3,0,0,,0,0,17.2,80.1,48.1,0,0,0,0.03,0,15.6,15.5,99.7,0
302,Arthur Masuaku\Arthur-Masuaku,DFFW,West Ham,11.2,60.7,3.39,16.7,29.3,20.3,1.07,56.8,2.68,4.2,63.8,2.68,0.09,42.6,253.2,169.1,6.88,2.77,0.36,0.71,1.52,44.4,40.2,90.5,2.14
303,Juan Mata\Juan-Mata,FWMF,Manchester Utd,5.7,58.1,0.88,6.49,29.5,25.6,2.98,55.3,0.53,0.7,75,0.53,0,41.1,223.2,102.3,6.84,2.46,0.7,1.23,1.93,58.6,48.2,82.3,6.32
304,Jean-Philippe Mateta\Jean-Philippe-Mateta,FW,Crystal Palace,2.5,32,1.2,6,18.4,9.2,3.2,30.4,0.4,0.8,50,0.8,0.4,15.2,56.4,22,1.6,0.4,0.4,2.8,2.4,52.4,22.4,42.7,4.8
305,Nemanja Matić\Nemanja-Matic,MF,Manchester Utd,12.3,88.5,3.58,27,57.4,15,0.73,86,1.22,1.46,83.3,1.22,0,63.7,430.7,269.5,9.02,2.93,0.24,0.57,0.81,69.5,66.9,96.3,0.73
306,Joël Matip\Joel-Matip,DF,Liverpool,7.7,75.7,6.62,34.8,43.5,3.12,0.78,74.7,0,0,,0,0,45.8,260.8,168.3,4.94,1.56,0,0,0.26,56,54.8,97.9,0
307,Neal Maupay\Neal-Maupay,FWMF,Brighton,27.9,34.8,0.54,3.12,15,18.9,6.13,32.9,0.86,1.47,58.5,0.9,0.04,23.9,124.1,55.3,3.19,1,0.57,2.19,2.26,46.6,25.2,54.1,8.39
308,James McArthur\James-McArthur,MF,Crystal Palace,16.3,58.5,3.07,16.9,36.2,8.53,1.17,56,1.04,1.35,77.3,1.1,0.06,34.4,178.3,85.4,3.44,1.29,0.12,0.67,0.86,36,32.8,91.1,1.53
309,Oliver McBurnie\Oliver-McBurnie,FW,Sheffield Utd,14.7,41,2.04,3.74,16.9,21.4,3.95,40.3,0.61,1.43,42.9,0.68,0.14,17.1,70.5,33.3,1.84,0.54,0.2,1.7,1.7,48,30.7,64.1,6.73
310,Alex McCarthy\Alex-McCarthy,GK,Southampton,30,38.2,29.7,37.9,0.27,0,0,29.1,0.07,0.07,100,0.07,0,19,65.9,35.5,0,0,0,0.03,0,19.6,19.5,99.8,0
311,James McCarthy\James-McCarthy,MF,Crystal Palace,9.1,44.1,3.63,13,27.1,5.49,0.11,42.6,0.33,0.55,60,0.44,0,21.9,80.1,34.5,1.65,0.33,0,0.33,0.22,23.7,22.4,94.4,0.44
312,John McGinn\John-McGinn,MF,Aston Villa,37,47.9,1.92,9.19,27.7,14.2,1.57,46.3,1.51,2.03,74.7,1.54,0.03,32.8,145.1,78.5,3.35,1.14,0.08,1,1.57,36.7,31.9,87,2.84
313,David McGoldrick\David-McGoldrick,FWMF,Sheffield Utd,26.6,49.4,1.39,4.7,21.1,26.8,3.8,48.3,1.73,3.01,57.5,2.03,0.19,31.8,145.7,60.6,3.5,1.39,0.53,2.44,1.99,57.1,37.5,65.6,6.92
314,Dwight McNeil\Dwight-McNeil,MF,Burnley,34.1,49.7,1.44,8.24,26.2,20.7,1.5,45.2,1.94,3.34,57.9,2.02,0.21,35.8,235.1,101.9,5.04,1.94,0.62,1.23,1.82,38.3,31.3,81.8,2.11
315,Scott McTominay\Scott-McTominay,MF,Manchester Utd,23.7,66.7,3.8,19.3,38.6,14.1,1.52,65.4,0.93,1.35,68.8,0.93,0,45.5,244.9,138.4,5.27,1.77,0.21,1.35,1.27,49,46.2,94.1,1.56
316,Ben Mee\Ben-Mee,DF,Burnley,29.9,48.2,8.36,24.8,22.9,2.17,1.47,47.1,0.1,0.17,60,0.1,0,21,86.7,35.3,0.54,0.07,0,0.17,0.1,23.5,22.3,95,0.13
317,Hannibal Mejbri\Hannibal-Mejbri,MF,Manchester Utd,0.1,50,0,10,50,0,0,50,30,30,100,30,10,80,320,140,0,0,0,0,10,60,40,66.7,0
318,Benjamin Mendy\Benjamin-Mendy,DF,Manchester City,10.6,69.4,1.98,12.8,34.2,25.3,1.51,61,1.32,1.6,82.4,1.32,0.19,41.4,156.9,95.9,4.72,1.13,0.28,0.66,0.75,50.6,46.6,92.2,2.64
319,Edouard Mendy\Edouard-Mendy,GK,Chelsea,30.5,34.4,29.8,34.3,0.23,0,0,27.5,0.03,0.03,100,0.03,0,19.6,77,29.4,0,0,0,0.03,0,20.2,20.1,99.4,0
320,Nampalys Mendy\Nampalys-Mendy,MF,Leicester City,16.2,68.5,1.73,15.2,45.3,11.9,0.06,67.8,0.37,0.86,42.9,0.43,0.06,51,222,103.6,4.01,0.99,0,1.05,0.93,52.1,49.8,95.6,0.68
321,Illan Meslier\Illan-Meslier,GK,Leeds United,35,41.9,38.1,41.8,0.03,0,0,32.1,0,0,,0,0,21.1,95,48.9,0,0,0,0.06,0.03,20.5,20.4,99.4,0
322,Luka Milivojević\Luka-Milivojevic,MF,Crystal Palace,26.2,58.4,3.4,18.1,35.6,8.28,0.31,54.5,0.53,0.73,73.7,0.57,0.04,33.6,159.1,75.2,2.82,0.65,0,0.27,0.76,36,34.7,96.5,0.23
323,James Milner\James-Milner,MFDF,Liverpool,11.9,88.7,2.44,16.1,50.8,25.9,2.1,83.4,0.5,1.09,46.2,0.5,0.08,57.6,245.3,131.6,5.8,2.02,0.08,0.5,0.92,66.8,61.4,91.9,2.77
324,Yerry Mina\Yerry-Mina,DF,Everton,21.5,68,11.5,42.7,29.4,1.63,1.16,66.7,0,0.05,0,0,0,43.8,286.7,178,3.4,0.23,0,0.05,0.14,49.8,48.5,97.4,0.14
325,Takumi Minamino\Takumi-Minamino,MFFW,Liverpool,3.3,51.8,1.52,6.06,28.2,20.6,3.64,50.6,2.42,2.73,88.9,2.42,0,38.2,153.3,61.2,4.24,0.91,0.91,1.52,1.82,53.9,39.7,73.6,6.06
326,Takumi Minamino\Takumi-Minamino,MFFW,Southampton,7.9,43.9,1.52,7.85,23.4,15.3,2.53,43.8,0.63,1.52,41.7,0.63,0,28.4,155.6,75.7,3.29,0.89,0.63,1.65,1.39,40.9,30.3,74,5.44
327,Tyrone Mings\Tyrone-Mings,DF,Aston Villa,35.5,56.5,10.8,34.3,23.4,2.37,1.04,55,0.23,0.37,61.5,0.23,0,30.5,201.7,95.7,1.52,0.25,0.03,0.25,0.2,34.2,32.9,96.3,0.31
328,Tyrick Mitchell\Tyrick-Mitchell,DF,Crystal Palace,19,53.9,4.11,21.4,22.9,11.7,0.53,43.9,0.79,1.16,68.2,0.79,0.05,26.6,104.9,48.5,1.63,0.47,0,0.53,0.74,26.8,25,93.3,0.63
329,Aleksandar Mitrović\Aleksandar-Mitrovic,FW,Fulham,15.6,38.6,0.71,2.37,16.9,20.4,7.5,36.8,0.9,1.41,63.6,0.96,0.06,20.3,68.8,29.8,1.67,0.32,0.19,3.53,1.86,52.7,29.4,55.7,7.88
330,Jakub Moder\Jakub-Moder,DFMF,Brighton,7.2,51.3,2.5,9.31,20.7,24.6,3.47,50.1,1.25,2.22,56.3,1.39,0.14,36,218.8,123.5,6.94,1.53,0.97,1.67,0.83,42.1,34.4,81.8,3.19
331,Jayson Molumby\Jayson-Molumby,MF,Brighton,0,1,0,0,1,0,0,1,0,0,,0,0,1,8,0,0,0,0,0,0,0,0,,0
332,Wesley Moraes\Wesley-Moraes,MFFW,Aston Villa,0.2,35,0,0,0,35,5,35,0,0,,0,0,5,45,30,5,0,0,5,0,40,20,50,10
333,Wes Morgan\Wes-Morgan,DF,Leicester City,0.2,30,10,10,20,0,0,30,0,0,,0,0,20,40,25,0,0,0,0,0,15,15,100,0
334,Mason Mount\Mason-Mount,MFFW,Chelsea,32.1,71.4,0.97,8.13,34.2,34.7,4.58,65.4,1.56,2.46,63.3,1.62,0.28,49.8,277.6,154.1,8.26,3.12,1.18,1.53,1.68,61.1,51.2,83.7,7.29
335,Lucas Moura\Lucas-Moura,FWMF,Tottenham,15.7,54.4,1.15,6.75,32.2,20.9,2.93,52.9,2.29,4.14,55.4,2.48,0.13,38.5,213.4,128.3,5.99,2.68,0.45,2.42,2.74,49.2,38,77.2,5.48
336,Lys Mousset\Lys-Mousset,FWMF,Sheffield Utd,3.3,27.9,0,1.21,12.7,14.5,3.03,24.5,1.21,4.55,26.7,1.82,0.3,17.6,46.1,22.1,1.52,0,0.3,3.33,2.73,50.3,19.1,38,5.45
337,João Moutinho\Joao-Moutinho,MF,Wolves,28.1,73,2.03,15.6,42.1,19.2,0.36,65.9,0.36,0.82,43.5,0.43,0,44.4,208.4,110.8,5.55,1.42,0.04,0.39,0.25,52.1,48.3,92.8,1.57
338,Joel Mumbongo\Joel-Mumbongo,FW,Burnley,0.4,27.5,0,0,15,12.5,0,27.5,0,0,,0,0,22.5,50,27.5,0,0,0,2.5,5,57.5,22.5,39.1,10
339,Jacob Murphy\Jacob-Murphy,DFMF,Newcastle Utd,18.1,46.7,2.71,16.6,18.7,15.8,1.55,40,2.43,3.48,69.8,2.65,0.11,30.2,178.1,112.3,4.75,1.88,0.77,1.1,2.1,31.1,25.1,80.6,1.66
340,Shkodran Mustafi\Shkodran-Mustafi,DF,Arsenal,0.5,104,8,38,74,4,0,102,0,0,,0,0,80,650,420,12,2,0,0,0,84,84,100,0
341,Marvelous Nakamba\Marvelous-Nakamba,MF,Aston Villa,8.3,43.6,3.01,16.5,25.4,3.98,0.12,43.1,0.24,0.36,66.7,0.36,0,24.8,121.8,42.9,0.72,0.24,0,0.48,0.6,25.5,24.7,96.7,0.24
342,Iliman Ndiaye\Iliman-Ndiaye,MF,Sheffield Utd,0.1,60,0,10,20,40,0,60,0,0,,0,0,40,230,110,0,0,0,10,0,60,40,66.7,0
343,Wilfred Ndidi\Wilfred-Ndidi,MFDF,Leicester City,24.2,70.7,5,25.9,40.7,7.81,0.58,70.1,0.45,0.83,55,0.45,0,43.9,201.1,74.3,1.78,0.79,0.04,0.74,0.74,46.9,43.7,93.2,0.74
344,Tanguy Ndombele\Tanguy-Ndombele,MF,Tottenham,23.2,63.1,1.42,11.4,41,15.5,1.68,61.9,3.02,4.18,72.2,3.15,0.22,47.6,226.4,125,6.59,1.77,0.47,1.34,2.11,52,46.2,88.8,3.32
345,Reiss Nelson\Reiss-Nelson,FW,Arsenal,0.8,50,1.25,10,12.5,32.5,6.25,41.3,1.25,2.5,50,1.25,0,36.3,272.5,161.3,7.5,3.75,0,1.25,2.5,53.8,31.3,58.1,6.25
346,Pedro Neto\Pedro-Neto,FWMF,Wolves,28.3,55.2,0.57,5.3,25.4,30.2,3.92,50.5,2.61,4.31,60.7,2.79,0.25,41.3,292.5,178.8,9.65,3.18,1.91,2.54,2.08,54.1,41.2,76.3,6.57
347,Rúben Neves\Ruben-Neves,MF,Wolves,29.7,78.3,3.23,18.5,50.7,13.2,0.84,76,0.4,0.64,63.2,0.47,0,49.1,204.3,103,4.21,1.45,0.1,0.54,0.64,57,54.2,95.1,1.04
348,Eddie Nketiah\Eddie-Nketiah,FW,Arsenal,4.7,32.3,1.06,4.26,13.8,15.7,6.17,30.9,2.13,3.19,66.7,2.34,0,22.8,96.2,43.2,2.34,0.64,0.64,1.91,1.28,45.5,24.5,53.7,8.94
349,Niels Nkounkou\Niels-Nkounkou,DFFW,Everton,0.9,62.2,3.33,14.4,28.9,23.3,0,57.8,3.33,6.67,50,4.44,0,34.4,165.6,104.4,4.44,2.22,0,4.44,1.11,44.4,37.8,85,2.22
350,Dan Nlundulu\Dan-Nlundulu,FW,Southampton,1.2,41.7,1.67,4.17,22.5,15,5,41.7,3.33,5,66.7,4.17,0.83,23.3,78.3,11.7,0.83,0,0,4.17,0.83,65,30,46.2,10.8
351,Mark Noble\Mark-Noble,MF,West Ham,7.9,60.1,1.52,12.3,40.4,10.3,0.25,56.2,0.38,0.76,50,0.38,0,38.4,201.4,77.2,3.42,1.27,0.25,0.38,0.25,45.6,41.5,91.1,1.01
352,Will Norris\Will-Norris,GK,Burnley,2,28.5,24.5,27,2,0,0,16,0,0,,0,0,12.5,61.5,43,0,0,0,0,0,11.5,11,95.7,0
353,Oliver Norwood\Oliver-Norwood,MF,Sheffield Utd,24.7,69.3,3.77,18.8,38.5,14,0.32,63.9,0.16,0.24,66.7,0.16,0,37,126.4,56.3,2.11,0.2,0,0.45,0.45,46.1,44.4,96.4,0.69
354,Jack O'Connell\Jack-OConnell,DF,Sheffield Utd,2,48,6,21,21.5,7.5,0,47.5,0,0.5,0,0,0,25,84.5,41,1.5,0.5,0,0,0,28,26.5,94.6,0.5
355,Dara O'Shea\Dara-OShea,DF,West Brom,23.4,50,6.62,24.5,21.8,5.3,0.81,45,0.21,0.47,45.5,0.21,0,20,90.9,48.1,1.67,0.21,0.04,0.26,0.51,24.4,22.6,92.8,0.26
356,Michael Obafemi\Michael-Obafemi,FW,Southampton,0.7,31.4,1.43,5.71,20,7.14,4.29,30,0,1.43,0,0,0,17.1,71.4,25.7,1.43,0,0,2.86,0,44.3,18.6,41.9,7.14
357,Denis Odoi\Denis-Odoi,DF,Fulham,3,71,4.67,33.3,35,11.7,0,65,0,0,,0,0,46,328.3,214,3.33,3.33,0,0,0.33,46.7,45.3,97.1,0.67
358,Angelo Ogbonna\Angelo-Ogbonna,DF,West Ham,27.7,44.4,7.15,25.7,19.2,1.91,1.01,43.9,0.14,0.14,100,0.14,0,23.7,164.1,72.5,1.37,0.11,0,0.14,0.14,26.6,25.8,96.7,0.25
359,Robin Olsen\Robin-Olsen,GK,Everton,7,30.7,27.3,30.7,0,0,0,20.4,0,0,,0,0,11.1,45,25.7,0,0,0,0,0,13,12.9,98.9,0
360,Josh Onomah\Josh-Onomah,MF,Fulham,4.2,50.5,1.43,6.9,31,16.9,1.67,50.2,0.24,0.48,50,0.48,0,34,220.2,115.5,4.29,1.67,0,1.67,2.62,41.7,36.2,86.9,3.1
361,Divock Origi\Divock-Origi,FW,Liverpool,2.1,44.8,1.43,4.29,18.1,27.1,7.14,44.3,0.48,1.9,25,0.48,0,32.4,160,102.4,4.76,2.86,1.43,3.81,1.9,58.1,31.4,54.1,10.5
362,Ben Osborn\Ben-Osborn,MFDF,Sheffield Utd,17.8,57.5,1.85,12.1,25.3,23.7,2.3,53.7,1.01,1.69,60,1.18,0.06,36.6,182.8,96.5,4.61,1.8,0.45,1.85,1.18,47.1,39,82.9,4.89
363,Owen Otasowie\Owen-Otasowie,MFFW,Wolves,2.1,49.5,2.38,9.52,28.1,15.7,2.86,49.5,1.43,2.38,60,1.43,0,31,139,78.6,4.29,1.9,0,2.86,3.33,46.2,31.4,68,3.81
364,Alex Oxlade-Chamberlain\Alex-Oxlade-Chamberlain,FWMF,Liverpool,2.8,62.1,1.07,3.93,35,27.5,2.5,61.4,0.71,2.5,28.6,1.07,0,39.6,228.9,113.9,5.71,2.5,0,2.86,2.5,62.1,46.4,74.7,8.21
365,Emerson Palmieri\Emerson-Palmieri,DF,Chelsea,1,82,6,26,36,24,1,71,0,1,0,0,0,43,193,120,2,1,1,2,2,47,44,93.6,1
366,Thomas Partey\Thomas-Partey,MF,Arsenal,17,76.7,2.71,20,49.2,13.6,0.71,75.4,1.35,1.88,71.9,1.41,0.12,57.4,284.7,165.9,7.53,2.76,0.06,0.41,1.24,56.6,55,97.1,1.06
367,Rui Patrício\Rui-Patricio,GK,Wolves,37,23.3,21.8,23.3,0,0,0,14,0,0,,0,0,7.32,39.3,22.4,0,0,0,0.03,0,5.84,5.84,100,0
368,Bailey Peacock-Farrell\Bailey-Peacock-Farrell,GK,Burnley,4,30.8,22.8,30,0.75,0,0,18,0,0,,0,0,9.25,62,35.8,0,0,0,0,0,10.3,9.75,95.1,0
369,Lee Peltier\Lee-Peltier,DF,West Brom,2.5,40.8,8,17.6,17.6,7.2,0,35.6,0.4,0.4,100,0.4,0,20.8,72,20,0.4,0.4,0,0.4,0,18.8,17.6,93.6,0
370,Nicolas Pépé\Nicolas-Pepe,FW,Arsenal,18,51.6,1.39,7.28,19.3,28.8,6.39,49.8,1.72,4.33,39.7,1.78,0.28,38.7,187.6,107.5,5.89,1,1.72,1.5,2,51.8,38.4,74.1,7.83
371,Matheus Pereira\Matheus-Pereira,MFFW,West Brom,28.6,49.7,0.98,6.89,22.2,24,2.9,43.5,1.36,2.69,50.6,1.61,0.31,31.3,180.8,97.8,5.59,1.68,0.66,2.2,1.68,42.3,31.3,74,5.14
372,Ricardo Pereira\Ricardo-Pereira,DF,Leicester City,10.7,64.7,2.43,17.7,27,23.5,2.62,58.2,1.87,3.55,52.6,1.96,0,39.9,142,89.3,4.95,1.4,0.56,1.4,2.06,46.6,39.3,84.4,2.15
373,Ayoze Pérez\Ayoze-Perez,MFFW,Leicester City,14.8,49.7,0.61,6.01,24.3,23.1,3.99,48.2,1.82,3.72,49.1,2.09,0.2,35,176.6,107.6,6.28,1.82,0.2,2.3,2.09,47.8,35,73.3,8.18
374,Kalvin Phillips\Kalvin-Phillips,MF,Leeds United,27,65.6,4.44,23.1,34.9,11.4,0.33,61.3,0.63,1,63,0.67,0.04,38.5,194,84.4,2.22,0.52,0.07,0.81,1.11,41.5,39,94.1,0.78
375,Matt Phillips\Matt-Phillips,MFFW,West Brom,20.3,40,2.66,9.21,15.9,18.2,3,38.2,1.38,2.81,49.1,1.38,0.15,27.4,152.7,86.6,4.04,1.38,0.84,1.92,1.87,36.5,24.7,67.6,3
376,Nathaniel Phillips\Nathaniel-Phillips,DF,Liverpool,16.2,79.3,9.69,38.8,39.8,3.52,1.23,77.9,0.06,0.06,100,0.06,0,47.9,249.6,115.4,2.9,0.43,0.06,0.37,0.12,53.2,52,97.7,0.19
377,Jaden Philogene Bidace\Jaden-Philogene-Bidace,FW,Aston Villa,0,5,1,1,0,4,0,5,0,0,,0,0,4,21,17,2,0,0,0,0,4,3,75,0
378,Jordan Pickford\Jordan-Pickford,GK,Everton,30.5,41.2,35.7,40.8,0.56,0,0,31.1,0,0,,0,0,19.3,115,58.6,0,0,0,0,0,20.1,20.1,99.8,0
379,Erik Pieters\Erik-Pieters,DFMF,Burnley,14.1,52.8,4.4,17.4,26.8,11.4,0.64,44.3,0.43,0.57,75,0.43,0,24.4,115.5,61.6,2.48,0.99,0.21,0.5,0.85,26.7,24.5,91.8,0.71
380,Daniel Podence\Daniel-Podence,MFFW,Wolves,18.5,44.2,0.54,5.68,22.4,20.2,3.57,42.9,2,3.51,56.9,2.27,0.38,34.9,177,103.8,4.7,1.46,1.03,1.57,1.62,44.3,33.5,75.6,4.97
381,Paul Pogba\Paul-Pogba,MFFW,Manchester Utd,21.1,78.5,2.75,16.4,42.4,24.6,3.36,77.5,2.13,3.51,60.8,2.32,0.09,56.3,258.6,141.4,6.97,1.56,0.24,2.32,2.27,68.5,60.1,87.7,4.88
382,Nick Pope\Nick-Pope,GK,Burnley,32,33.9,28.3,33.2,0.69,0.03,0,22,0,0,,0,0,11.8,81.1,53.1,0,0,0,0.03,0,9.34,9.25,99,0
383,Dennis Praet\Dennis-Praet,MFFW,Leicester City,8,49.1,0.75,7.38,21.9,22.3,3.25,48.5,1.25,2,62.5,1.38,0.13,31.1,150.4,86.1,4.5,1.38,0.38,1.25,1.63,44.8,34.5,77.1,7.25
384,Davy Pröpper\Davy-Propper,MF,Brighton,2.4,48.3,0.83,6.25,30.8,14.6,1.67,48.3,0,0,,0,0,27.1,157.5,77.9,3.33,2.5,0,0.83,2.92,45,38.3,85.2,3.75
385,Christian Pulisic\Christian-Pulisic,FWMF,Chelsea,19.3,52.3,0.57,4.92,23.7,28.3,6.06,51.6,2.38,4.87,48.9,2.69,0.21,40.1,239.3,146.7,8.86,2.8,1.4,3.21,2.59,53.3,40.1,75.3,8.45
386,Aaron Ramsdale\Aaron-Ramsdale,GK,Sheffield Utd,38,33.4,29.5,33.2,0.29,0.05,0.05,22.7,0.05,0.05,100,0.05,0,13.6,84.4,50.3,0,0,0,0.03,0,11.2,11.1,99.1,0
387,Jacob Ramsey\Jacob-Ramsey,MF,Aston Villa,7,45.1,2.57,10,20.9,18,3,45,1.29,2,64.3,1.43,0,28.7,176.1,78.7,2.86,1.29,0.29,1.43,1.71,39,29.1,74.7,4
388,Kayne Ramsey\Kayne-Ramsey,DF,Southampton,1,35,10,29,7,0,0,32,0,0,,0,0,13,47,12,0,0,0,0,0,13,13,100,0
389,Darren Randolph\Darren-Randolph,GK,West Ham,3,24.3,21.7,24.3,0,0,0,13.3,0,0,,0,0,6.67,36,22.7,0,0,0,0,0,8,7.67,95.8,0
390,Marcus Rashford\Marcus-Rashford,FW,Manchester Utd,32.4,50.6,0.56,3.55,19.3,31.8,5.86,49.6,2.72,5.06,53.7,2.9,0.65,39,189.6,123.4,6.76,2.28,1.88,1.85,2.31,58.5,42.5,72.6,8.64
391,Tim Ream\Tim-Ream,DF,Fulham,7,70.3,12.6,40.6,33.3,1,0,70,0.14,0.29,50,0.14,0,46.6,287.1,158.6,4.14,0.29,0,0.14,0.14,52.6,52.1,99.2,0
392,Nathan Redmond\Nathan-Redmond,MFFW,Southampton,19.3,51.8,0.47,6.48,25.4,24.2,4.4,49.5,2.28,4.35,52.4,2.59,0.1,37.2,209.9,107.6,6.01,2.18,1.04,1.61,1.55,51.6,37.6,72.8,6.63
393,Harrison Reed\Harrison-Reed,MF,Fulham,25,68.4,3.36,18.6,40.2,13.1,0.4,65.3,0.6,0.84,71.4,0.68,0.04,40.3,182.1,82.8,2.64,0.92,0.04,0.52,0.48,45.2,42,93.1,1
394,Sergio Reguilón\Sergio-Reguilon,DF,Tottenham,24.9,67.8,3.49,20.1,31.3,20.3,2.21,59.6,1.08,2.05,52.9,1.29,0.16,43.1,186.4,107.8,4.54,1.41,0.32,0.72,1.24,46.2,41.6,90.2,3.13
395,Bobby Reid\Bobby-Reid,MFDF,Fulham,26.4,42.4,1.78,8.14,19.8,17.3,3.48,40.3,1.06,1.93,54.9,1.1,0.15,28.3,135,68.1,3.67,1.21,0.64,2.01,1.33,38.2,28.8,75.3,4.62
396,Declan Rice\Declan-Rice,MF,West Ham,32,56.3,3.09,15.9,35.2,10.2,1.25,55.5,1.03,1.16,89.2,1.03,0,37.4,257,135,5.16,1.84,0.22,0.75,0.66,39.7,37.1,93.3,1.09
397,Lewis Richardson\Lewis-Richardson,FWMF,Burnley,0,3,0,0,1,2,0,3,0,0,,0,0,2,0,0,0,0,0,0,2,6,3,50,1
398,Richarlison\Richarlison,FW,Everton,31.8,38.3,1.64,6.35,17.6,18.7,4.94,37.8,1.95,3.49,55.9,2.01,0.22,28.3,184.5,112,5.31,2.14,1.26,1.86,2.11,44.3,26.8,60.5,7.33
399,Jaïro Riedewald\Jairo-Riedewald,MF,Crystal Palace,20.2,40,2.18,11,23.5,7.92,0.74,39.5,0.59,1.09,54.5,0.69,0.1,23.8,118.8,57.2,2.03,0.64,0.2,0.79,0.54,27.2,23.6,86.7,1.49
400,Matt Ritchie\Matt-Ritchie,DFMF,Newcastle Utd,15,50.3,3.33,15.1,19.9,18.1,0.87,41.6,0.4,0.53,75,0.4,0,25.1,137.9,77.1,3.4,1.67,0.07,0.53,0.6,29.5,26.1,88.3,0.93
401,Tyler Roberts\Tyler-Roberts,MFFW,Leeds United,14.9,42.9,1.28,5.17,23.1,17.9,3.22,42.6,1.14,1.81,63,1.21,0,27.9,160.8,82.7,4.5,2.28,0.34,1.61,1.28,42.9,30.9,72.1,6.91
402,Andrew Robertson\Andrew-Robertson,DF,Liverpool,37.6,94.2,3.01,21.8,43.4,35.1,2.79,80.8,0.77,1.41,54.7,0.93,0.08,60.7,279.1,167.3,6.36,2.55,0.32,1.04,0.53,69,63.4,91.9,4.36
403,Antonee Robinson\Antonee-Robinson,DF,Fulham,24,69,3.63,20.3,31.1,24.2,1.42,58.9,2,2.83,70.6,2.08,0.17,41.2,260.5,169.1,6.88,3.17,0.25,1.5,1,43.2,39.4,91.1,2.54
404,Callum Robinson\Callum-Robinson,FWMF,West Brom,17.3,36.4,0.98,4.97,13,20.3,2.95,35.1,1.33,2.14,62.2,1.39,0,25.7,120.5,59.8,3.41,0.92,0.69,2.14,1.85,46.1,25.1,54.5,6.94
405,Jack Robinson\Jack-Robinson,DF,Sheffield Utd,9.7,57,5.98,23.4,27.5,9.07,0.72,52.8,0.31,0.41,75,0.41,0.21,30.9,137.9,59.5,2.06,0.82,0,0.31,0.41,32.4,31.4,97.1,0.72
406,Hal Robson-Kanu\Hal-Robson-Kanu,FW,West Brom,6.2,30.8,0.65,1.77,13.7,16.8,2.58,29.8,0.97,2.58,37.5,1.29,0,23.2,75.8,44.8,3.23,0.65,0.65,5.32,3.23,45.8,22.3,48.6,8.06
407,Marek Rodák\Marek-Rodak,GK,Fulham,2,25.5,23.5,25.5,0,0,0,21,0,0,,0,0,12.5,52.5,21,0,0,0,0,0,14,14,100,0
408,Joe Rodon\Joe-Rodon,DF,Tottenham,8.1,61.7,10.7,37.2,26.8,0.49,0.12,61.1,0,0,,0,0,35.3,147.4,52.6,0.62,0,0,0.25,0,40.7,40,98.2,0
409,Rodri\Rodri,MF,Manchester City,30.5,99.1,3.74,20.8,65.1,18.4,1.7,98.1,0.95,1.15,82.9,0.95,0.03,70.4,321.3,159.3,6.3,1.54,0.33,0.59,0.72,77.9,75.9,97.5,1.25
410,Rodrigo\Rodrigo,MFFW,Leeds United,14.3,53.1,1.19,7.9,24.4,23.6,5.31,52.5,1.26,2.03,62.1,1.4,0,35.3,184.1,77.8,5.1,1.33,0.77,2.59,1.54,57.1,40.8,71.4,10.7
411,James Rodríguez\James-Rodriguez,FWMF,Everton,19.6,66.7,0.51,10.1,39,21.6,1.79,60.3,1.48,2.4,61.7,1.63,0.15,47.4,224,92.3,5,1.43,0.51,0.97,1.94,57.5,48.9,85,3.83
412,Jay Rodriguez\Jay-Rodriguez,FWMF,Burnley,14.1,33.3,0.78,2.91,15.2,16.7,3.9,33.1,1.06,2.2,48.4,1.06,0.07,19.8,85,36,2.62,0.85,0.35,3.12,1.63,48.3,22.9,47.4,5.82
413,Oriol Romeu\Oriol-Romeu,MF,Southampton,19.6,74.6,2.6,17.2,49.7,12.4,0.51,74,0.56,0.66,84.6,0.56,0.05,45.4,229.8,119.8,5.66,1.99,0.15,0.46,1.12,53.9,50.8,94.3,1.17
414,John Ruddy\John-Ruddy,GK,Wolves,1,24,21,24,0,0,0,16,0,0,,0,0,8,36,20,0,0,0,0,0,4,4,100,0
415,Antonio Rüdiger\Antonio-Rudiger,DF,Chelsea,19,86.9,9.68,40.6,47.1,5.16,1,85.4,0.16,0.32,50,0.21,0.05,62.2,308.1,172.3,4,1.32,0.05,0.11,0,68.9,67.5,97.9,0
416,Mathew Ryan\Mathew-Ryan,GK,Brighton,11,38.3,30.7,38.2,0.18,0,0,30.6,0,0,,0,0,23,90.1,35.8,0,0,0,0,0,23.2,23.1,99.6,0
417,Mathew Ryan\Mathew-Ryan,GK,Arsenal,3,25.3,18,23.7,1.33,0.33,0.33,21.3,0,0,,0,0,13.3,71.7,37,0.33,0,0,0.33,0,10.3,10.3,100,0
418,Allan Saint-Maximin\Allan-Saint-Maximin,FWMF,Newcastle Utd,17.3,39.7,0.06,4.8,21.8,19.2,3.82,38.8,4.8,7.11,67.5,5.09,0.17,38.6,255.3,167.1,8.55,2.89,1.56,2.31,3.47,40.3,30.1,74.6,3.7
419,Romain Saïss\Romain-Saiss,DF,Wolves,26.7,65.2,7.87,33,29.4,5.92,1.35,62.5,0.3,0.52,57.1,0.3,0,35.2,179.1,104.6,2.62,0.52,0,0.3,0.11,44.2,42.5,96.4,0.56
420,Bukayo Saka\Bukayo-Saka,FWDF,Arsenal,28.4,54.7,1.9,8.49,20.8,29.4,5.46,50.6,1.48,2.82,52.5,1.65,0.11,39.3,199.4,122.8,7.25,1.9,1.3,1.65,2.32,49.7,38.7,77.9,7.75
421,Mamadou Sakho\Mamadou-Sakho,DF,Crystal Palace,3.1,34.8,8.39,19.7,15.5,1.29,0.65,31.6,0,0,,0,0,16.1,87.1,49.4,0.97,0.65,0,0.32,0.32,19,18.1,94.9,0.32
422,Mohamed Salah\Mohamed-Salah,FW,Liverpool,34.2,51.4,0.38,2.05,18.2,34,9.15,50.4,1.46,2.87,51,1.64,0.06,40,185.1,101.2,6.37,1.52,1.58,3.36,2.69,62.5,42.2,67.6,12.1
423,Mohammed Salisu\Mohammed-Salisu,DF,Southampton,9.4,54.1,6.49,23.3,28.3,5.11,0.74,51.8,0.96,1.06,90,0.96,0,30.1,145.3,58.2,2.55,0.85,0,0.64,1.38,31,29.6,95.5,0.32
424,Davinson Sánchez\Davinson-Sanchez,DF,Tottenham,16.5,71.3,11.5,42.4,31.6,0.85,0.36,69.9,0,0,,0,0,45.3,212.2,96.8,2.18,0.18,0,0.12,0.24,49,48.2,98.5,0.12
425,Robert Sánchez\Robert-Sanchez,GK,Brighton,27,42.5,35.4,42.1,0.37,0.07,0.04,34.4,0,0,,0,0,24.3,104.1,57.9,0,0,0,0.04,0.04,24.9,24.8,99.6,0
426,Morgan Sanson\Morgan-Sanson,MF,Aston Villa,3.3,61.8,1.82,10.3,32.4,24.5,0.91,59.7,1.21,1.52,80,1.21,0,41.2,238.5,126.1,7.58,3.03,0,2.42,2.73,50.6,43,85,3.03
427,Romaine Sawyers\Romaine-Sawyers,MF,West Brom,16.5,51.2,1.76,15.7,32,6.24,0.12,49.3,0.55,1.15,47.4,0.67,0,31.1,160.3,67,2.36,0.3,0,0.55,1.03,34.4,32.3,94,0.61
428,Dane Scarlett\Dane-Scarlett,FW,Tottenham,0,0,0,0,0,0,0,0,0,0,,0,0,0,0,0,0,0,0,0,0,2,0,0,0
429,Fabian Schär\Fabian-Schar,DF,Newcastle Utd,13.8,53.4,7.25,30.7,22.6,4.57,0.8,49.6,0.51,0.94,53.8,0.51,0.07,32.1,179,106.8,2.46,0.51,0,0.29,0.43,32,30.5,95.5,0.07
430,Jeffrey Schlupp\Jeffrey-Schlupp,MF,Crystal Palace,15.9,42.5,1.82,8.36,20.3,16.5,3.4,41.6,2.01,3.58,56.1,2.2,0,26.8,125.1,64.7,3.71,1.01,0.82,1.57,3.27,34.8,26.6,76.4,5.28
431,Kasper Schmeichel\Kasper-Schmeichel,GK,Leicester City,38,33.7,28.9,33.4,0.29,0.03,0,24.5,0.03,0.05,50,0.03,0,16,75.3,38.1,0,0,0,0,0,16.5,16.4,99.4,0
432,Nélson Semedo\Nelson-Semedo,DF,Wolves,33.1,69.5,4.2,18.8,34.1,22.4,1.51,59.1,1.69,2.72,62.2,1.81,0,44.5,250.9,151.8,6.95,2.51,0.3,1.39,1.15,45.9,41.6,90.7,2.84
433,Femi Seriki\Femi-Seriki,DF,Sheffield Utd,0,0,0,0,0,0,0,0,0,0,,0,0,0,0,0,0,0,0,0,0,0,0,,0
434,Jamie Shackleton\Jamie-Shackleton,MFDF,Leeds United,5.1,47.8,1.96,11,23.1,15.9,1.76,43.9,0.2,0.59,33.3,0.59,0,28.4,114.1,59.2,3.33,1.18,0.39,1.57,0.59,39.4,31,78.6,3.53
435,Xherdan Shaqiri\Xherdan-Shaqiri,MFFW,Liverpool,6.2,78.1,0.48,7.42,33.5,41.5,2.58,74,0.97,0.97,100,0.97,0,56.5,200.5,73.7,3.23,1.45,0,1.45,1.94,69,59.7,86.4,6.61
436,Billy Sharp\Billy-Sharp,FW,Sheffield Utd,8.2,24.4,0,0.98,9.15,15.6,5,22.8,0.85,1.22,70,0.85,0.12,16.3,64.3,23.7,1.46,0.49,0.49,2.07,2.68,38.9,17.4,44.8,7.93
437,Luke Shaw\Luke-Shaw,DF,Manchester Utd,29.5,77.8,2.95,19.2,32.9,31.9,2.07,64.5,1.29,2.03,63.3,1.32,0.1,47.7,291.6,180.8,7.56,3.25,0.47,0.75,1.02,52.7,47.7,90.5,3.08
438,Jonjo Shelvey\Jonjo-Shelvey,MF,Newcastle Utd,29.1,57.5,2.96,18,30.7,11.8,0.79,52.2,0.79,1,79.3,0.86,0.03,33.6,164.6,72.7,2.44,0.82,0.03,0.24,0.41,38.2,36.3,94.8,0.89
439,Shola Shoretire\Shola-Shoretire,FW,Manchester Utd,0.1,90,0,10,50,50,0,90,0,10,0,0,0,70,510,340,10,0,0,0,0,110,90,81.8,20
440,Gylfi Sigurðsson\Gylfi-Sigurdsson,MF,Everton,25,49,1.32,8.64,24,18.1,1.96,43.8,0.6,1.04,57.7,0.64,0.04,27.6,103.5,42.6,2.24,0.68,0.12,1.24,1.44,38.6,30.1,77.9,3.44
441,Bernardo Silva\Bernardo-Silva,MFFW,Manchester City,22.9,70.7,0.7,9.13,35.6,33.3,4.41,67.9,1.79,2.53,70.7,1.83,0.09,55.2,378.1,218.5,12,4.19,1.4,1.09,1.22,65.9,57.2,86.9,4.93
442,Fábio Silva\Fabio-Silva,FW,Wolves,15.2,32.3,0.72,3.55,15.3,15.7,5.86,30.9,0.99,2.11,46.9,1.05,0.13,19.7,77.2,38.2,1.84,0.66,0.39,2.83,1.32,44.9,23.4,52.1,6.64
443,Thiago Silva\Thiago-Silva,DF,Chelsea,21.5,96.6,12.3,46.2,55.1,2.65,0.88,94.7,0.09,0.14,66.7,0.09,0,67.6,380,247.4,7.4,0.79,0,0.33,0.09,74.9,74.1,98.9,0.09
444,Moussa Sissoko\Moussa-Sissoko,MF,Tottenham,17.6,53,3.58,15.6,31.3,10.1,0.57,50.3,0.97,1.7,56.7,1.14,0,32.6,175.2,86.9,3.81,1.48,0.17,0.45,0.8,36.8,33.1,90.1,1.59
445,Islam Slimani\Islam-Slimani,FW,Leicester City,0.2,65,0,0,35,35,10,60,0,0,,0,0,30,100,35,0,0,0,5,0,85,60,70.6,15
446,William Smallbone\William-Smallbone,MF,Southampton,1.9,50,0.53,7.37,26.8,20,1.58,50,0.53,0.53,100,0.53,0,32.1,158.9,70,3.68,1.58,0.53,1.05,1.05,41.6,35.3,84.8,3.16
447,Emile Smith-Rowe\Emile-Smith-Rowe,MFFW,Arsenal,16,54.7,1.13,9.44,25.4,23.7,3.06,54,0.44,1.81,24.1,0.56,0.13,40,205.8,113.8,4.94,1.81,0.88,1.5,1,51.8,43.1,83.2,5.94
448,Robert Snodgrass\Robert-Snodgrass,FWDF,West Ham,0.1,40,0,0,0,40,0,40,0,0,,0,0,40,110,0,0,0,0,0,0,50,30,60,0
449,Robert Snodgrass\Robert-Snodgrass,MFFW,West Brom,5.8,35.7,2.59,10.7,14.3,12.2,1.9,35.3,0.52,1.03,50,0.52,0.17,19.3,98.8,38.3,2.24,0.69,0.69,0.34,0.69,24.1,15.7,65,3.1
450,Cédric Soares\Cedric-Soares,DF,Arsenal,8.3,66.1,2.89,18.3,29.6,21.8,1.33,55.9,0.72,1.2,60,0.72,0,37.1,191.7,108.4,4.82,1.69,0.36,1.08,1.08,43.3,39.9,92.2,2.53
451,Tomáš Souček\Tomas-Soucek,MF,West Ham,38,53.2,4.58,15.7,29,11.3,2.68,52.6,0.42,0.68,61.5,0.45,0.03,24.9,126.3,53.7,2.21,0.92,0.08,0.89,0.63,37.5,30.4,80.9,1.66
452,Çağlar Söyüncü\Caglar-Soyuncu,DF,Leicester City,20.2,77.4,8.12,37,42.5,3.76,1.14,74.7,0.35,0.45,77.8,0.35,0.05,49.5,328,180.6,4.75,1.34,0,0.25,0.25,56.2,55.2,98.2,0
453,Zack Steffen\Zack-Steffen,GK,Manchester City,1,29,27,29,0,0,0,21,0,0,,0,0,15,32,11,0,0,0,0,0,17,17,100,0
454,Dale Stephens\Dale-Stephens,MF,Burnley,2.9,52.1,1.38,11.4,32.8,10,1.72,51.7,0.34,0.34,100,0.34,0,29,112.4,52.1,0.69,0,0,0,1.72,30,27.6,92,1.38
455,Jack Stephens\Jack-Stephens,DF,Southampton,17.1,71.2,7.02,33.9,38.7,4.04,0.64,67.9,0.18,0.23,75,0.18,0,41,249.4,140.8,3.68,0.7,0,0.29,0.47,47.4,46.3,97.7,0.06
456,Raheem Sterling\Raheem-Sterling,FW,Manchester City,28.2,52.4,0.14,2.8,21.5,31.6,8.51,51.6,2.45,4.43,55.2,2.52,0.07,45,215,130.7,8.3,1.88,2.2,2.13,2.91,59.5,44.6,74.9,9.54
457,Enda Stevens\Enda-Stevens,DF,Sheffield Utd,30,58.9,3.8,17.5,26.6,17.9,1.5,52.1,0.97,1.5,64.4,1,0.1,32.8,164.6,94,3.9,1.07,0.33,0.83,0.83,37.4,33.7,89.9,1.47
458,John Stones\John-Stones,DF,Manchester City,21.5,87.3,8.33,33.4,54.4,5.77,0.79,86.3,0.42,0.51,81.8,0.47,0.05,65.7,458.8,264.6,9.44,1.53,0,0.19,0.05,72.3,70.9,98.1,0.28
459,Pascal Struijk\Pascal-Struijk,DFMF,Leeds United,23.1,66.8,10.5,40.4,26.9,3.55,0.87,65.1,0.17,0.22,80,0.17,0.04,36.3,221.6,127.5,1.21,0.22,0,0.22,0.39,44.8,42.9,95.7,0.52
460,Japhet Tanganga\Japhet-Tanganga,DF,Tottenham,5.4,50.4,4.26,19.3,23,10.9,0.56,43.5,2.22,2.59,85.7,2.22,0.19,28.7,114.3,64.8,1.85,0.56,0,0,0.74,31.5,27.8,88.2,0.37
461,Matt Targett\Matt-Targett,DF,Aston Villa,37.8,66.7,4.55,20.3,29.3,19.6,1.19,55.4,0.42,0.56,76.2,0.42,0.03,33.1,119.8,63.4,2.83,0.77,0.11,0.42,0.42,38.2,35.4,92.6,2.06
462,James Tarkowski\James-Tarkowski,DF,Burnley,36,45.8,7.31,24.6,19.6,3.67,2,44.9,0.31,0.36,84.6,0.33,0,18.5,99.3,50.1,1.14,0.17,0.03,0.33,0.19,23,21.6,93.7,0.47
463,Percy Tau\Percy-Tau,FWMF,Brighton,1.1,38.2,0.91,4.55,20.9,15.5,3.64,37.3,2.73,2.73,100,2.73,0,28.2,160,96.4,2.73,0,0.91,6.36,1.82,58.2,29.1,50,10
464,Sidnei Tavares\Sidnei-Tavares,MF,Leicester City,0.9,42.2,0,8.89,26.7,11.1,1.11,41.1,1.11,1.11,100,1.11,0,31.1,154.4,60,2.22,1.11,0,1.11,3.33,41.1,33.3,81.1,7.78
465,Charlie Taylor\Charlie-Taylor,DF,Burnley,27,58.8,4.81,19.3,28.9,15,0.44,49.4,1,1.7,58.7,1.04,0,30.6,209.6,92.3,4.15,1.93,0.19,0.52,0.48,33.2,30.6,92,0.85
466,Neil Taylor\Neil-Taylor,DF,Aston Villa,0.2,60,5,20,30,10,0,55,0,0,,0,0,35,70,45,5,0,0,0,0,40,40,100,0
467,Allan Tchaptchet\Allan-Tchaptchet,DF,Southampton,0.1,20,10,20,0,0,0,20,0,0,,0,0,0,0,0,0,0,0,0,0,10,10,100,0
468,Nathan Tella\Nathan-Tella,FWMF,Southampton,8.3,35.1,0.12,4.22,17.1,17.3,3.01,34.7,1.93,3.01,64,2.05,0,26.4,143.5,77.7,3.86,1.45,0.84,3.86,3.25,37.8,21.9,58,4.82
469,Alex Telles\Alex-Telles,DF,Manchester Utd,7.7,84.7,3.77,21.7,40.9,26,0.39,71,0.39,0.78,50,0.39,0,47.5,232.3,144.3,6.1,1.43,0.13,0.52,1.04,59.1,53.8,91,2.08
470,Kenny Tete\Kenny-Tete,DF,Fulham,16.5,66.1,3.88,22.4,29.3,17.9,1.21,58.7,0.48,1.15,42.1,0.55,0.18,38.4,197.8,99.9,4.48,1.45,0.18,1.15,0.42,41.6,36.9,88.6,2.36
471,William Thomas Fish\William-Thomas-Fish,DF,Manchester Utd,0,1,0,1,0,0,0,1,0,0,,0,0,1,2,1,0,0,0,0,0,0,0,,0
472,Luke Thomas\Luke-Thomas,DF,Leicester City,10.8,58.2,3.06,14.1,27.9,18.6,1.57,51,0.93,1.57,58.8,0.93,0.09,33,129.3,59.2,2.87,0.46,0.37,1.3,1.2,39.7,33.2,83.7,1.94
473,Youri Tielemans\Youri-Tielemans,MF,Leicester City,37.3,78.4,1.53,16.5,45.4,20.8,1.15,73.8,1.07,1.53,70.2,1.21,0.19,50.4,200.6,115.3,4.5,1.34,0.24,0.78,1.26,59.8,56.2,94,2.01
474,Kieran Tierney\Kieran-Tierney,DF,Arsenal,25.5,68.2,4.35,20.6,27.6,24.6,2.04,59.5,0.86,1.65,52.4,0.94,0.04,42.8,212.6,131.6,5.88,1.92,0.78,0.78,0.63,48.7,43.5,89.4,3.61
475,James Tomkins\James-Tomkins,DF,Crystal Palace,6.1,38.5,10,26.2,12.1,0.98,0.98,37.5,0,0,,0,0,16.2,60.2,33.9,0.66,0,0,0,0,19.7,18.5,94.2,0.16
476,Fikayo Tomori\Fikayo-Tomori,DF,Chelsea,0.5,82,38,72,12,0,0,80,0,0,,0,0,42,180,76,0,0,0,0,0,42,42,100,0
477,Ferrán Torres\Ferran-Torres,FWMF,Manchester City,14.5,42.8,0.76,3.72,15.2,26.7,4.83,41.5,1.31,3.03,43.2,1.38,0,32.2,157.1,83.3,5.03,1.17,0.97,1.24,2.07,45,33,73.3,5.93
478,Cenk Tosun\Cenk-Tosun,FW,Everton,0.5,28,0,2,10,20,4,26,0,0,,0,0,22,88,30,2,4,2,8,0,44,26,59.1,8
479,Andros Townsend\Andros-Townsend,MFFW,Crystal Palace,25.1,48.8,1.12,10.9,22.9,21.2,1.39,45.3,1.75,2.71,64.7,1.87,0,34,244.3,133.2,5.62,2.55,0.44,1.47,2.35,37.1,28.5,76.7,2.71
480,Conor Townsend\Conor-Townsend,DF,West Brom,24.8,58.5,4.48,18.7,28.2,14.2,1.17,49.2,0.48,1.05,46.2,0.48,0.04,29.7,137,81.1,2.82,0.69,0.2,1.13,0.69,35.6,32.1,90.2,1.21
481,Adama Traoré\Adama-Traore,FW,Wolves,29.4,44.8,0.68,4.52,22.9,23.2,3.98,44,5.44,7.28,74.8,5.88,0.17,38.9,292.3,193.2,10.4,2.93,2.04,2.86,2.93,48.9,34.8,71,5.1
482,Bertrand Traoré\Bertrand-Traore,FW,Aston Villa,25.7,43.7,1.01,5.72,18,22.7,4.12,40.7,1.98,3.77,52.6,2.22,0.31,29.6,150.6,71.3,3.77,0.97,0.54,1.98,1.36,40.7,30,73.7,3.89
483,Trézéguet\Trezeguet,FW,Aston Villa,13,39.9,1.46,7.92,15.6,20,5.69,39.8,2,2.92,68.4,2.15,0.23,26.3,148.7,90.2,4.85,1.54,1.08,2.08,1,40.3,25.2,62.4,5
484,Leandro Trossard\Leandro-Trossard,FWMF,Brighton,29,49,0.28,5.03,20.9,27.2,4.59,46.8,1.45,2.34,61.8,1.55,0.1,38.1,221.5,110.8,5.72,1.9,0.72,1.9,2.38,48.2,35.4,73.4,7.66
485,Kostas Tsimikas\Kostas-Tsimikas,DF,Liverpool,0.1,100,0,10,30,60,0,80,0,0,,0,0,80,290,120,20,0,0,10,10,110,80,72.7,10
486,Axel Tuanzebe\Axel-Tuanzebe,DF,Manchester Utd,4.5,70.2,11.6,37.8,31.8,4,0,68,0,0.44,0,0,0,42.7,237.6,104.9,4.67,0.44,0,0.67,0.22,46.7,46,98.6,0.22
487,Cengiz Ünder\Cengiz-Under,MFFW,Leicester City,3.1,57.1,0.65,4.52,21.6,35.2,3.23,53.9,3.87,6.45,60,4.19,0.32,48.7,328.4,151,9.68,1.94,0.65,3.23,2.9,56.1,43.2,77,11.9
488,Yan Valery\Yan-Valery,DFMF,Southampton,1.1,85.5,3.64,31.8,31.8,25.5,1.82,70.9,0.91,3.64,25,0.91,0,45.5,260.9,146.4,7.27,0.91,0.91,2.73,5.45,52.7,42.7,81,4.55
489,Jamie Vardy\Jamie-Vardy,FW,Leicester City,31.6,22.7,1.01,1.9,8.45,13.5,5.76,21.3,0.98,1.65,59.6,1.2,0.16,12.8,74.7,37.9,2.25,0.47,1.08,1.9,0.57,39.9,16.2,40.5,7.31
490,Joël Veltman\Joel-Veltman,DF,Brighton,25.3,69.8,4.07,22.6,33,18.3,1.46,60.7,0.83,1.3,63.6,0.91,0.08,40,201.9,104.8,4.07,1.46,0.2,0.32,0.67,43.2,40.1,92.9,1.38
491,Jannik Vestergaard\Jannik-Vestergaard,DF,Southampton,28.6,70.8,9.79,37.8,34.1,3.6,1.57,69.4,0.42,0.59,70.6,0.45,0.03,41.9,242.9,134.5,3.81,0.7,0,0.28,0.17,48.7,47.5,97.5,0.14
492,Rúben Vinagre\Ruben-Vinagre,DF,Wolves,1.9,63.2,1.58,20.5,31.6,15.8,0,54.7,1.58,3.68,42.9,2.11,0,35.3,206.3,127.4,7.37,1.58,0,0.53,1.05,42.1,35.8,85,2.11
493,Carlos Vinícius\Carlos-Vinicius,FW,Tottenham,3.4,27.4,1.47,3.82,12.9,12.6,5,27.1,1.47,1.76,83.3,1.47,0,17.6,65.3,22.9,0.88,0,0,3.53,3.53,48.2,20.3,42.1,5
494,João Virgínia\Joao-Virginia,GK,Everton,0.5,38,36,38,0,0,0,30,0,0,,0,0,20,104,56,0,0,0,0,0,18,18,100,0
495,Vitinha\Vitinha,MF,Wolves,5.8,66.7,0.34,7.07,40.7,24.1,1.72,64.1,1.38,1.9,72.7,1.55,0.17,49,276.9,154.5,7.76,2.41,0.34,1.9,1.72,61.4,53.4,87.1,4.31
496,Jake Vokins\Jake-Vokins,DF,Southampton,0.7,32.9,1.43,4.29,22.9,10,0,22.9,0,0,,0,0,18.6,157.1,100,2.86,2.86,0,0,0,24.3,18.6,76.5,0
497,Matěj Vydra\Matej-Vydra,FW,Burnley,15.2,28.7,0.66,1.12,10.9,17.6,5.66,28,1.51,2.37,63.9,1.71,0.07,17.2,70.1,35.8,2.3,0.46,0.66,2.89,1.45,54.8,21.3,38.9,8.95
498,Theo Walcott\Theo-Walcott,MFFW,Southampton,18,37.2,0.67,5.44,17.5,17.9,3.83,37,1.11,2.72,40.8,1.17,0,25.4,134.4,86.1,4.44,1.67,0.72,2.5,2.28,38.8,25.8,66.5,5.94
499,Theo Walcott\Theo-Walcott,FW,Everton,0.1,20,0,10,10,10,0,20,0,0,,0,0,20,640,630,0,10,0,10,0,50,20,40,0
500,Kyle Walker\Kyle-Walker,DF,Manchester City,21.6,95.4,2.55,19.6,62.4,21.2,0.79,87.2,1.44,2.22,64.6,1.57,0.05,69.6,353.9,182.9,8.52,3.06,0.28,0.37,0.97,75.2,72.7,96.6,1.67
501,Kyle Walker-Peters\Kyle-Walker-Peters,DF,Southampton,29.4,67.8,3.74,21.4,35.7,16.3,2.04,56.9,1.7,2.55,66.7,1.73,0.03,41.6,247.9,138.7,6.53,2.01,0.75,0.71,1.53,41.9,37.8,90.3,2.24
502,Aaron Wan-Bissaka\Aaron-Wan-Bissaka,DF,Manchester Utd,34,73.9,3.59,23.8,33.1,21.8,1.15,65.5,1.18,1.94,60.6,1.26,0.06,45.2,235.2,133.6,6.21,2.32,0.09,0.5,0.74,48.1,44.7,93.1,2.44
503,Joel Ward\Joel-Ward,DF,Crystal Palace,25.1,54,5.02,21.3,23.6,11.3,0.36,43.6,0.4,0.56,71.4,0.44,0,23,102.7,55.2,2.11,1.08,0,0.76,0.32,24.8,22.6,91.2,0.6
504,James Ward-Prowse\James-Ward-Prowse,MF,Southampton,38,78.7,2.71,17.8,46.5,18.2,0.61,69.4,0.39,0.61,65.2,0.42,0,40.8,183.8,91.4,3.16,1.08,0.03,0.42,0.45,51.7,47.8,92.4,1.05
505,Ollie Watkins\Ollie-Watkins,FW,Aston Villa,37,35.1,0.78,1.92,13.8,21.5,6.57,33.9,1.3,2.08,62.3,1.41,0.08,22.4,105.2,59.2,3.59,1.03,1.27,3,2.27,52.6,27.3,51.8,9.24
506,Caleb Watts\Caleb-Watts,MFFW,Southampton,0.4,50,2.5,12.5,15,22.5,0,50,0,0,,0,0,30,85,40,5,0,0,0,5,35,32.5,92.9,2.5
507,Adam Webster\Adam-Webster,DF,Brighton,28.8,72,8.16,38.2,34.8,6.74,1.15,70.3,0.24,0.38,63.6,0.31,0,46.9,336.5,220.4,5.63,1.91,0.07,0.56,0.49,51.3,50.1,97.8,0.14
508,Danny Welbeck\Danny-Welbeck,FW,Brighton,17.2,26.1,0.99,2.56,9.07,16,5.47,25.8,0.99,1.63,60.7,1.05,0,18.1,88.8,47.7,2.56,0.64,0.23,2.33,1.4,42.6,18.2,42.7,6.1
509,Timo Werner\Timo-Werner,FW,Chelsea,28.9,40.7,0.21,3.25,16.6,23.9,6.99,39.6,1.04,2.73,38,1.21,0.1,28,179.3,109.1,5.09,1.66,1.97,2.66,1.76,50,31.9,63.9,8.89
510,Ashley Westwood\Ashley-Westwood,MF,Burnley,37.9,62.8,1.74,10.9,38.2,16.5,0.69,56.8,0.32,0.47,66.7,0.37,0,35.9,141.1,64.6,2.56,1,0,0.5,0.5,43.6,40.1,91.9,0.92
511,Ben White\Ben-White,DFMF,Brighton,35.5,58.1,5.66,26.5,28.1,7.61,0.79,56.1,0.68,1.15,58.5,0.87,0,38.8,199.1,106.8,3.04,1.04,0.03,0.31,0.42,41.3,39.5,95.8,0.51
512,Georginio Wijnaldum\Georginio-Wijnaldum,MF,Liverpool,32.7,60.6,1.22,10.4,39.3,16.5,1.44,59.6,1.04,1.56,66.7,1.1,0.06,46.4,262.2,124,5.29,2.23,0.18,0.73,0.8,50.9,46,90.3,2.45
513,Brandon Williams\Brandon-Williams,DF,Manchester Utd,2.1,76.7,5.24,33.3,37.6,10.5,0.48,67.6,0.48,2.38,20,0.48,0,51.9,276.2,150.5,5.71,0.95,0,0.95,0.95,54.3,51.9,95.6,1.43
514,Neco Williams\Neco-Williams,DF,Liverpool,2.8,87.1,1.79,20.7,33.2,36.8,3.57,77.1,2.14,3.21,66.7,2.14,0,62.1,276.4,137.1,7.5,1.79,0.36,0.36,0.71,62.9,58.2,92.6,5.36
515,Rhys Williams\Rhys-Williams,DF,Liverpool,7.3,74.4,9.45,37.4,37.1,2.47,1.23,73.4,0.14,0.14,100,0.14,0,45.1,191.5,75.2,1.92,0.27,0,0,0,51.1,50.1,98.1,0.27
516,Willian\Willian,FWMF,Arsenal,15.6,59.6,0.51,7.76,22.8,33.2,2.69,52.9,0.77,1.41,54.5,0.83,0,42.1,270.3,145,8.21,2.69,0.71,0.96,1.35,51.3,43.2,84.3,4.49
517,Joe Willock\Joe-Willock,MF,Arsenal,2.6,51.5,2.69,8.46,26.2,23.5,5.38,51.5,1.15,2.69,42.9,1.15,0,39.2,228.5,99.2,6.92,3.08,0,1.92,4.62,45.4,36.2,79.7,6.54
518,Joe Willock\Joe-Willock,MF,Newcastle Utd,10.9,38.4,2.02,12.6,16.4,12.7,3.58,38.1,2.02,3.12,64.7,2.02,0.18,25.7,141.9,87.8,3.39,1.19,0.55,1.83,2.02,29.1,19.4,66.6,2.94
519,Callum Wilson\Callum-Wilson,FW,Newcastle Utd,23.2,27.4,0.56,2.41,12.5,14.6,4.53,26.2,1.25,2.11,59.2,1.47,0.04,19,99.5,59.2,3.06,1.16,1.03,2.93,2.28,47.3,19.8,41.9,6.51
520,Harry Winks\Harry-Winks,MF,Tottenham,9.6,77.1,3.13,19.6,53,7.71,0.1,75.7,0.42,0.63,66.7,0.52,0,50,214.4,103.2,2.92,0.94,0,0.31,0.73,59,56.8,96.3,0.63
521,Chris Wood\Chris-Wood,FW,Burnley,30.5,31.7,0.75,2.3,13.2,17.3,4.52,31,0.43,0.85,50,0.43,0.07,15.7,49,21.2,1.05,0.49,0.26,2.66,1.77,56.8,24.8,43.6,8.1
522,Granit Xhaka\Granit-Xhaka,MFDF,Arsenal,28,85.6,3.71,22,54.9,14.5,0.43,82.6,0.36,0.68,52.6,0.39,0.07,61.5,312.6,170.9,5.68,1.43,0,0.25,0.68,67.2,64.1,95.4,0.93
523,Andriy Yarmolenko\Andriy-Yarmolenko,FWMF,West Ham,4.2,49.8,0.48,8.33,20.5,25.5,4.29,48.1,1.67,1.67,100,1.67,0.24,39.3,265.2,139,8.1,1.9,0.95,2.14,3.33,52.4,36.7,70,6.43
524,DeAndre Yedlin\DeAndre-Yedlin,DF,Newcastle Utd,4.8,46.3,3.33,16,16.5,15.2,1.04,40,0.21,0.42,50,0.21,0,21,75,51.3,3.33,1.25,0.21,0.63,0.21,29.4,24.2,82.3,1.67
525,Okay Yokuşlu\Okay-Yokuslu,MF,West Brom,14.6,48.9,4.38,16.2,28.6,6.99,0.68,47.9,1.23,1.64,75,1.23,0.07,26.7,121,55.3,1.3,0.62,0.07,0.48,0.82,23.8,21.8,91.6,0.75
526,Wilfried Zaha\Wilfried-Zaha,FW,Crystal Palace,29,43.1,0.07,3.45,19.3,24.6,5.41,42.3,2.03,4.28,47.6,2.21,0.24,35.7,185.8,112.1,6.28,1.83,1.69,3,3.55,52.6,33.6,63.8,7.97
527,Andre-Frank Zambo Anguissa\Andre-Frank-Zambo-Anguissa,MF,Fulham,28.7,63.1,1.67,14,38.5,16.3,1.85,62.4,3.03,4.15,73.1,3.14,0.1,46.4,270.6,140.3,6.13,2.23,0.45,2.09,2.16,48.4,42.2,87.2,2.89
528,Andi Zeqiri\Andi-Zeqiri,FWDF,Brighton,1.9,34.2,2.11,3.68,11.6,19.5,7.89,33.7,0.53,0.53,100,0.53,0,22.6,94.2,61.6,4.21,0.53,1.05,2.11,1.05,43.2,22.6,52.4,3.68
529,Oleksandr Zinchenko\Oleksandr-Zinchenko,DF,Manchester City,16.4,99,2.74,20.5,57.1,27.1,0.61,89.8,0.3,0.67,45.5,0.3,0.06,61.4,281.4,151.3,7.8,2.32,0.12,0.49,0.3,76,72.4,95.3,2.07
530,Hakim Ziyech\Hakim-Ziyech,FWMF,Chelsea,13,67.2,0.69,5.62,30.8,34.1,2.85,63.8,1.38,2.62,52.9,1.46,0.31,51.6,196.3,97.6,6,1.69,0.92,1.92,1.46,65.2,52.8,80.9,7.08
531,Kurt Zouma\Kurt-Zouma,DF,Chelsea,22.5,86.9,12.4,44.4,45.7,3.33,1.38,85.7,0.22,0.31,71.4,0.22,0,59.5,312.4,182.6,4.31,0.98,0,0.18,0.31,68,66.9,98.4,0.22
532,Martin Ødegaard\Martin-Odegaard,MF,Arsenal,9.6,61.8,0.63,7.08,28.6,30.1,2.71,56.3,1.25,1.88,66.7,1.25,0,47.6,247.9,123.2,8.13,1.77,0.52,1.25,1.15,57,47.7,83.7,3.96