,,,,,,Pass Types,Pass Types,Pass Types,Pass Types,Pass Types,Pass Types,Pass Types,Pass Types,Corner Kicks,Corner Kicks,Corner Kicks,Height,Height,Height,Body Parts,Body Parts,Body Parts,Body Parts,Body Parts,,Outcomes,Outcomes,Outcomes,Outcomes
Rk,Player,Pos,Squad,90s,Att,Live,Dead,FK,TB,Press,Sw,Crs,CK,In,Out,Str,Ground,Low,High,Left,Right,Head,TI,Other,Cmp,Off,Out,Int,Blocks
1,Patrick van Aanholt\Patrick-van-Aanholt,DF,Crystal Palace,19.7,57.2,47.3,9.9,1.83,0.1,5.69,1.02,1.73,0.1,0,0.1,0,36.4,11.1,9.7,37.7,9.85,1.27,7.97,0.15,45.1,0.61,1.12,1.47,1.73
2,Tammy Abraham\Tammy-Abraham,FW,Chelsea,11.6,18.8,17.9,0.86,0.17,0,6.64,0.09,0.34,0,0,0,0,11.7,4.66,2.41,1.47,12.7,1.55,0,1.03,12.8,0,0.34,0.26,1.12
3,Che Adams\Che-Adams,FW,Southampton,29.6,21.4,21,0.41,0.03,0.27,5.95,0.47,0.44,0,0,0,0,13.4,4.22,3.72,1.32,16.9,1.22,0,0.81,15,0.2,0.3,0.95,1.11
4,Tosin Adarabioyo\Tosin-Adarabioyo,DF,Fulham,32.8,55.6,54.1,1.49,1.28,0.06,5.34,1.49,0.09,0,0,0,0,43,3.9,8.75,7.56,44,2.47,0.21,0.09,48.6,0.09,0.98,0.64,0.49
5,Adrián\Adrian,GK,Liverpool,3,33,23.3,9.67,2.33,0,3,0.33,0,0,0,0,0,19,3,11,4,22,0,0,6.67,25.3,0.33,0.67,0,0
6,Sergio Agüero\Sergio-Aguero,FWMF,Manchester City,6.2,27.4,25.8,1.61,0,0,4.68,0.16,0.32,0,0,0,0,23.2,2.9,1.29,2.26,24.2,0.32,0.16,0.32,23.1,0,0,0.65,1.29
7,Ola Aina\Ola-Aina,DF,Fulham,29.6,57.8,48.2,9.56,1.11,0,4.09,1.28,1.42,0,0,0,0,34,9.12,14.7,9.86,36.1,2.84,8.45,0.14,44.9,0.03,0.81,1.45,1.52
8,Rayan Aït Nouri\Rayan-Ait-Nouri,DF,Wolves,15.6,50.3,41.7,8.59,0.45,0,5,0.77,1.92,0.45,0.06,0.19,0.19,33.1,10.5,6.73,36.5,4.29,1.28,7.69,0.13,42.1,0.06,0.32,0.64,2.12
9,Semi Ajayi\Semi-Ajayi,DF,West Brom,30.9,30.7,28.7,1.94,0.36,0.03,3.92,0.94,0.19,0,0,0,0,18.5,3.59,8.54,1.59,23.6,2.3,1.59,0.1,22.8,0.23,0.91,0.94,0.39
10,Nathan Aké\Nathan-Ake,DF,Manchester City,8.9,84.8,82,2.81,1.46,0,4.94,1.12,0,0,0,0,0,74,3.6,7.19,65.5,13,2.36,1.24,0.34,78.9,0,0.34,0.79,0.79
11,Marc Albrighton\Marc-Albrighton,DFFW,Leicester City,19.4,47.6,42.5,5.1,0.52,0.31,7.78,1.7,3.76,1.6,0.26,0.57,0.21,27,9.74,10.9,3.51,38.9,1.29,2.99,0.31,32.7,0.31,0.82,1.55,3.71
12,Thiago Alcántara\Thiago-Alcantara,MF,Liverpool,20.6,81.3,79.1,2.14,1.55,0.44,11.2,4.13,0.19,0,0,0,0,59.3,9.47,12.5,4.03,73.3,2.33,0.15,0.29,72.7,0.24,0.87,1.7,1.12
13,Toby Alderweireld\Toby-Alderweireld,DF,Tottenham,24.9,54.8,52.4,2.41,2.01,0.08,3.94,2.05,0.04,0,0,0,0,37.2,4.82,12.8,10.2,40.6,2.65,0.4,0.16,45.9,0.08,0.76,0.84,0.52
14,Rúnar Alex Rúnarsson\Runar-Alex-Runarsson,GK,Arsenal,0.2,55,40,15,10,0,5,0,0,0,0,0,0,35,5,15,5,40,0,0,10,35,0,5,0,0
15,Trent Alexander-Arnold\Trent-Alexander-Arnold,DF,Liverpool,33.7,87.3,72.8,14.5,1.69,0.27,7.36,4.36,5.4,3.09,0.5,1.69,0.12,48.3,15.8,23.2,9.94,65.5,1.87,9.67,0.18,65.8,0.33,1.1,1.87,3.06
16,Ezgjan Alioski\Ezgjan-Alioski,DF,Leeds United,27.3,59.7,50.4,9.3,1.14,0.07,6.23,0.81,2.16,0,0,0,0,36.5,14.7,8.5,42.9,4.47,3.11,8.17,0.04,47.8,0.15,0.99,1.68,2.2
17,Alisson\Alisson,GK,Liverpool,33,34.5,27.3,7.15,1.91,0,2.48,1.06,0,0,0,0,0,24.8,1.79,7.88,2.91,25.8,0.03,0,4.82,29.3,0.09,0.48,0.33,0.03
18,Allan\Allan,MF,Everton,22.8,46,44.5,1.49,0.96,0,6.49,0.61,0.13,0,0,0,0,33.7,6.14,6.14,4.96,39.2,1.23,0.22,0.18,39.4,0.13,0.48,1.14,0.88
19,Dele Alli\Dele-Alli,MF,Tottenham,6.9,48.8,45.8,3.04,1.16,0.43,9.71,0.58,1.01,0,0,0,0,39.6,5.36,3.91,3.33,43.3,1.16,0.29,0,39.1,0.29,0.58,1.88,2.03
20,Miguel Almirón\Miguel-Almiron,MFFW,Newcastle Utd,27,32.5,31.3,1.19,0.22,0.07,5.22,0.63,1.07,0.22,0,0.04,0,24.9,4,3.56,29.6,1.41,0.74,0.22,0.26,26.3,0.15,0.26,0.81,1.15
21,Marcos Alonso\Marcos-Alonso,DF,Chelsea,10.7,55.3,47.3,8.04,1.03,0,7.94,0.37,1.21,0.37,0,0.37,0,37,10.2,8.13,40.7,4.86,1.87,6.64,0.28,45.1,0.37,0.56,1.21,2.34
22,Steven Alzate\Steven-Alzate,MFDF,Brighton,10,44.6,43.1,1.5,0.3,0,7.5,1.2,0.2,0.2,0.1,0.1,0,37.4,4.1,3.1,3.6,38.1,1.4,0.9,0.2,39.9,0,0.3,0.6,0.8
23,Daniel Amartey\Daniel-Amartey,DF,Leicester City,8,58.3,54.1,4.13,0.13,0,5.88,0.38,0,0,0,0,0,42.6,7.38,8.25,4.5,45.3,2.63,4,0.25,50,0.25,0,0.88,1.25
24,Ethan Ampadu\Ethan-Ampadu,DFMF,Sheffield Utd,23.2,45.9,42.2,3.66,0.82,0.13,5.22,1.81,0.47,0.22,0.22,0,0,30.6,5.26,10,7.5,31.1,2.8,2.63,0.17,36.9,0.04,1.16,0.65,0.82
25,Joachim Andersen\Joachim-Andersen,DF,Fulham,30.3,60.5,58.3,2.24,1.78,0.03,5.38,3.17,0.13,0,0,0,0,41.4,5.21,13.9,5.71,48.7,3.56,0.46,0.23,50.5,0.23,1.68,0.59,0.73
26,Elliot Anderson\Elliot-Anderson,MF,Newcastle Utd,0,1,1,0,0,0,0,0,0,0,0,0,0,1,0,0,0,1,0,0,0,1,0,0,0,0
27,Felipe Anderson\Felipe-Anderson,FWMF,West Ham,0,6,6,0,0,0,0,0,1,0,0,0,0,6,0,0,3,2,0,0,1,4,0,0,1,0
28,Michail Antonio\Michail-Antonio,FW,West Ham,21.9,22.4,21.6,0.82,0.05,0,7.81,0.64,1.37,0,0,0,0,12.9,5.66,3.79,3.47,14.6,1.28,0.37,0.55,14.9,0.09,0.5,0.78,1.42
29,Alphonse Areola\Alphonse-Areola,GK,Fulham,36,27.8,18.1,9.75,2.83,0,1.25,0.53,0,0,0,0,0,14.8,0.94,12,1.81,20.2,0,0,4.39,20.5,0.08,0.53,0.14,0.06
30,Stuart Armstrong\Stuart-Armstrong,MF,Southampton,30.7,41,38.5,2.51,0.46,0.23,8.73,0.62,0.85,0.03,0,0,0,31.3,5.6,4.07,7.46,31.4,1.27,0.52,0.1,32.6,0.07,0.39,1.43,2.12
31,Kepa Arrizabalaga\Kepa-Arrizabalaga,GK,Chelsea,6.5,37.4,29.5,7.85,0.92,0,3.38,0.62,0,0,0,0,0,23.7,2,11.7,4.62,26.2,0,0,6,30.5,0,0.62,0.15,0
32,Pierre-Emerick Aubameyang\Pierre-Emerick-Aubameyang,FW,Arsenal,25.9,26.7,25.9,0.81,0.04,0.23,5.44,0.35,1.81,0.04,0,0,0,19.1,3.94,3.63,2.93,21.8,0.66,0.12,0.35,20,0.35,0.19,0.62,0.89
33,Serge Aurier\Serge-Aurier,DF,Tottenham,17.8,53.6,44.4,9.16,0.28,0.17,6.07,0.73,1.18,0,0,0,0,32.4,10.9,10.3,3.88,36.7,2.87,8.88,0.06,43.2,0,0.39,1.24,1.4
34,Charlie Austin\Charlie-Austin,FW,West Brom,1.5,22.7,21.3,1.33,0,0,8,0,0.67,0,0,0,0,10.7,6.67,5.33,2,12,4,0,0,16.7,0.67,0,0.67,0.67
35,Jordan Ayew\Jordan-Ayew,FWMF,Crystal Palace,23.3,28.1,27.3,0.77,0.17,0,6.05,0.43,0.77,0,0,0,0,22.3,3.65,2.15,1.8,23.8,1.07,0.09,0.26,22.1,0.04,0.3,1.07,0.99
36,Luke Ayling\Luke-Ayling,DF,Leeds United,37.8,70.4,60.9,9.5,1.43,0.11,6.46,2.38,1.85,0,0,0,0,41.6,13,15.8,5.5,53.1,2.57,8.07,0.19,55.8,0.19,1.22,1.8,1.77
37,César Azpilicueta\Cesar-Azpilicueta,DF,Chelsea,24.3,82.9,75.3,7.61,1.44,0.16,5.27,0.49,1.19,0,0,0,0,61.7,10.9,10.3,6.79,65.2,3.17,6.17,0.29,72.6,0.16,0.74,1.52,1.6
38,Eric Bailly\Eric-Bailly,DF,Manchester Utd,10.2,53.6,52.2,1.47,1.37,0,4.9,0.98,0,0,0,0,0,44.3,4.02,5.29,6.37,43.4,2.25,0.1,0.2,48.4,0,0.39,0.98,0.29
39,Fabián Balbuena\Fabian-Balbuena,DF,West Ham,13.3,35,33,1.95,1.73,0,2.41,1.28,0,0,0,0,0,21.7,3.08,10.2,3.91,28.3,1.8,0.23,0.08,26.8,0.23,0.75,0.38,0.53
40,George Baldock\George-Baldock,DF,Sheffield Utd,31,37.4,30.7,6.74,0.1,0,4.81,0.48,1.65,0,0,0,0,21.1,8.58,7.71,1.87,27,1.32,6.65,0.16,29.4,0.06,0.58,0.74,1.74
41,Gareth Bale\Gareth-Bale,FW,Tottenham,10.2,40,36.9,3.14,0.88,0.1,8.92,3.14,2.84,1.27,0.98,0.1,0.1,22.1,7.45,10.5,32.5,2.84,1.96,0.98,0.39,27.8,0.1,0.69,1.67,1.76
42,Patrick Bamford\Patrick-Bamford,FW,Leeds United,33.9,14.9,12.3,2.6,0.03,0.12,2.98,0,0.15,0.06,0,0,0,11,2.89,1.03,9.71,3.27,0.65,0.03,0.59,11.4,0.09,0.29,0.68,0.65
43,Phil Bardsley\Phil-Bardsley,DF,Burnley,3,55,42.3,12.7,0.33,0,7.67,1.67,2.33,0,0,0,0,20,13.7,21.3,4,33.7,4.33,12.3,0,38.7,0.33,1.33,0.33,3
44,Ross Barkley\Ross-Barkley,MF,Aston Villa,17,44.9,39.2,5.71,1.35,0,10,1.29,1.18,3.18,1.12,0.59,0.65,31.4,6.12,7.41,5.88,35.4,1.88,0.24,0.24,36.4,0.12,0.47,0.88,1.18
45,Ross Barkley\Ross-Barkley,MF,Chelsea,0.5,52,52,0,0,2,14,2,0,0,0,0,0,36,8,8,8,34,4,0,0,44,0,0,4,0
46,Ashley Barnes\Ashley-Barnes,FW,Burnley,14.8,20.7,20.5,0.27,0.07,0,7.36,0.27,0.41,0,0,0,0,11.5,4.39,4.86,2.64,12.6,1.96,0,0.74,13.2,0.14,0.34,0.74,0.95
47,Harvey Barnes\Harvey-Barnes,FWMF,Leicester City,21.6,29,28.8,0.14,0.05,0.14,6.25,0.32,0.83,0,0,0,0,20.9,4.17,3.89,2.5,23.9,1.44,0.09,0.23,21.7,0.05,0.51,0.69,1.39
48,Kyle Bartley\Kyle-Bartley,DF,West Brom,28.7,28.2,27,1.15,0.8,0.03,4.91,1.01,0.14,0,0,0,0,17.9,2.79,7.49,3.31,19.9,2.72,0.35,0.03,22,0.07,0.94,0.35,0.28
49,Chris Basham\Chris-Basham,DFMF,Sheffield Utd,28.6,38.6,36.4,2.27,0.49,0.03,4.06,0.49,0.84,0,0,0,0,26.7,4.76,7.17,4.69,27.6,2.87,1.78,0.17,31.5,0.07,0.91,0.52,0.8
50,Michy Batshuayi\Michy-Batshuayi,FW,Crystal Palace,8.1,20.7,19.1,1.6,0.12,0.12,5.68,0,0.86,0,0,0,0,14.2,4.32,2.22,3.33,14.9,0.86,0.25,0.25,14.6,0,0.12,0.74,1.48
51,Jan Bednarek\Jan-Bednarek,DF,Southampton,34.4,58.3,55.7,2.59,1.28,0.03,7.27,0.87,0,0,0,0,0,41.6,5.17,11.5,9.48,42.1,3.84,1.31,0.2,49.3,0.06,1.02,0.67,0.52
52,Donny van de Beek\Donny-van-de-Beek,MFFW,Manchester Utd,5.8,48.1,47.4,0.69,0.34,0,7.59,0.69,0.69,0,0,0,0,40.9,4.31,2.93,3.62,42.8,0.86,0.34,0.34,40.5,0,0.34,1.38,2.24
53,Héctor Bellerín\Hector-Bellerin,DF,Arsenal,23.2,56.1,49,7.11,0.39,0.09,7.8,0.6,2.2,0,0,0,0,36.8,12.4,6.98,4.61,41.3,2.5,6.72,0.13,46.5,0.13,0.73,1.25,1.64
54,Saïd Benrahma\Said-Benrahma,FWMF,West Ham,15.5,34,33.2,0.77,0.06,0.19,5.29,0.65,2.52,0,0,0,0,25.4,3.94,4.71,4.77,27.7,0.84,0.32,0.19,26.5,0.19,0.52,1.1,1.03
55,Josh Benson\Josh-Benson,MF,Burnley,2.9,29.3,28.3,1.03,0.34,0,4.83,0,1.38,0,0,0,0,19,5.52,4.83,0.69,25.2,2.41,0.69,0,21.4,0,0,0,1.72
56,Christian Benteke\Christian-Benteke,FW,Crystal Palace,20.2,28.4,27.4,0.99,0.05,0.05,13.7,0.2,0.3,0,0,0,0,11.7,8.02,8.61,1.34,15,2.97,0.05,0.79,18.1,0.2,0.54,0.99,0.74
57,Gaetano Berardi\Gaetano-Berardi,DF,Leeds United,1.3,43.1,39.2,3.85,0,0.77,2.31,0.77,0.77,0,0,0,0,30.8,4.62,7.69,7.69,29.2,1.54,3.85,0,35.4,0.77,0.77,0.77,0.77
58,Jóhann Berg Guðmundsson\Johann-Berg-Gudmundsson,MF,Burnley,15.1,31.3,30.9,0.4,0,0.07,7.02,1.19,1.59,0.26,0.2,0.07,0,20.4,3.97,6.89,24.7,3.25,1.99,0.07,0.2,23.6,0.2,0.4,0.66,0.6
59,Sander Berge\Sander-Berge,MF,Sheffield Utd,12.4,37.4,36.5,0.97,0.65,0.08,5.89,0.97,1.45,0.16,0.16,0,0,28.6,4.44,4.35,2.98,31.1,2.1,0.16,0,30.6,0.16,0.81,0.73,0.97
60,Steven Bergwijn\Steven-Bergwijn,FWMF,Tottenham,13.4,31.9,31.2,0.75,0.22,0,5.52,0.3,0.9,0.3,0.22,0,0,25.4,2.99,3.58,1.27,29.6,0.9,0.07,0,25.9,0,0.15,0.82,0.67
61,Bernard\Bernard,MFFW,Everton,5.1,53.3,52.4,0.98,0.2,0,6.08,0.39,1.76,0,0,0,0,41,6.08,6.27,9.22,41.8,1.57,0.2,0.59,42.4,0.39,0.59,1.57,2.55
62,Bernardo\Bernardo,DFMF,Brighton,2.3,37.8,34.8,3.04,0.43,0,5.65,0.43,1.74,0,0,0,0,25.2,9.13,3.48,26.5,4.35,2.17,2.61,0,27,0.43,0.43,0.43,4.35
63,Ryan Bertrand\Ryan-Bertrand,DF,Southampton,28.9,53.2,41.1,12.1,1.9,0.03,5.74,0.73,1.97,0.24,0.1,0.07,0.03,30.8,9.27,13.1,36.6,3.04,2.56,9.93,0.24,40.9,0.24,0.9,1.11,1.66
64,Yves Bissouma\Yves-Bissouma,MF,Brighton,34.6,48.4,47.4,1.07,0.92,0.14,7.66,1.27,0.23,0,0,0,0,37.6,5.81,5.06,4.54,41,1.45,0.12,0.35,42.2,0.03,0.95,1.18,0.69
65,Jayden Bogle\Jayden-Bogle,DF,Sheffield Utd,12.3,31.1,25.9,5.28,0.08,0.16,5.12,0.08,0.98,0,0,0,0,18.5,7.48,5.2,4.31,19.3,1.54,5.2,0.24,24.4,0.08,0.65,0.73,1.3
66,Willy Boly\Willy-Boly,DF,Wolves,20.9,48,46.9,1.05,0.96,0,5.17,0.53,0,0,0,0,0,34.9,4.74,8.33,5.26,38.2,2.73,0.1,0.1,39.7,0.05,0.57,0.62,0.53
67,Jarrod Bowen\Jarrod-Bowen,FWMF,West Ham,28.5,25.8,23.2,2.56,0.18,0.04,5.44,1.61,1.82,1.96,1.61,0.18,0.07,15.5,4.18,6.07,19.4,5.02,0.53,0.04,0.14,17.5,0.14,0.35,0.56,1.65
68,Robbie Brady\Robbie-Brady,MF,Burnley,11.7,33.6,32.1,1.45,0.6,0.26,7.61,1.03,2.14,0.26,0.17,0,0,16.8,6.32,10.4,23.2,5.21,3.5,0.6,0,22.7,0.09,0.94,0.77,1.03
69,Rhian Brewster\Rhian-Brewster,FW,Sheffield Utd,12.5,18,17.4,0.56,0.08,0.24,4.48,0.48,1.04,0,0,0,0,11.3,3.76,2.96,1.92,13.8,1.52,0,0,12.5,0.08,0.4,0.8,0.96
70,Nathan Broadhead\Nathan-Broadhead,MF,Everton,0,2,2,0,0,0,1,0,0,0,0,0,0,1,0,1,0,1,0,0,0,2,0,0,0,0
71,Josh Brownhill\Josh-Brownhill,MF,Burnley,31.3,37.9,37.2,0.73,0.32,0,8.27,0.61,0.54,0,0,0,0,22.7,6.52,8.72,4.03,27.6,3.71,0.35,0.32,30,0.06,0.54,0.48,0.8
72,Joe Bryan\Joe-Bryan,DFFW,Fulham,7.4,56.8,44.9,11.9,2.16,0.14,6.35,1.62,3.24,1.08,0.14,0.68,0.27,29.9,12,14.9,37.2,8.38,2.03,8.65,0,39.9,0.27,0.95,1.49,2.84
73,Kean Bryan\Kean-Bryan,DF,Sheffield Utd,11.2,39.6,37.6,1.96,0.36,0,4.82,1.34,1.34,0,0,0,0,22.9,4.29,12.3,33.3,1.7,2.23,1.61,0,28.8,0.09,1.07,1.25,0.98
74,Oliver Burke\Oliver-Burke,FW,Sheffield Utd,14.1,18.6,17.7,0.92,0,0.07,6.1,0.14,1.42,0,0,0,0,13.1,2.91,2.55,0.78,14.6,1.35,0,0.14,13.1,0,0.71,0.71,1.13
75,Dan Burn\Dan-Burn,DF,Brighton,22.9,54.2,47.7,6.55,0.48,0,7.55,0.87,1.4,0.04,0.04,0,0,32.7,9.26,12.3,35.9,5.33,3.71,6.03,0.17,41.6,0.17,1.57,1.31,1.44
76,Jack Butland\Jack-Butland,GK,Crystal Palace,1,21,10,11,3,0,1,0,0,0,0,0,0,3,0,18,0,16,0,0,2,6,1,0,0,0
77,David Button\David-Button,GK,West Brom,1,37,22,15,3,0,2,2,0,0,0,0,0,7,0,30,3,27,0,0,2,16,0,3,0,0
78,Oskar Buur\Oskar-Buur,DF,Wolves,0.2,75,70,5,0,0,0,0,0,0,0,0,0,65,5,5,0,70,0,5,0,70,0,0,0,0
79,Willy Caballero\Willy-Caballero,GK,Chelsea,1,26,19,7,1,0,1,0,0,0,0,0,0,21,2,3,3,21,0,0,2,24,0,0,0,0
80,Gary Cahill\Gary-Cahill,DF,Crystal Palace,20,34.9,33.5,1.3,1.3,0,4.75,0.6,0,0,0,0,0,24.1,3.4,7.3,4.7,26.1,1.75,0,0.35,29.5,0.1,0.55,0.4,0.25
81,Tom Cairney\Tom-Cairney,MF,Fulham,8.4,73.9,69.8,4.17,2.26,0,9.05,4.05,2.14,1.67,0.24,1.07,0.12,56.3,6.07,11.5,68.7,3.81,1.07,0,0.24,65.6,0.12,0.71,0.83,1.31
82,Dominic Calvert-Lewin\Dominic-Calvert-Lewin,FW,Everton,31.9,21,20.4,0.56,0,0.03,7.02,0.25,0.47,0.06,0,0,0,11.4,5.86,3.73,1.5,13.1,1.63,0.03,1.54,15,0.19,0.47,0.63,0.82
83,João Cancelo\Joao-Cancelo,DF,Manchester City,25.5,82.1,73,9.14,1.57,0.39,7.88,1.53,2.71,0.04,0,0,0,56.7,12.9,12.6,9.14,62.5,1.8,7.53,0.27,70.4,0.27,0.9,1.49,1.69
84,Ian Carlo Poveda\Ian-Carlo-Poveda,MFDF,Leeds United,3.9,30,29.7,0.26,0,0.26,6.15,0.77,2.31,0,0,0,0,22.8,3.59,3.59,23.1,5.64,1.03,0.26,0,22.1,0,1.28,1.28,1.54
85,Andy Carroll\Andy-Carroll,FW,Newcastle Utd,4.4,32,30.9,1.14,0.23,0,11.1,0.91,0.68,0,0,0,0,11.1,8.86,12,10.2,6.59,5.23,0.23,1.82,20.2,0.23,0.45,0.23,1.14
86,Scott Carson\Scott-Carson,GK,Manchester City,1,16,14,2,0,0,0,0,0,0,0,0,0,12,3,1,0,10,0,0,6,15,0,0,0,0
87,Fabio Carvalho\Fabio-Carvalho,MFFW,Fulham,2.8,30.7,28.6,2.14,0,0,5,0,0.71,0,0,0,0,25.4,2.5,2.86,3.93,25,1.07,0,0.71,23.9,0,0.71,1.07,2.5
88,Matty Cash\Matty-Cash,DF,Aston Villa,26.4,49.2,39.4,9.73,1.25,0.04,5.45,1.14,2.35,0,0,0,0,25.1,9.05,15,4.09,32.7,3.18,8.48,0,36.3,0.11,1.36,1.14,0.91
89,Kiko Casilla\Kiko-Casilla,GK,Leeds United,3,31.3,19.3,12,1.67,0,1.33,0.67,0,0,0,0,0,22,1.67,7.67,0.33,23.7,0,0,7,27.3,0,0.67,1,0
90,Timothy Castagne\Timothy-Castagne,DF,Leicester City,26.1,57.9,51,6.93,0.57,0.19,6.25,0.57,1.42,0,0,0,0,37.2,10,10.7,6.4,40.7,3.49,6.36,0.23,48.5,0.15,0.57,1.26,1.65
91,Jonny Castro\Jonny-Castro,DF,Wolves,5.5,43.5,33.5,10,0.55,0,6.73,0.55,1.09,0,0,0,0,23.3,13.5,6.73,8,22.2,2.36,9.45,0.55,34.2,0,1.27,2.18,1.82
92,Ivan Cavaleiro\Ivan-Cavaleiro,FWMF,Fulham,27.5,30.3,27.5,2.84,0.95,0.04,6.15,1.13,2.55,1.45,0.36,0.69,0.36,20,3.67,6.62,3.93,23.6,1.2,0.25,0.33,21.8,0.11,0.55,1.05,1.31
93,Edinson Cavani\Edinson-Cavani,FW,Manchester Utd,15.3,22.4,21.6,0.85,0,0.13,3.59,0.46,0.33,0,0,0,0,16.1,3.07,3.2,3.59,17.6,0.65,0.2,0.33,17.6,0,0.33,0.98,0.72
94,Dani Ceballos\Dani-Ceballos,MF,Arsenal,17.9,71.8,68.9,2.91,1.45,0.39,8.44,2.51,0.73,0.95,0.34,0.34,0.11,54,8.49,9.33,4.08,65,1.73,0.45,0.28,62.1,0.06,0.95,1.45,1.56
95,Calum Chambers\Calum-Chambers,DF,Arsenal,8.4,68.5,58.1,10.4,0.95,0.12,6.9,0.95,3.21,0,0,0,0,43.6,12.5,12.4,3.33,50.8,3.57,9.4,0,55,0.12,0.71,1.19,2.02
96,Ben Chilwell\Ben-Chilwell,DF,Chelsea,25.4,71.1,59.5,11.6,1.46,0,6.61,1.77,3.66,1.26,0.91,0.28,0,43.9,11.2,16,52.2,6.61,2.44,8.9,0.04,55.9,0.16,1.06,1.3,2.24
97,Hamza Choudhury\Hamza-Choudhury,MF,Leicester City,3.5,67.1,66.3,0.86,0.57,0,3.43,1.71,0,0,0,0,0,47.4,10.6,9.14,3.14,55.4,7.14,0.29,0.57,54.3,0,2.57,2.57,0.86
98,Andreas Christensen\Andreas-Christensen,DF,Chelsea,15.2,71.6,70,1.64,1.32,0,5.39,0.92,0.07,0,0,0,0,61.4,3.55,6.64,4.87,63,2.43,0.26,0.13,66.5,0.2,0.39,0.72,0.39
99,Carney Chukwuemeka\Carney-Chukwuemeka,FWMF,Aston Villa,0.2,40,40,0,0,0,20,0,0,0,0,0,0,35,5,0,0,35,0,0,0,25,0,5,0,5
100,Ciaran Clark\Ciaran-Clark,DF,Newcastle Utd,21,35.6,34.5,1.1,0.29,0.1,4.19,0.52,0,0,0,0,0,24.6,3.14,7.86,24.5,6,2.52,0.81,0.05,29.5,0.05,0.14,0.67,0.43
101,Nathaniel Clyne\Nathaniel-Clyne,DF,Crystal Palace,12.7,44.8,34.6,10.2,0.31,0,4.49,0.39,1.02,0,0,0,0,25.2,9.53,10.1,1.73,31,1.65,9.84,0.16,34.4,0.16,0.94,1.18,1.65
102,Conor Coady\Conor-Coady,DF,Wolves,36.7,48.7,47.2,1.55,1.36,0.05,3.68,2.32,0.03,0,0,0,0,33.2,3.79,11.7,1.34,44.8,2.1,0.08,0.11,42.9,0.11,0.6,0.52,0.3
103,Séamus Coleman\Seamus-Coleman,DFMF,Everton,17.9,42.8,37.5,5.31,0.17,0.06,5.53,0.84,1.79,0,0,0,0,26.2,8.21,8.44,7.15,29.2,1.12,5.14,0,34.9,0.06,0.61,1.06,1.4
104,Aaron Connolly\Aaron-Connolly,FW,Brighton,8.8,11.5,10.3,1.14,0,0,2.5,0.11,0.23,0,0,0,0,7.27,2.95,1.25,1.25,8.41,0.57,0,0.34,8.98,0,0,0.23,0.45
105,Liam Cooper\Liam-Cooper,DF,Leeds United,24.3,64,62.3,1.69,1.56,0.04,5.1,2.18,0,0,0,0,0,47.2,6.13,10.6,51.6,6.42,3.46,0.12,0.16,56.1,0.25,1.07,0.66,0.37
106,Theo Corbeanu\Theo-Corbeanu,FW,Wolves,0.1,30,30,0,0,0,10,0,10,0,0,0,0,20,0,10,10,20,0,0,0,30,0,0,0,0
107,Jack Cork\Jack-Cork,MF,Burnley,15,33.3,32.9,0.4,0.07,0,7.13,0.73,0.27,0,0,0,0,23.9,4.27,5.13,4.4,24.9,1.67,0.33,0.2,27.5,0.2,0.6,0.53,0.8
108,Hélder Costa\Helder-Costa,MFFW,Leeds United,12.8,25.6,25.2,0.39,0,0,4.53,0.16,1.25,0,0,0,0,18.8,4.22,2.66,18.6,5.63,0.63,0.39,0.16,18.9,0,0.47,0.78,1.64
109,Vladimír Coufal\Vladimir-Coufal,DF,West Ham,33.9,49.9,39.3,10.6,0.91,0,5.49,0.86,3.01,0.06,0.06,0,0,22.9,10.9,16.2,5.58,30.8,2.98,9.68,0.06,35.4,0.18,0.83,1.53,2.21
110,Aaron Cresswell\Aaron-Cresswell,DF,West Ham,35.2,58.6,45.9,12.6,2.93,0.06,4.49,2.39,2.59,2.33,0.63,1.45,0.17,31.4,10.4,16.8,45.7,3.35,1.39,7.36,0.11,43.8,0.65,0.99,1.36,1.87
111,Patrick Cutrone\Patrick-Cutrone,FWMF,Wolves,0.3,16.7,13.3,3.33,0,0,6.67,0,0,0,0,0,0,13.3,3.33,0,0,13.3,0,0,0,13.3,0,3.33,0,0
112,Stuart Dallas\Stuart-Dallas,DFMF,Leeds United,37.9,58.4,52.5,5.91,0.58,0.05,7.92,1.45,1.48,0.45,0.4,0,0,39.4,10.8,8.23,10.3,40.4,1.85,4.88,0.16,47.8,0.18,1.06,1.35,1.48
113,Scott Dann\Scott-Dann,DF,Crystal Palace,15,40.3,38.3,2,1.87,0.07,4.13,0.4,0,0,0,0,0,26.6,4.2,9.47,4.53,30.6,2.93,0.13,0.27,33.9,0,0.87,0.6,0.4
114,Karl Darlow\Karl-Darlow,GK,Newcastle Utd,25,29,16.1,13,4.16,0,1,0.56,0,0,0,0,0,7,0.96,21.1,1.28,21.9,0.04,0,3.52,14.6,0.32,0.72,0.28,0.16
115,Ben Davies\Ben-Davies,DF,Tottenham,15,52.2,42.5,9.73,0.8,0.07,3.8,0.53,1.6,0.07,0.07,0,0,30.1,11.3,10.7,36.3,4.27,1.8,8.87,0,40.7,0.07,0.53,0.93,2
116,Tom Davies\Tom-Davies,MF,Everton,15.8,43.3,42.5,0.76,0.44,0.13,7.03,0.95,0.32,0,0,0,0,32.8,4.56,5.95,5.57,34.2,2.91,0.25,0.13,36.3,0.06,0.7,1.08,1.52
117,Keinan Davis\Keinan-Davis,FWMF,Aston Villa,3.1,25.5,25.2,0.32,0,0,12.6,0.32,1.94,0,0,0,0,17.7,4.52,3.23,18.1,1.94,0.32,0,0.97,18.7,0,0.32,0.65,1.61
118,Leif Davis\Leif-Davis,DF,Leeds United,0.4,47.5,47.5,0,0,0,2.5,2.5,0,0,0,0,0,37.5,7.5,2.5,45,0,2.5,0,0,40,0,0,2.5,0
119,Craig Dawson\Craig-Dawson,DF,West Ham,21.4,33.6,32.2,1.36,1.17,0,3.55,1.4,0,0,0,0,0,22.9,3.18,7.52,1.78,28.3,2.06,0.14,0.09,27.7,0.05,0.89,0.51,0.23
120,Kevin De Bruyne\Kevin-De-Bruyne,MF,Manchester City,22.2,63.3,57.1,6.22,1.89,0.95,7.21,2.88,2.93,3.92,1.08,1.44,0.41,46.4,6.31,10.6,7.07,54.1,1.31,0.27,0.18,48.1,0.45,1.26,2.16,3.15
121,Liam Delap\Liam-Delap,FW,Manchester City,0.4,17.5,7.5,10,0,0,0,0,0,0,0,0,0,17.5,0,0,0,17.5,0,0,0,12.5,0,0,0,0
122,Fabian Delph\Fabian-Delph,MFDF,Everton,3,78,74.7,3.33,0.67,0,7,1,1,0,0,0,0,61.7,6.33,10,48,26,1.33,2.67,0,68.7,0,1,0.67,1.33
123,Leander Dendoncker\Leander-Dendoncker,MFDF,Wolves,27.8,41.8,41,0.79,0.76,0,6.08,1.12,0.29,0.04,0,0.04,0,31,5.22,5.54,6.76,30.8,2.19,0,0.22,36.7,0,0.32,0.68,0.54
124,Mbaye Diagne\Mbaye-Diagne,FW,West Brom,13.2,17.4,16.7,0.68,0,0.08,6.67,0.45,0.38,0,0,0,0,8.64,4.47,4.32,1.74,10.2,1.67,0.08,0.68,12.3,0.08,0.61,0.38,0.38
125,Amad Diallo\Amad-Diallo,FW,Manchester Utd,1.8,35.6,34.4,1.11,0.56,0.56,7.78,0.56,0,0,0,0,0,32.2,1.67,1.67,30,5,0,0.56,0,30,0.56,0.56,1.67,0.56
126,Ibrahima Diallo\Ibrahima-Diallo,MF,Southampton,11.3,51.9,51,0.97,0.8,0.09,9.65,0.62,0.62,0,0,0,0,41.2,4.42,6.28,5.13,44.6,1.68,0.18,0,44.2,0.18,0.88,1.24,0.53
127,Grady Diangana\Grady-Diangana,MFFW,West Brom,13.7,25.6,24.8,0.8,0.15,0.15,5.11,0.22,1.09,0.29,0.15,0,0.07,18.5,3.72,3.43,20.5,3.14,0.58,0.15,0.36,18.7,0.15,0.22,0.66,1.46
128,Raphael Dias Belloli\Raphael-Dias-Belloli,MF,Leeds United,26.2,40.3,34.7,5.69,1.56,0.19,4.43,2.25,2.86,3.47,1.56,1.37,0.19,23.9,6.22,10.2,34.5,3.66,0.95,0.61,0.34,26.9,0.19,0.65,1.95,1.79
129,Rúben Dias\Ruben-Dias,DF,Manchester City,31.6,84.6,82.9,1.65,1.55,0.03,6.2,1.87,0.06,0,0,0,0,72.2,4.62,7.69,13.3,67.3,2.53,0.09,0.16,79.1,0.19,0.66,0.66,0.38
130,Eric Dier\Eric-Dier,DF,Tottenham,28,59.1,57.5,1.57,1.46,0,5.5,2.11,0.14,0,0,0,0,42.9,4.61,11.6,8.71,45.5,3.04,0.11,0.11,50,0.07,0.71,0.71,0.71
131,Lucas Digne\Lucas-Digne,DF,Everton,29.8,56.7,44.8,11.9,2.11,0,7.52,1.88,4.43,1.48,0.7,0.67,0.03,27.8,13,16,39.9,2.65,3.59,8.36,0.1,41.1,0.3,1.34,1.61,2.21
132,Virgil van Dijk\Virgil-van-Dijk,DF,Liverpool,4.1,80.2,79.5,0.73,0.73,0,7.8,4.15,0,0,0,0,0,62.2,4.15,13.9,15.9,59.3,2.44,0,0,72.2,0.24,0.49,0.49,0
133,Issa Diop\Issa-Diop,DF,West Ham,15.3,36.8,35.8,0.98,0.78,0.07,3.73,0.2,0.07,0,0,0,0,28.7,2.68,5.42,6.34,26.6,2.75,0.2,0,31,0.07,0.46,0.59,0.2
134,Moussa Djenepo\Moussa-Djenepo,MF,Southampton,13.8,29,27.7,1.3,0.22,0.07,4.2,0.29,0.72,0,0,0,0,21.4,3.91,3.7,7.46,18.3,1.16,1.01,0.51,21.4,0.07,0.43,0.94,2.17
135,Matt Doherty\Matt-Doherty,DF,Tottenham,13.8,59.9,49.4,10.4,0.72,0,6.59,0.8,1.74,0,0,0,0,34.5,14.5,10.9,3.12,41.4,3.33,9.71,0.29,48.3,0.14,0.65,1.45,1.67
136,Gabriel Dos Santos\Gabriel-Dos-Santos,DF,Arsenal,22.2,67.2,65.9,1.31,1.26,0,5.99,1.31,0.14,0,0,0,0,52.7,5.5,9.01,59.1,4.59,1.71,0.05,0.23,57.8,0.18,1.08,1.04,0.72
137,Abdoulaye Doucouré\Abdoulaye-Doucoure,MF,Everton,27.1,49.2,48.6,0.55,0.44,0.11,7.56,0.63,0.37,0.04,0,0,0,38.6,6.61,3.95,5.98,39.6,2.21,0.07,0.18,42.3,0.07,0.22,1.11,1.22
138,Martin Dúbravka\Martin-Dubravka,GK,Newcastle Utd,13,32.8,20.2,12.6,3.23,0,3,1.38,0,0,0,0,0,16.9,1.15,14.8,2.08,24.8,0.08,0.08,4.92,23.8,0,1.31,0.31,0
139,Paul Dummett\Paul-Dummett,DF,Newcastle Utd,13.9,38.5,34.4,4.1,0.94,0,4.46,0.36,0.65,0,0,0,0,23.7,4.46,10.3,31.4,1.65,1.44,3.09,0,29.6,0.43,0.86,1.08,0.72
140,Lewis Dunk\Lewis-Dunk,DF,Brighton,32.6,66,63.6,2.39,2.06,0.03,5,2.18,0.03,0,0,0,0,50,6.01,9.97,4.11,56.5,3.19,0.34,0.8,59.4,0.09,0.89,0.64,0.34
141,Jimmy Dunne\Jimmy-Dunne,DF,Burnley,3,48.7,48,0.67,0.67,0,7,1.33,0,0,0,0,0,28.7,6,14,15,24,5.67,0,0,34.7,0,1.33,0.33,0.33
142,Ederson\Ederson,GK,Manchester City,36,30.3,24.2,6.06,1.67,0.03,2.22,0.83,0,0,0,0,0,21.3,1.22,7.81,21.4,4.33,0.06,0,4.11,25.2,0.06,0.5,0.25,0.06
143,Kyle Edwards\Kyle-Edwards,MFFW,West Brom,1.3,26.9,26.9,0,0,0,3.85,0.77,0.77,0,0,0,0,21.5,3.08,2.31,0.77,24.6,1.54,0,0,23.1,0,0,0,1.54
144,John Egan\John-Egan,DF,Sheffield Utd,29.2,37.5,36.6,0.82,0.72,0.03,3.84,0.99,0.07,0,0,0,0,25.1,3.36,8.97,4.79,28.3,2.57,0.1,0.27,31.7,0.1,0.92,0.27,0.27
145,Anthony Elanga\Anthony-Elanga,FW,Manchester Utd,1.7,31.2,30.6,0.59,0,0,6.47,0.59,0.59,0,0,0,0,28.8,0.59,1.76,4.12,26.5,0,0,0,25.3,0,0.59,3.53,0.59
146,Ahmed Elmohamady\Ahmed-Elmohamady,DF,Aston Villa,9.3,63.9,50.8,13.1,1.83,0,7.85,1.61,3.44,0,0,0,0,30,17.4,16.5,0.75,45.9,4.09,11.3,0.32,49.9,0.11,0.97,1.51,0.97
147,Mohamed Elneny\Mohamed-Elneny,MF,Arsenal,17.2,58.3,57,1.28,1.16,0.06,6.92,1.4,0.17,0,0,0,0,48.6,4.83,4.88,3.78,51.7,2.27,0.12,0.29,54.5,0.17,0.47,0.23,0.52
148,Jonny Evans\Jonny-Evans,DF,Leicester City,27.5,64.1,62.7,1.49,1.35,0,7.31,1.16,0.07,0,0,0,0,46.7,5.64,11.8,22.9,35.8,3.53,0.15,0.11,56.1,0.07,1.02,1.09,0.25
149,Eberechi Eze\Eberechi-Eze,MF,Crystal Palace,28.4,40.8,36.5,4.26,1.3,0.07,6.73,1.09,0.92,2.22,0.63,0.85,0.28,31.5,3.59,5.7,5.7,33.8,0.6,0.18,0.04,32.3,0.28,0.42,1.2,1.13
150,Łukasz Fabiański\Lukasz-Fabianski,GK,West Ham,35,28.6,18.1,10.5,2.77,0,1.46,0.8,0,0,0,0,0,8.4,1.63,18.6,1.03,21.2,0.06,0,4.03,17.3,0.14,1.11,0.17,0.06
151,Fabinho\Fabinho,DFMF,Liverpool,28.5,71.9,70.2,1.68,1.47,0.11,6.6,1.3,0.07,0,0,0,0,58.3,5.12,8.46,4.98,63,2.04,0.21,0.28,65.5,0.04,0.49,0.6,0.28
152,Bruno Fernandes\Bruno-Fernandes,MF,Manchester Utd,34.4,66.4,60.4,5.99,1.66,0.58,10.1,3.63,2.65,1.74,0.55,0.7,0.23,43.6,8.08,14.7,4.77,58,1.74,1.05,0.55,49.5,0.49,1.28,2.06,2.88
153,Federico Fernández\Federico-Fernandez,DF,Newcastle Utd,23.1,36.2,33.2,3.03,1.34,0,2.73,1.39,0.43,0,0,0,0,24.2,4.24,7.84,1.56,29.5,2.6,1.69,0.22,29,0.17,0.74,0.65,0.65
154,Fernandinho\Fernandinho,MF,Manchester City,13.2,75.8,73.9,1.97,1.44,0.15,9.24,2.5,0.45,0.08,0,0.08,0,59.7,5.91,10.2,9.24,61.6,3.03,0.45,0.15,66.5,0.08,0.38,1.74,0.68
155,Sam Field\Sam-Field,MF,West Brom,0.7,32.9,32.9,0,0,0,7.14,0,0,0,0,0,0,17.1,0,15.7,22.9,0,8.57,0,0,21.4,0,0,1.43,0
156,Roberto Firmino\Roberto-Firmino,FW,Liverpool,31.5,41.5,40.2,1.33,0.1,0.25,9.11,0.29,1.02,0.06,0,0,0,32.4,5.97,3.17,5.14,33.8,1.24,0.48,0.38,33.1,0.06,0.16,2,1.56
157,John Fleck\John-Fleck,MF,Sheffield Utd,28.6,42.4,38.5,3.88,1.05,0.07,5.38,1.33,1.22,2.06,0.98,0.45,0.35,28.4,5.56,8.46,36.6,3.18,1.57,0.21,0.52,33.1,0.1,0.56,0.98,0.84
158,Phil Foden\Phil-Foden,FWMF,Manchester City,18,46.6,43.4,3.17,0.17,0,7.33,1.56,2,2.5,0.39,1.5,0.22,36.7,4.33,5.56,41.2,3.33,1.06,0.33,0.06,38.2,0.22,0.61,0.94,1.67
159,Wesley Fofana\Wesley-Fofana,DF,Leicester City,25.1,66.6,63.2,3.39,1.51,0.08,5.82,1.51,0.04,0,0,0,0,53.3,5.3,8.01,5.14,55.7,2.11,1.87,0.08,58.7,0.08,1.04,0.76,0.4
160,Pablo Fornals\Pablo-Fornals,FWMF,West Ham,28.6,38.5,37.7,0.84,0.14,0.07,7.2,0.63,1.15,0.07,0,0.03,0,28.2,4.9,5.42,3.71,31.8,1.5,0.17,0.56,29.8,0.24,0.49,1.29,1.43
161,Fraser Forster\Fraser-Forster,GK,Southampton,8,34.3,21.5,12.8,4.75,0,3.88,1,0,0,0,0,0,12.5,1.38,20.4,5.88,22.9,0,0,3.63,19.3,0.25,1.38,0.88,0.25
162,Timothy Fosu-Mensah\Timothy-Fosu-Mensah,DF,Manchester Utd,0.9,83.3,78.9,4.44,0,0,8.89,0,5.56,0,0,0,0,68.9,7.78,6.67,8.89,66.7,1.11,4.44,1.11,72.2,0,1.11,1.11,2.22
163,Tyrese Francois\Tyrese-Francois,DF,Fulham,0.2,75,65,10,0,0,10,0,0,0,0,0,0,65,5,5,60,5,0,10,0,70,0,0,0,5
164,Ryan Fraser\Ryan-Fraser,FWMF,Newcastle Utd,10.3,35.8,29.6,6.21,0.97,0.1,4.76,1.84,5.05,4.37,0.97,2.33,0.58,19.2,5.34,11.3,5.34,26.8,2.23,0.68,0.29,23.6,0.1,0.19,0.58,1.84
165,Fred\Fred,MF,Manchester Utd,26.6,66.3,64.1,2.22,1.92,0.23,9.1,2.14,0.26,0,0,0,0,53.5,6.73,6.02,46.3,18.5,0.79,0.26,0.15,58.5,0.11,0.79,1.65,1.54
166,Ryan Fredericks\Ryan-Fredericks,DFFW,West Ham,6.3,44.3,38.4,5.87,0.63,0,4.6,0.16,2.86,0,0,0,0,24.9,7.46,11.9,3.02,31.3,4.13,5.24,0,32.2,0,0.63,0.48,1.9
167,Christian Fuchs\Christian-Fuchs,DF,Leicester City,7.8,75.5,66.2,9.36,1.79,0.13,5.77,1.41,1.03,0,0,0,0,49.6,10.9,15,57.4,5,3.46,7.56,0.13,61.3,0,0.9,1.41,1.41
168,Darnell Furlong\Darnell-Furlong,DF,West Brom,32.6,36.1,26.8,9.33,0.52,0,5.55,0.95,2.24,0.03,0,0,0.03,12.1,8.62,15.4,0.98,20.6,2.79,8.77,0.06,21.5,0.21,1.32,0.74,1.44
169,Conor Gallagher\Conor-Gallagher,MF,West Brom,28.1,34,32.1,1.85,0.53,0,6.41,1,1.14,0.89,0.46,0.11,0.14,23.1,4.13,6.73,3.35,28,1.71,0.07,0.14,26.4,0.07,0.5,1.14,1
170,Eric García\Eric-Garcia,DF,Manchester City,4.3,80,78.4,1.63,0.93,0,3.72,0.7,0,0,0,0,0,70.5,4.88,4.65,7.67,68.8,1.86,0.7,0.23,74.9,0.23,0.7,0.7,0.47
171,Dwight Gayle\Dwight-Gayle,FWMF,Newcastle Utd,5.7,20,18.6,1.4,0,0,5.61,0.18,0.35,0,0,0,0,13,4.74,2.28,4.74,11.8,1.23,0.53,0.88,16,0,0.53,0.18,0.53
172,Jean-Philippe Gbamin\Jean-Philippe-Gbamin,MF,Everton,0.1,90,90,0,0,0,40,0,0,0,0,0,0,70,10,10,30,60,0,0,0,60,0,0,0,20
173,David de Gea\David-de-Gea,GK,Manchester Utd,25.5,23.3,15.1,8.2,1.45,0,1.25,0.59,0,0,0,0,0,13.9,0.98,8.39,1.45,18.2,0.08,0,3.14,18,0.12,0.39,0.24,0.04
174,Anwar El Ghazi\Anwar-El-Ghazi,FW,Aston Villa,17.9,34.2,31.8,2.4,0.45,0.11,8.1,1.23,3.41,1.17,0.56,0.39,0.22,21.2,6.09,6.98,6.26,23.6,1.68,0.78,0.34,24.1,0.11,0.45,1.28,2.01
175,Kieran Gibbs\Kieran-Gibbs,DF,West Brom,9,34.3,29.7,4.67,0.44,0,4.33,0.11,1.22,0.11,0,0.11,0,17.3,5.22,11.8,24.6,2.67,2.11,4.11,0.11,24.8,0.22,0.33,0.56,0.78
176,Morgan Gibbs-White\Morgan-Gibbs-White,FWMF,Wolves,4.6,51.1,49.1,1.96,0.87,0.22,11.1,1.09,1.74,0.22,0,0.22,0,36.5,8.04,6.52,1.96,46.5,1.74,0.43,0,41.3,0,0.87,2.83,0.87
177,Billy Gilmour\Billy-Gilmour,MF,Chelsea,2.9,74.1,73.1,1.03,1.03,0,12.8,1.72,1.03,0,0,0,0,61.7,5.17,7.24,3.79,68.6,1.03,0,0,66.2,0,0.34,1.38,0.69
178,Olivier Giroud\Olivier-Giroud,FW,Chelsea,8.3,26.1,25.4,0.72,0,0,6.14,0.12,0.36,0,0,0,0,16.3,6.02,3.86,17.2,3.86,2.05,0.24,1.33,19.4,0,0,1.57,0.84
179,Ben Godfrey\Ben-Godfrey,DF,Everton,29.8,43.7,39.8,3.93,0.47,0.03,5.23,0.54,0.23,0,0,0,0,32.4,5.17,6.11,3.19,34.1,1.98,3.42,0.13,37,0.03,0.81,0.74,1.07
180,André Gomes\Andre-Gomes,MF,Everton,17.4,51.8,50.9,0.86,0.52,0.11,6.03,2.41,0.98,0.17,0.11,0,0,38.4,5.92,7.47,15.4,34.7,0.63,0.11,0.06,43.1,0.29,1.15,1.67,1.03
181,Joe Gomez\Joe-Gomez,DF,Liverpool,6.6,80.8,79.7,1.06,1.06,0,9.85,4.39,0,0,0,0,0,61.7,4.7,14.4,5.76,67.6,4.7,0,0,72.9,0.15,1.21,0.15,0.3
182,Anthony Gordon\Anthony-Gordon,FWMF,Everton,1,26,24,2,1,0,4,0,1,0,0,0,0,23,2,1,2,22,0,1,0,22,0,1,0,1
183,Karlan Grant\Karlan-Grant,FWMF,West Brom,12.5,18.2,16.9,1.36,0,0.08,4,0.16,0.72,0.08,0,0,0,12.3,3.52,2.4,2.16,13.2,1.68,0.08,0.48,13.4,0.08,0.08,0.4,1.52
184,Demarai Gray\Demarai-Gray,FW,Leicester City,0.2,55,55,0,0,0,0,5,5,0,0,0,0,50,0,5,0,55,0,0,0,35,0,5,0,15
185,Jack Grealish\Jack-Grealish,FWMF,Aston Villa,24.3,45.3,40.2,5.02,1.73,0.16,9.18,1.19,2.43,1.85,0.82,0.33,0.12,33.2,5.97,6.13,3.09,39.5,0.66,0.99,0.16,35.6,0.16,0.7,1.48,1.73
186,Mason Greenwood\Mason-Greenwood,FW,Manchester Utd,20.2,36.2,35.9,0.35,0.1,0.1,7.08,1.49,1.49,0.2,0,0,0,29.6,2.87,3.81,27.6,8.02,0.35,0,0.05,30.1,0.15,0.15,1.09,1.14
187,Pascal Groß\Pascal-Gross,MFDF,Brighton,27.6,60.5,51.3,9.17,2.32,0.11,7.64,3.62,3.55,4.93,1.7,2.28,0.22,37.8,7.17,15.5,9.75,46.4,1.74,1.81,0.11,45.7,0.22,1.34,1.16,1.38
188,Kamil Grosicki\Kamil-Grosicki,FWMF,West Brom,1.6,30.6,29.4,1.25,0,0,4.38,0.63,1.88,1.25,0.63,0.63,0,21.3,1.88,7.5,5,25,0.63,0,0,20,0,1.25,1.88,0
189,Vicente Guaita\Vicente-Guaita,GK,Crystal Palace,37,29.2,17.8,11.4,2.89,0,2.03,0.43,0,0,0,0,0,8.51,1.05,19.6,1.78,21.1,0,0,3.97,16.2,0.08,0.68,0.14,0.05
190,İlkay Gündoğan\Ilkay-Gundogan,MF,Manchester City,22.5,75.9,73.5,2.36,1.2,0.18,8.53,1.51,0.84,0.89,0.18,0.27,0.04,63.3,6.49,6.04,22.4,51.5,1.16,0.13,0.27,69,0.22,0.53,1.11,0.71
191,Antwoine Hackford\Antwoine-Hackford,DFFW,Sheffield Utd,0.1,10,10,0,0,0,0,0,0,0,0,0,0,0,10,0,0,10,0,0,0,10,0,0,0,0
192,Sébastien Haller\Sebastien-Haller,FW,West Ham,10.4,24.2,23.3,0.96,0,0.1,9.04,0.87,0.38,0,0,0,0,13.3,5.58,5.38,3.27,15.2,1.35,0,0.29,16.4,0.1,0.48,0.58,0.87
193,Rekeem Harper\Rekeem-Harper,MF,West Brom,0.4,40,40,0,0,0,5,2.5,0,0,0,0,0,30,5,5,5,30,5,0,0,32.5,0,0,0,0
194,Jack Harrison\Jack-Harrison,MF,Leeds United,31.6,36.8,34.8,1.93,0.25,0.13,6.2,1.39,3.77,1.17,0.73,0.28,0,22.9,5.76,8.13,25.2,8.92,1.23,0.51,0.25,24.9,0.28,0.73,1.27,2.28
195,Kortney Hause\Kortney-Hause,DF,Aston Villa,7,30.9,29.3,1.57,1.57,0,4.71,1.29,0.29,0,0,0,0,18,3.43,9.43,21.3,3.71,3,0,0,24.1,0,0.71,0.43,0.43
196,Kai Havertz\Kai-Havertz,MFFW,Chelsea,16.9,45.3,44,1.24,0.12,0.06,10.3,0.47,0.95,0.06,0,0,0,37.9,4.56,2.78,32.7,9.94,1.12,0.47,0.18,39,0.12,0.47,1.01,1.72
197,Isaac Hayden\Isaac-Hayden,MFDF,Newcastle Utd,21.6,36.6,34,2.55,0.93,0.05,6.3,0.74,0.56,0,0,0,0,25.2,4.03,7.31,5.14,26.1,2.31,1.02,0.09,29.1,0.09,0.93,0.83,1.48
198,Michael Hector\Michael-Hector,DF,Fulham,2.9,60.3,56.9,3.45,3.1,0,4.48,0.69,0,0,0,0,0,37.6,7.59,15.2,6.9,50.7,1.38,0.34,0.34,47.9,0,1.38,0.34,1.38
199,Ahmed Hegazi\Ahmed-Hegazi,DF,West Brom,1,52,52,0,0,0,3,0,0,0,0,0,0,27,4,21,3,38,9,0,0,37,0,2,0,1
200,Dean Henderson\Dean-Henderson,GK,Manchester Utd,12.5,25.1,16.1,9.04,1.52,0,2.16,0.4,0,0,0,0,0,15.4,0.8,8.96,2,17.4,0,0,4.88,18.9,0,0.56,0.08,0.08
201,Jordan Henderson\Jordan-Henderson,MFDF,Liverpool,18.9,95.9,93.5,2.33,1.8,0.26,7.09,3.65,0.74,0.11,0,0.05,0,71,8.84,16.1,12,79.5,3.39,0.32,0.16,83.2,0.11,0.85,1.01,1.16
202,Jeff Hendrick\Jeff-Hendrick,MF,Newcastle Utd,15.8,33.7,32.8,0.89,0.76,0,4.87,0.38,0.32,0,0,0,0,24.5,4.3,4.94,3.8,27.3,1.58,0,0.32,27.2,0,0.19,0.82,1.65
203,Pablo Hernández\Pablo-Hernandez,MFFW,Leeds United,4.7,83.2,79.1,4.04,1.7,0.21,8.09,3.4,2.34,0.85,0.21,0.21,0.21,52.8,17.4,13,6.6,73.4,1.7,1.49,0,61.7,0.64,2.77,1.91,4.04
204,Son Heung-min\Son-Heung-min,FW,Tottenham,34.6,34.7,30.3,4.34,1.07,0.09,5.92,1.45,1.56,2.8,1.33,1.04,0.29,23.6,5.2,5.84,4.91,27.2,1.39,0.29,0.17,26.6,0.14,0.32,0.84,0.9
205,Ki-Jana Hoever\Ki-Jana-Hoever,DF,Wolves,6.4,54.8,46.9,7.97,0.16,0,5.78,0.94,2.34,0,0,0,0,34.4,12,8.44,4.06,40.8,1.72,7.81,0,40.6,0.16,1.72,1.25,3.13
206,Rob Holding\Rob-Holding,DF,Arsenal,28.4,62.3,60.7,1.55,1.16,0,4.44,2.11,0.11,0,0,0,0,49.5,4.23,8.56,6.94,51.4,2.32,0.39,0.21,55.6,0.07,1.2,0.56,0.32
207,Mason Holgate\Mason-Holgate,DF,Everton,25.4,47.2,41.3,5.91,1.14,0.04,4.76,1.61,1.06,0,0,0,0,30.1,5.47,11.7,6.85,32.5,2.28,4.76,0.08,37.2,0.08,1.22,1.3,0.75
208,Conor Hourihane\Conor-Hourihane,MF,Aston Villa,2.5,62,47.6,14.4,6.8,0,4.4,2.8,4.8,6,1.6,2,0.4,40.8,8,13.2,57.6,2,0.8,0.8,0,46.4,0.8,0.4,0.4,1.2
209,Callum Hudson-Odoi\Callum-Hudson-Odoi,FWDF,Chelsea,11.8,55.8,53.1,2.71,0.25,0.08,6.69,2.46,3.9,0.51,0.25,0.17,0,42.6,5.51,7.71,6.02,46.9,0.51,1.95,0.17,45.9,0.17,1.44,1.02,2.03
210,Niall Huggins\Niall-Huggins,DF,Leeds United,0.4,57.5,50,7.5,0,0,7.5,5,2.5,0,0,0,0,35,15,7.5,7.5,37.5,5,7.5,0,42.5,0,2.5,2.5,0
211,Pierre Højbjerg\Pierre-Hojbjerg,MF,Tottenham,38,70.7,68,2.68,2.45,0.08,6.42,1.79,0.29,0,0,0,0,56.6,6.29,7.79,9.24,57.7,2.53,0.24,0.21,62.9,0.16,0.95,1.16,0.32
212,Odion Ighalo\Odion-Ighalo,FW,Manchester Utd,0.1,10,10,0,0,0,0,0,0,0,0,0,0,10,0,0,0,10,0,0,0,10,0,0,0,0
213,Kelechi Iheanacho\Kelechi-Iheanacho,FW,Leicester City,16.2,30.9,29.5,1.42,0,0.12,7.47,0.49,0.74,0.06,0,0,0,24.1,4.44,2.41,28.1,1.67,0.68,0,0.12,24.7,0.19,0.31,1.54,1.23
214,Danny Ings\Danny-Ings,FW,Southampton,24.1,21.5,21.1,0.46,0,0.04,5.48,0.46,1,0,0,0,0,13.6,3.82,4.15,2.32,17.3,1.04,0.08,0.25,14.3,0.17,0.58,0.83,1.04
215,Branislav Ivanović\Branislav-Ivanovic,DF,West Brom,8.5,36.6,34.1,2.47,2.35,0,3.18,1.06,0,0,0,0,0,26.2,4.12,6.24,3.06,28.2,3.76,0.12,0,31.2,0,0.82,0.35,0.59
216,Alex Iwobi\Alex-Iwobi,FWDF,Everton,17.1,40.2,38.4,1.81,0,0.12,6.14,1.46,3.04,0,0,0,0,29.4,5.38,5.5,4.33,33.5,0.41,1.75,0.06,31,0.29,0.53,0.88,1.87
217,José Izquierdo\Jose-Izquierdo,DFMF,Brighton,0.1,90,70,20,0,0,10,0,10,0,0,0,0,60,20,10,0,70,0,20,0,80,0,0,0,0
218,Phil Jagielka\Phil-Jagielka,DF,Sheffield Utd,5.8,32.1,30,2.07,1.21,0,4.83,1.72,0.17,0,0,0,0,18.8,3.79,9.48,5,23.1,1.9,0.86,0,24.5,0,1.21,0.52,0.34
219,Alireza Jahanbakhsh\Alireza-Jahanbakhsh,FWMF,Brighton,5.9,44.9,43.1,1.86,0.34,0.68,7.12,1.36,4.75,0.34,0,0.34,0,31.9,5.93,7.12,3.39,38.3,1.19,0.68,0.85,33.2,0.17,0.51,1.02,2.54
220,Daniel James\Daniel-James,FW,Manchester Utd,10.1,30.1,29.8,0.3,0.1,0.1,5.84,0.3,1.78,0,0,0,0,24.7,3.17,2.28,3.37,25.4,0.59,0.2,0,23.5,0.1,0.59,0.4,1.78
221,Reece James\Reece-James,DF,Chelsea,26.4,75.3,66.1,9.13,0.98,0.04,7.39,2.42,3.79,1.25,0.53,0.49,0.08,51.4,13,10.9,7.42,58,2.12,6.89,0.23,63.9,0.27,0.83,1.1,1.86
222,Alexandre Jankewitz\Alexandre-Jankewitz,MF,Southampton,0,3,3,0,0,0,0,0,0,0,0,0,0,2,1,0,0,3,0,0,0,2,0,0,1,0
223,Daniel Jebbison\Daniel-Jebbison,FW,Sheffield Utd,3.2,10.6,10.3,0.31,0,0,2.19,0,0.31,0,0,0,0,6.88,1.56,2.19,0.94,8.13,0.63,0,0,7.5,0,0,0.31,0.31
224,Gabriel Jesus\Gabriel-Jesus,FW,Manchester City,22.9,32.9,31,1.92,0.26,0.04,6.59,0.39,0.44,0.22,0,0,0,26.9,3.71,2.27,4.93,26,0.61,0.22,0.79,27.9,0.04,0.35,0.96,0.96
225,Raúl Jiménez\Raul-Jimenez,FW,Wolves,9.1,28.9,28,0.88,0.11,0.22,8.35,1.1,0.33,0,0,0,0,18.7,6.59,3.63,2.31,22.6,1.43,0.11,1.21,22.7,0.22,0.66,0.22,0.99
226,Joelinton\Joelinton,FWMF,Newcastle Utd,22,26.8,26.3,0.55,0.05,0.14,10.5,0.27,0.64,0,0,0,0,18.2,5.14,3.45,4.77,17.4,1,0,0.64,19.8,0.05,0.68,0.82,1.41
227,Ben Johnson\Ben-Johnson,DF,West Ham,5.8,37.8,33.4,4.31,0.17,0,6.9,1.21,2.41,0,0,0,0,19.8,8.79,9.14,8.62,23.3,1.21,4.14,0,26.6,0,1.21,2.59,2.41
228,Sam Johnstone\Sam-Johnstone,GK,West Brom,37,34.6,21.5,13.2,5.19,0.03,1.76,1.65,0,0,0,0,0,7.49,1.27,25.9,1.38,25.5,0.03,0,4.57,17.3,0.19,1.84,0.32,0.19
229,Curtis Jones\Curtis-Jones,MF,Liverpool,13.1,74.5,73.7,0.84,0.08,0.15,7.63,0.92,0.53,0,0,0,0,64.7,4.12,5.73,9.54,60.9,2.6,0.46,0.38,67.9,0.15,0.08,1.3,0.84
230,Jorginho\Jorginho,MF,Chelsea,22.3,78,76.8,1.21,1.21,0.09,8.83,1.39,0.04,0,0,0,0,62.8,6.01,9.24,5.34,69.9,2.11,0,0.09,69.9,0.09,0.99,1.39,0.58
231,Willian José\Willian-Jose,FW,Wolves,12.3,24.9,23.6,1.3,0,0,7.32,0.98,0.57,0,0,0,0,16.7,4.23,3.98,2.2,19.5,0.98,0.08,0.98,20.2,0.08,0.24,0.73,0.65
232,Diogo Jota\Diogo-Jota,FW,Liverpool,12.4,36.4,36.1,0.24,0,0.08,7.98,0.48,1.29,0,0,0,0,26,5.48,4.92,11,23.5,0.89,0,0.32,26.4,0.24,0.65,1.77,2.02
233,James Justin\James-Justin,DF,Leicester City,23,54.3,46.4,7.87,0.52,0.04,5.52,0.78,2.09,0,0,0,0,33.3,10.9,10,10.3,32.8,2.78,7.35,0.22,43,0.22,0.87,1,1.91
234,Ozan Kabak\Ozan-Kabak,DF,Liverpool,8.9,62.2,60.9,1.35,1.24,0,7.87,2.02,0,0,0,0,0,50.7,5.39,6.18,8.43,50.2,1.57,0.11,0.11,56.4,0.22,1.24,0.34,0
235,Aboubakar Kamara\Aboubakar-Kamara,FWDF,Fulham,3.5,36.6,34.9,1.71,0.29,0.29,6.29,1.43,3.43,0,0,0,0,23.1,6,7.43,4.29,28.6,1.43,0.29,0.29,26.3,0.29,0.57,0.57,2.29
236,Harry Kane\Harry-Kane,FW,Tottenham,34.2,27.4,26,1.37,0.29,0.35,6.99,1.58,1.08,0,0,0,0,14.7,6.4,6.29,3.63,19.6,1.78,0.23,0.26,19.2,0.23,0.38,1.17,1.29
237,N'Golo Kanté\NGolo-Kante,MF,Chelsea,23.8,63.2,62.4,0.84,0.71,0.08,8.03,1.68,0.34,0,0,0,0,49.2,6.97,7.06,8.61,51.6,2.14,0.13,0.17,54.7,0.13,0.76,1.43,1.13
238,Moise Kean\Moise-Kean,FW,Everton,0.2,45,45,0,0,0,0,0,0,0,0,0,0,25,15,5,5,40,0,0,0,35,0,0,0,10
239,Michael Keane\Michael-Keane,DF,Everton,33.2,55.3,54,1.27,1.11,0.09,4.61,1.36,0,0,0,0,0,42.3,4.19,8.83,11.7,39.2,2.56,0,0.06,49.1,0.06,0.51,0.6,0.45
240,Neeskens Kebano\Neeskens-Kebano,FWMF,Fulham,1.3,32.3,30.8,1.54,1.54,0,6.92,0,3.08,0,0,0,0,23.8,4.62,3.85,8.46,23.1,0.77,0,0,25.4,0,0.77,0,0.77
241,Naby Keïta\Naby-Keita,MF,Liverpool,5.8,61.4,59.3,2.07,0.69,0.17,10.7,1.03,0.69,0,0,0,0,48.1,8.1,5.17,4.14,53.8,2.76,0.17,0,53.6,0.17,0.34,1.38,1.03
242,Caoimhín Kelleher\Caoimhin-Kelleher,GK,Liverpool,2,31,22.5,8.5,1.5,0,1.5,1.5,0,0,0,0,0,21.5,1.5,8,3.5,21.5,0,0,5,25.5,0,0,0,0
243,Martin Kelly\Martin-Kelly,DF,Crystal Palace,0,2,2,0,0,0,0,0,0,0,0,0,0,2,0,0,0,2,0,0,0,2,0,0,0,0
244,Jonjoe Kenny\Jonjoe-Kenny,DF,Everton,0.9,67.8,53.3,14.4,2.22,0,5.56,0,3.33,0,0,0,0,35.6,8.89,23.3,2.22,50,3.33,12.2,0,52.2,0,0,2.22,3.33
245,Reda Khadra\Reda-Khadra,FW,Brighton,0.1,10,10,0,0,0,0,0,0,0,0,0,0,10,0,0,0,10,0,0,0,0,0,0,0,10
246,Max Kilman\Max-Kilman,DF,Wolves,14.6,50.1,48.6,1.44,0.75,0.21,2.81,0.75,0,0,0,0,0,39.2,4.45,6.37,39.5,7.12,1.85,0.68,0.21,44.4,0.07,0.82,0.27,0.41
247,Joshua King\Joshua-King,MFFW,Everton,1.6,30,30,0,0,0,8.13,0.63,0.63,0,0,0,0,22.5,5.63,1.88,1.25,24.4,1.88,0,0.63,21.3,0,0,1.25,2.5
248,Mateusz Klich\Mateusz-Klich,MF,Leeds United,26.6,56.2,53.8,2.37,1.39,0.23,7.48,1.05,1.39,0.68,0.11,0.41,0.04,40,7.33,8.87,3.76,49.1,2.37,0.26,0.19,44.5,0.23,0.9,1.65,1.8
249,Robin Koch\Robin-Koch,DFMF,Leeds United,12.6,60.1,58.8,1.27,1.19,0.08,6.51,1.35,0.08,0,0,0,0,44.8,4.68,10.6,6.35,47.9,3.1,0.08,0.32,51.4,0.16,0.79,0.79,0.32
250,Sead Kolašinac\Sead-Kolasinac,DF,Arsenal,1,64,60,4,1,0,1,0,0,0,0,0,0,49,9,6,54,2,4,3,0,54,1,1,0,3
251,Terence Kongolo\Terence-Kongolo,DF,Fulham,1,39,39,0,0,0,2,0,1,0,0,0,0,31,4,4,32,2,4,0,0,37,0,0,0,0
252,Ezri Konsa\Ezri-Konsa,DF,Aston Villa,35.5,35,33.5,1.58,1.15,0.03,3.97,0.87,0.06,0,0,0,0,25.8,3.21,6.03,3.83,27.8,1.77,0.39,0.08,30.3,0.03,0.76,0.28,0.28
253,Cheikhou Kouyaté\Cheikhou-Kouyate,DF,Crystal Palace,34.7,35.1,33.4,1.64,1.53,0,4.41,0.37,0.12,0,0,0,0,22.6,4.41,8.07,2.65,28.4,2.1,0.09,0.29,27.6,0.06,0.61,0.4,0.61
254,Mateo Kovačić\Mateo-Kovacic,MF,Chelsea,20.2,86,84.7,1.34,1.19,0.25,7.92,2.62,0.3,0,0,0,0,73,5.79,7.23,3.37,81,0.89,0.1,0.15,78.2,0.15,0.79,1.34,0.89
255,Emil Krafth\Emil-Krafth,DF,Newcastle Utd,14.3,39,31,7.9,0.63,0,4.41,0.28,0.84,0,0,0,0,20.4,8.39,10.1,0.84,27.8,1.96,7.27,0.14,28.3,0.07,0.77,1.33,1.61
256,Filip Krovinović\Filip-Krovinovic,MF,West Brom,6.1,59.8,54.6,5.25,2.62,0,8.52,0.82,0.82,0.98,0.16,0.33,0.33,43.1,8.69,8.03,5.74,49,3.11,0.33,0.66,50.5,0.33,0.33,0.49,1.8
257,Alexandre Lacazette\Alexandre-Lacazette,FW,Arsenal,21.4,24.5,22.7,1.78,0.09,0.19,5.56,0.28,0.19,0,0,0,0,17.9,3.88,2.76,2.52,19.7,1.07,0,0.14,19.2,0.23,0.51,0.42,0.89
258,Adam Lallana\Adam-Lallana,MFFW,Brighton,17.7,52.9,51.5,1.36,0.62,0.23,8.59,0.68,0.96,0.17,0,0,0.06,39.9,7.34,5.59,16.3,33.5,1.81,0.28,0.45,44.8,0.23,0.51,1.07,0.9
259,Érik Lamela\Erik-Lamela,FWMF,Tottenham,8,46,42.1,3.88,1,0.25,10.4,1,1.13,2,1.5,0.13,0,33.8,6,6.25,42.3,2.5,0.63,0.13,0,36.1,0.13,0.25,1,2.13
260,Tariq Lamptey\Tariq-Lamptey,DF,Brighton,9.8,51,41.2,9.8,0.51,0,6.12,1.33,3.06,0,0,0,0,30.1,10.9,10,10.4,29.1,1.63,9.29,0.1,39.8,0,0.92,0.92,1.63
261,Manuel Lanzini\Manuel-Lanzini,MFFW,West Ham,6.3,58.4,57.3,1.11,0.63,0,4.76,0.79,0.32,0.16,0.16,0,0,48.1,5.08,5.24,5.4,51.1,1.59,0.16,0.16,51.9,0.16,0.79,0.95,0.79
262,Aymeric Laporte\Aymeric-Laporte,DF,Manchester City,14.9,84.6,82.5,2.15,1.61,0,6.38,1.74,0,0,0,0,0,73.6,4.3,6.71,63.2,16.8,2.01,0.54,0.4,77.9,0.07,1.01,0.67,0.74
263,Jamaal Lascelles\Jamaal-Lascelles,DF,Newcastle Utd,18.1,33.1,32.2,0.88,0.88,0.06,4.2,0.55,0.06,0,0,0,0,22,2.98,8.07,5.03,24.2,2.49,0,0.11,26.9,0.06,0.28,0.72,0.28
264,Maxime Le Marchand\Maxime-Le-Marchand,DF,Fulham,1.4,58.6,57.1,1.43,0.71,0,2.14,3.57,0,0,0,0,0,47.1,3.57,7.86,52.1,5,0,0.71,0,55.7,0,0,0,0
265,Mario Lemina\Mario-Lemina,MF,Fulham,18.9,45.5,44.6,0.95,0.79,0.05,4.44,1.27,0.26,0,0,0,0,35.7,3.92,5.93,6.61,36.2,1.85,0.11,0.11,38.8,0.05,0.9,1.01,0.42
266,Bernd Leno\Bernd-Leno,GK,Arsenal,34.8,33.2,24.7,8.51,2.01,0.03,2.44,0.6,0,0,0,0,0,22.3,0.92,10,3.71,23.9,0.06,0,4.77,26.5,0.03,0.86,0.09,0.03
267,Khanya Leshabela\Khanya-Leshabela,MF,Leicester City,0.1,90,90,0,0,0,10,0,0,0,0,0,0,70,0,20,0,90,0,0,0,70,0,0,10,10
268,Jamal Lewis\Jamal-Lewis,DF,Newcastle Utd,20.4,40.8,32.8,8.04,0.49,0,3.87,0.44,1.57,0,0,0,0,22.6,8.87,9.31,28.1,3.28,1.42,7.55,0.05,31.1,0.1,1.03,0.88,1.62
269,Victor Lindelöf\Victor-Lindelof,DF,Manchester Utd,28.7,62.7,60.9,1.81,1.32,0.07,5.51,0.66,0.03,0,0,0,0,52.2,4.53,6.03,9.44,49.1,2.2,0.49,0.28,57.1,0.03,0.52,0.73,0.56
270,Jesse Lingard\Jesse-Lingard,MFFW,West Ham,15.8,42.3,38.5,3.8,0.89,0.13,6.84,0.7,1.46,0.76,0.32,0.25,0,31.5,4.94,5.89,3.67,37.1,0.63,0.63,0.32,34.4,0.25,0.51,2.09,1.01
271,Jake Livermore\Jake-Livermore,MF,West Brom,13.8,27.6,27.3,0.29,0.14,0.07,4.42,0.29,0.29,0,0,0,0,18.2,3.26,6.16,2.1,22.8,1.67,0,0,20.5,0.07,0.43,0.58,0.72
272,Diego Llorente\Diego-Llorente,DF,Leeds United,13.4,49.6,47.9,1.72,1.72,0.15,4.93,1.34,0.15,0,0,0,0,39,4.1,6.49,10.1,37.6,1.19,0,0.07,42.4,0.07,0.45,1.42,0.9
273,Hugo Lloris\Hugo-Lloris,GK,Tottenham,38,28.1,18,10.1,3,0,1.37,0.45,0,0,0,0,0,13.8,1.37,12.9,16.7,5.11,0.03,0,4.16,20.1,0.03,0.32,0.29,0
274,Giovani Lo Celso\Giovani-Lo-Celso,MF,Tottenham,10.5,56.1,51,5.14,2.1,0.19,10.3,1.52,0.29,2.48,1.81,0.1,0.57,39.8,7.05,9.24,49.4,4.38,0.76,0.1,0.57,44.3,0.19,0.38,2.1,1.62
275,Ruben Loftus-Cheek\Ruben-Loftus-Cheek,MFFW,Fulham,21.2,33.8,33.2,0.61,0.19,0.05,6.6,0.33,0.61,0,0,0,0,26.9,3.54,3.35,3.49,26.8,1.56,0.14,0.19,28.1,0.09,0.57,0.75,1.13
276,Ruben Loftus-Cheek\Ruben-Loftus-Cheek,FW,Chelsea,0.7,22.9,22.9,0,0,0,4.29,0,0,0,0,0,0,17.1,2.86,2.86,0,20,1.43,0,0,15.7,0,0,0,2.86
277,Kevin Long\Kevin-Long,DF,Burnley,7.1,35.9,35.4,0.56,0.42,0,4.93,1.69,0.14,0,0,0,0,20.4,2.68,12.8,1.97,26.6,4.93,0.14,0,25.5,0,1.13,0.28,0.7
278,Shane Long\Shane-Long,FWMF,Southampton,2.3,25.7,24.8,0.87,0,0,9.13,0,0,0,0,0,0,11.3,7.39,6.96,0.43,14.3,4.35,0,0.87,16.5,0.43,0,0.43,2.17
279,Matthew Longstaff\Matthew-Longstaff,MF,Newcastle Utd,4.2,35.2,34.3,0.95,0.24,0,6.9,0.48,0.71,0.48,0.24,0.24,0,21.2,6.43,7.62,3.57,29.3,0.95,0.24,0,27.9,0.48,1.19,0.24,0.95
280,Sean Longstaff\Sean-Longstaff,MF,Newcastle Utd,15.7,36.4,33.7,2.74,0.96,0.06,5.86,2.74,0.45,1.27,0.51,0.38,0.25,23.7,5.29,7.45,7.01,26.3,2.1,0.19,0.13,28.8,0.13,0.83,1.21,0.7
281,Ademola Lookman\Ademola-Lookman,FWMF,Fulham,30.5,38.3,33.2,5.05,1.18,0.16,5.31,1.38,2.1,2.79,1.25,0.92,0.2,29.6,3.34,5.38,6.43,30.9,0.36,0.43,0.13,28.9,0.1,0.52,1.25,1.57
282,Max Lowe\Max-Lowe,DF,Sheffield Utd,6.1,36.6,31.6,4.92,0.33,0,5.08,1.15,2.79,0.33,0,0.33,0,22.1,6.72,7.7,27.7,2.46,1.48,4.26,0,23.8,0.33,0.82,1.97,2.13
283,Matthew Lowton\Matthew-Lowton,DF,Burnley,34,44.1,35.6,8.44,0.76,0.06,4.56,1.56,1.68,0,0,0,0,19.4,8.82,15.9,3.12,29.9,2.71,7.68,0.12,30.3,0.18,1.24,0.94,0.97
284,David Luiz\David-Luiz,DF,Arsenal,15.5,62.3,60.1,2.13,2,0.13,5.87,1.74,0.45,0,0,0,0,45.7,5.55,11,10.1,48.6,2.32,0.13,0.39,52.1,0.19,1.23,0.9,1.03
285,Douglas Luiz\Douglas-Luiz,MF,Aston Villa,30.9,46.3,43.7,2.65,2.36,0,7.09,1.65,0.42,0.03,0,0,0,31.2,6.02,9.13,4.66,37.1,3.01,0.03,0.49,39.3,0.16,0.68,0.94,0.94
286,John Lundstram\John-Lundstram,MF,Sheffield Utd,22.6,46.1,43.1,2.92,0.66,0.04,6.02,2.17,1.37,1.11,0.75,0.27,0.09,32.7,5.18,8.23,12.2,31.9,0.75,0.35,0.22,37.3,0.18,0.66,0.88,1.15
287,Alexis Mac Allister\Alexis-Mac-Allister,MFFW,Brighton,12.4,32.8,31.9,0.89,0.4,0.24,5.4,0.73,0.56,0.08,0,0,0,25.1,4.68,3.06,3.55,27.3,1.05,0,0.16,26,0.32,0.4,0.81,1.61
288,James Maddison\James-Maddison,MFFW,Leicester City,23.3,47.9,41.5,6.35,2.49,0.26,7.12,1.8,1.72,3.3,0.69,1.46,0.17,32.8,6.14,8.97,4.89,41.7,1.03,0,0.13,37,0.17,0.43,1.33,1.72
289,Harry Maguire\Harry-Maguire,DF,Manchester Utd,33.9,63.1,61.2,1.89,1.56,0.03,6.7,2.15,0.12,0,0,0,0,48,4.87,10.2,8.67,48.5,3.3,0.32,0.32,56.2,0.21,0.83,0.94,0.32
290,Riyad Mahrez\Riyad-Mahrez,FW,Manchester City,21.7,50,47,3.04,0.51,0.37,7.33,1.29,2.76,1.89,0.97,0,0.09,38.6,4.7,6.77,44.8,3.36,0.6,0.46,0.09,42.1,0.05,0.6,0.65,1.29
291,Ainsley Maitland-Niles\Ainsley-Maitland-Niles,MF,West Brom,13.7,29.3,28.2,1.17,0.07,0.15,5.77,0.51,0.88,0.15,0.07,0,0,20.5,4.53,4.31,3.87,22.2,2.26,0.22,0.29,22.4,0.07,0.51,1.39,1.31
292,Ainsley Maitland-Niles\Ainsley-Maitland-Niles,DF,Arsenal,5.4,53.3,46.9,6.48,0.74,0.19,5,1.67,0.74,0,0,0,0,37.6,9.44,6.3,9.26,36.3,1.3,5.74,0,41.9,0.19,1.3,1.48,1.67
293,Josh Maja\Josh-Maja,FWMF,Fulham,9,19.9,19.1,0.78,0,0,4.44,0.33,0,0,0,0,0,15.3,3,1.56,3.33,15.2,0.33,0.11,0.33,17.4,0,0.11,0.44,1
294,Sadio Mané\Sadio-Mane,FW,Liverpool,31.2,34.1,33.6,0.48,0.06,0.16,6.79,0.83,2.02,0.06,0,0,0,24.1,5.93,4.04,8.97,22.7,0.8,0.35,0.71,25.7,0.13,0.38,1.15,1.99
295,Javier Manquillo\Javier-Manquillo,DF,Newcastle Utd,9.2,43.5,34.1,9.35,0.76,0,5,0.98,2.17,0,0,0,0,23,9.78,10.7,2.07,29.8,1.63,8.59,0.22,32.2,0,0.76,0.76,1.85
296,Fernando Marçal\Fernando-Marcal,DF,Wolves,6.9,53.6,43.8,9.86,0.87,0.14,6.96,0.58,1.45,0,0,0,0,29.3,12.3,12,36.1,5.65,2.03,8.99,0,44.3,0.29,0.58,0.87,1.16
297,Solly March\Solly-March,DF,Brighton,18.6,52.4,41.9,10.5,1.13,0,6.67,2.53,3.82,2.1,0.75,1.02,0,26.9,9.52,16,39.4,3.17,1.67,7.26,0.22,36.6,0.27,0.7,1.08,2.69
298,Pablo Marí\Pablo-Mari,DF,Arsenal,10,59.2,58.5,0.7,0.4,0,4.5,1,0,0,0,0,0,48.9,3.6,6.7,48,7.1,2.3,0.3,0.1,53.7,0,0.8,0.7,0.2
299,Anthony Martial\Anthony-Martial,FW,Manchester Utd,16.4,29.8,29.1,0.67,0.12,0.18,6.34,0.18,0.73,0,0,0,0,25.5,2.62,1.59,3.9,24.4,0.67,0.06,0.18,24.6,0.12,0.49,1.16,1.28
300,Martinelli\Martinelli,FW,Arsenal,6.5,24.5,23.8,0.62,0,0,2.92,0.15,2.15,0,0,0,0,18.3,3.23,2.92,4.46,18,0.92,0.46,0,19.4,0.31,0.15,0.62,0.62
301,Emiliano Martínez\Emiliano-Martinez,GK,Aston Villa,38,34.1,24,10.1,3.42,0,3.34,1.29,0,0,0,0,0,13.5,1.42,19.2,3.47,22.9,0,0,4.29,22.3,0.18,1.29,0.16,0.08
302,Arthur Masuaku\Arthur-Masuaku,DFFW,West Ham,11.2,49.3,45.4,3.93,0,0,8.57,1.61,2.95,0,0,0,0,36.2,5.98,7.14,41.6,1.52,1.34,3.93,0.09,39.5,0.27,1.25,1.07,2.05
303,Juan Mata\Juan-Mata,FWMF,Manchester Utd,5.7,51.6,48.8,2.81,1.05,0.18,8.42,1.23,1.23,1.23,0,1.23,0,42.5,2.98,6.14,43,7.54,0.35,0,0.53,43.3,0.18,0.18,2.11,0.88
304,Jean-Philippe Mateta\Jean-Philippe-Mateta,FW,Crystal Palace,2.5,20.4,18.8,1.6,0,0,9.6,0,0.4,0,0,0,0,12.8,4.8,2.8,2.4,10.8,2.4,0,0.4,12.4,0.4,0.4,0.8,1.2
305,Nemanja Matić\Nemanja-Matic,MF,Manchester Utd,12.3,79.3,76.5,2.76,2.52,0.08,10.7,2.68,0.49,0,0,0,0,66.4,5.37,7.48,66.6,10.1,1.54,0.24,0,71.7,0.24,0.33,1.54,0.89
306,Joël Matip\Joel-Matip,DF,Liverpool,7.7,68.4,67.3,1.17,1.17,0.13,5.32,0.91,0,0,0,0,0,53.4,6.49,8.57,9.48,54,2.99,0,0,60.5,0,0.52,1.04,0.65
307,Neal Maupay\Neal-Maupay,FWMF,Brighton,27.9,23.5,21.5,2.04,0.22,0.07,6.02,0.5,0.39,0,0,0,0,17.8,3.12,2.58,4.41,16.7,0.72,0.25,0.61,18.2,0.04,0.36,1.22,0.86
308,James McArthur\James-McArthur,MF,Crystal Palace,16.3,47.2,44.6,2.58,1.04,0,8.59,0.92,0.43,0,0,0,0,32.1,6.2,8.9,12.1,30.9,2.45,0.49,0.18,38.5,0.18,0.92,1.41,1.35
309,Oliver McBurnie\Oliver-McBurnie,FW,Sheffield Utd,14.7,29,28.3,0.68,0.07,0.2,12.1,0.07,0.2,0,0,0,0,13.7,7.28,7.96,1.56,15.4,3.74,0,0.54,18.2,0.14,0.61,0.82,1.36
310,Alex McCarthy\Alex-McCarthy,GK,Southampton,30,35.6,26.6,9.03,3.33,0,4.57,1.13,0,0,0,0,0,16.8,1.2,17.7,5.1,24.7,0.1,0,4.2,22.9,0.27,1.07,0.23,0.07
311,James McCarthy\James-McCarthy,MF,Crystal Palace,9.1,36.2,34.6,1.54,0.88,0,5.71,1.65,0.55,0.66,0.44,0.11,0.11,20.7,5.38,10.1,9.78,23.5,1.98,0,0.11,27.9,0,0.88,0.77,1.32
312,John McGinn\John-McGinn,MF,Aston Villa,37,37.8,35.8,1.95,1,0.22,6.81,2.32,0.81,0.27,0.05,0.14,0,24.4,4.46,8.97,28.9,6.76,1.24,0.16,0.05,29.2,0.38,0.73,1.46,0.89
313,David McGoldrick\David-McGoldrick,FWMF,Sheffield Utd,26.6,35.3,34.2,1.17,0.11,0.04,8.27,0.75,0.9,0,0,0,0,25.3,4.92,5.11,3.31,27,1.58,0.49,0.19,26.3,0.15,0.56,0.94,1.2
314,Dwight McNeil\Dwight-McNeil,MF,Burnley,34.1,39.2,34.3,4.87,2.17,0.15,7.3,3.2,3.34,2.17,1.88,0.15,0.06,24,4.16,11,35.5,1.61,1,0.53,0.06,27,0.23,1,0.79,1.99
315,Scott McTominay\Scott-McTominay,MF,Manchester Utd,23.7,53.6,51.8,1.77,1.35,0,7.13,1.86,0.38,0.08,0.08,0,0,43.8,3.63,6.2,4.43,45.5,2.15,0.34,0.13,46.8,0.04,0.59,0.93,1.01
316,Ben Mee\Ben-Mee,DF,Burnley,29.9,34.9,33.6,1.27,1.14,0,5.89,0.97,0.03,0,0,0,0,18.7,4.18,12.1,25.4,3.71,3.44,0.13,0.17,26.2,0.07,0.8,0.47,0.37
317,Hannibal Mejbri\Hannibal-Mejbri,MF,Manchester Utd,0.1,30,30,0,0,0,10,0,0,0,0,0,0,30,0,0,0,30,0,0,0,30,0,0,0,0
318,Benjamin Mendy\Benjamin-Mendy,DF,Manchester City,10.6,61.4,53,8.4,0.38,0,3.77,1.04,2.45,0.19,0,0.19,0,40.7,11,9.72,47.7,2.45,2.55,7.83,0,50.2,0.09,0.94,0.75,2.08
319,Edouard Mendy\Edouard-Mendy,GK,Chelsea,30.5,33,26,7.05,1.11,0,2.3,0.85,0,0,0,0,0,23,1.21,8.79,2.26,26.2,0.03,0,4.1,27.9,0.1,0.62,0.13,0.03
320,Nampalys Mendy\Nampalys-Mendy,MF,Leicester City,16.2,59.6,58.8,0.8,0.74,0.06,6.23,0.68,0,0,0,0,0,49.9,5.37,4.26,6.54,51.2,1.11,0.06,0,54.4,0.06,0.43,0.68,0.37
321,Illan Meslier\Illan-Meslier,GK,Leeds United,35,38.5,28.6,9.89,2.29,0.03,3.11,0.83,0,0,0,0,0,23.9,2.14,12.5,25.4,4.97,0,0,7.69,31.1,0.09,1.17,0.37,0
322,Luka Milivojević\Luka-Milivojevic,MF,Crystal Palace,26.2,48.4,44.7,3.78,2.56,0.04,5.65,1.53,0.57,0.88,0.42,0.38,0,32.9,5.31,10.2,7.4,37.3,2.48,0.15,0.08,39.3,0.19,0.61,1.22,1.03
323,James Milner\James-Milner,MFDF,Liverpool,11.9,76.8,71.2,5.63,1.09,0.25,9.5,1.68,1.43,1.09,0.42,0.5,0,55.5,10.5,10.8,6.22,64,1.6,3.19,0.17,65.2,0.17,1.01,1.6,2.35
324,Yerry Mina\Yerry-Mina,DF,Everton,21.5,57.1,55.7,1.35,1.16,0,4.7,1.21,0,0,0,0,0,46.9,3.95,6.23,8.56,45.1,2,0.09,0,51.9,0,0.47,0.42,0.42
325,Takumi Minamino\Takumi-Minamino,MFFW,Liverpool,3.3,42.1,40.9,1.21,0,0,6.97,0.3,0.91,0.3,0,0,0,28.8,6.97,6.36,6.06,33.6,1.21,0.3,0,33.6,0,0.91,0.91,1.21
326,Takumi Minamino\Takumi-Minamino,MFFW,Southampton,7.9,32.5,32.3,0.25,0.13,0.13,6.33,0.25,0.89,0,0,0,0,23.9,5.06,3.54,8.48,22,1.39,0,0.13,23.5,0.13,1.39,1.39,1.77
327,Tyrone Mings\Tyrone-Mings,DF,Aston Villa,35.5,44.6,43.1,1.58,1.44,0,5.3,1.55,0.06,0,0,0,0,29.1,3.86,11.7,35,5.63,2.68,0.11,0.06,35.5,0.2,1.15,0.65,0.45
328,Tyrick Mitchell\Tyrick-Mitchell,DF,Crystal Palace,19,41,30.8,10.2,0.42,0,6.37,0.32,1.16,0,0,0,0,21.9,7.84,11.3,28.7,1.37,0.79,9.74,0,28.8,0.11,0.58,2,2.68
329,Aleksandar Mitrović\Aleksandar-Mitrovic,FW,Fulham,15.6,24.6,23,1.6,0.06,0.06,8.01,0.19,0.51,0.06,0,0,0,14.2,5.77,4.68,3.08,15.6,1.73,0.19,1.54,18.7,0.13,0.13,0.58,0.58
330,Jakub Moder\Jakub-Moder,DFMF,Brighton,7.2,37.2,36.1,1.11,0,0,7.22,0.97,1.81,0,0,0,0,27.5,5.14,4.58,8.47,26,0.97,1.11,0,27.8,0,0.56,1.67,2.36
331,Jayson Molumby\Jayson-Molumby,MF,Brighton,0,1,1,0,0,0,0,0,0,0,0,0,0,0,0,1,1,0,0,0,0,0,0,0,0,0
332,Wesley Moraes\Wesley-Moraes,MFFW,Aston Villa,0.2,20,20,0,0,0,5,0,0,0,0,0,0,10,10,0,0,20,0,0,0,20,0,0,0,0
333,Wes Morgan\Wes-Morgan,DF,Leicester City,0.2,25,25,0,0,0,0,0,0,0,0,0,0,10,0,15,5,15,5,0,0,25,0,0,0,0
334,Mason Mount\Mason-Mount,MFFW,Chelsea,32.1,58.6,52.5,6.11,1.03,0.25,7.04,2.74,2.02,3.86,1.09,1.93,0.22,44.5,5.92,8.13,6.57,49.6,1.21,0.44,0.22,48.2,0.34,0.53,1.37,2.12
335,Lucas Moura\Lucas-Moura,FWMF,Tottenham,15.7,38.2,36.4,1.78,0.57,0.06,7.83,0.57,0.7,0.64,0.38,0.19,0,26.2,6.37,5.61,3.5,31,1.85,0.32,0.19,28.5,0.06,0.57,1.53,1.85
336,Lys Mousset\Lys-Mousset,FWMF,Sheffield Utd,3.3,15.2,11.8,3.33,0.3,0,1.52,0.61,0,0,0,0,0,12.1,2.12,0.91,1.82,12.4,0.61,0,0.3,12.1,0,0.3,0.61,0
337,João Moutinho\Joao-Moutinho,MF,Wolves,28.1,64.7,57.4,7.3,3.52,0.14,9.54,2.7,1.53,3.63,0.89,1.46,0.04,42.7,9.36,12.6,3.7,57.6,2.46,0.11,0.14,54.8,0.18,0.82,1.21,1
338,Joel Mumbongo\Joel-Mumbongo,FW,Burnley,0.4,15,15,0,0,0,7.5,0,0,0,0,0,0,12.5,2.5,0,2.5,12.5,0,0,0,12.5,0,0,0,2.5
339,Jacob Murphy\Jacob-Murphy,DFMF,Newcastle Utd,18.1,33.6,27.1,6.46,0.83,0.11,6.69,0.61,2.1,0.11,0,0.06,0,17.1,8.56,7.96,4.03,22.7,1.1,5.47,0.22,23,0.17,0.77,1.16,1.55
340,Shkodran Mustafi\Shkodran-Mustafi,DF,Arsenal,0.5,96,94,2,0,0,4,6,0,0,0,0,0,74,10,12,2,88,0,2,0,82,0,2,2,0
341,Marvelous Nakamba\Marvelous-Nakamba,MF,Aston Villa,8.3,32.9,32.4,0.48,0.48,0,6.75,0.48,0.12,0,0,0,0,26.1,2.89,3.86,27.6,3.86,1.08,0,0.12,28.2,0,0.36,0.36,0.12
342,Iliman Ndiaye\Iliman-Ndiaye,MF,Sheffield Utd,0.1,30,30,0,0,0,0,0,0,0,0,0,0,30,0,0,0,30,0,0,0,30,0,0,0,0
343,Wilfred Ndidi\Wilfred-Ndidi,MFDF,Leicester City,24.2,56.3,55.6,0.7,0.66,0.12,7.11,1.16,0.12,0,0,0,0,44,5.5,6.82,7.11,45.1,2.73,0.04,0.12,49.6,0.12,0.58,1.2,0.62
344,Tanguy Ndombele\Tanguy-Ndombele,MF,Tottenham,23.2,50.2,48.6,1.59,0.73,0.34,7.11,0.69,0.34,0,0,0,0,41.8,5,3.41,4.31,43.4,1.59,0.17,0.22,42.8,0.13,0.3,1.34,1.03
345,Reiss Nelson\Reiss-Nelson,FW,Arsenal,0.8,37.5,28.8,8.75,2.5,0,6.25,1.25,5,5,1.25,3.75,0,16.3,8.75,12.5,5,31.3,0,1.25,0,21.3,0,0,0,3.75
346,Pedro Neto\Pedro-Neto,FWMF,Wolves,28.3,42.8,37.6,5.23,1.38,0.14,6.71,2.01,4.49,2.76,1.06,0.57,0.14,29.2,5.8,7.84,34,6.75,0.92,0.11,0.57,33.7,0,0.85,0.39,1.52
347,Rúben Neves\Ruben-Neves,MF,Wolves,29.7,65.2,63.3,1.92,1.78,0.2,8.22,4.28,0.57,0,0,0,0,43.7,9.93,11.5,4.78,57.1,2.09,0.1,0.27,55,0.07,1.08,1.52,0.98
348,Eddie Nketiah\Eddie-Nketiah,FW,Arsenal,4.7,18.9,17.4,1.49,0,0.43,4.68,0.21,0.85,0,0,0,0,14.9,3.62,0.43,2.34,15.1,0.21,0,0.64,15.5,0,0.21,0.85,0.64
349,Niels Nkounkou\Niels-Nkounkou,DFFW,Everton,0.9,37.8,33.3,4.44,0,0,3.33,2.22,2.22,0,0,0,0,23.3,4.44,10,31.1,1.11,1.11,4.44,0,30,0,1.11,0,1.11
350,Dan Nlundulu\Dan-Nlundulu,FW,Southampton,1.2,27.5,27.5,0,0,0,10,0,0,0,0,0,0,14.2,6.67,6.67,3.33,15.8,4.17,0,0,18.3,0,0,0,1.67
351,Mark Noble\Mark-Noble,MF,West Ham,7.9,54.3,50.3,4.05,2.03,0.25,6.84,2.53,0.51,0.63,0.25,0.13,0.13,38.5,6.71,9.11,2.66,48.9,1.39,0.51,0.13,47.3,0.13,0.25,1.52,0.89
352,Will Norris\Will-Norris,GK,Burnley,2,28,15.5,12.5,3,0,2,1,0,0,0,0,0,3,0,25,14.5,10.5,0,0,0.5,13.5,0,1.5,0,0
353,Oliver Norwood\Oliver-Norwood,MF,Sheffield Utd,24.7,60,54.7,5.34,2.63,0.04,7.04,4.57,1.62,2.59,1.21,0.61,0.45,38.5,6.11,15.4,2.87,54.1,2.23,0.08,0.16,47.8,0.4,0.97,1.42,0.49
354,Jack O'Connell\Jack-OConnell,DF,Sheffield Utd,2,38.5,37.5,1,0.5,0,5,0.5,0.5,0,0,0,0,23,2.5,13,31.5,1,4,0.5,0,30,0,0.5,0,0.5
355,Dara O'Shea\Dara-OShea,DF,West Brom,23.4,36.6,31.5,5.09,1.11,0,4.66,1.5,0.34,0.04,0,0,0,15.5,5.04,16.1,2.35,24.7,3.76,3.93,0.17,24.2,0.21,1.32,0.56,0.9
356,Michael Obafemi\Michael-Obafemi,FW,Southampton,0.7,21.4,20,1.43,0,0,7.14,0,1.43,0,0,0,0,12.9,7.14,1.43,1.43,15.7,2.86,0,1.43,18.6,0,0,0,0
357,Denis Odoi\Denis-Odoi,DF,Fulham,3,61.7,55,6.67,1.67,0,5.33,0.33,1.33,0,0,0,0,42.7,8.33,10.7,3.67,48.7,3.33,5,0,51,0.33,1.67,0,2
358,Angelo Ogbonna\Angelo-Ogbonna,DF,West Ham,27.7,34.7,34.2,0.51,0.43,0,3.03,0.51,0.11,0,0,0,0,25.5,2.96,6.17,20.8,10.5,2.13,0.07,0.22,29.2,0,0.4,0.47,0.36
359,Robin Olsen\Robin-Olsen,GK,Everton,7,28.4,18,10.4,3.14,0,3.29,0.57,0,0,0,0,0,12.3,1.43,14.7,1.86,22.4,0,0,3,20.3,0.14,0.29,0.57,0
360,Josh Onomah\Josh-Onomah,MF,Fulham,4.2,39.5,39.3,0.24,0,0,10.7,0,0.24,0,0,0,0,32.6,4.52,2.38,7.62,30.2,0.95,0,0,35.5,0,0.24,0.48,0.24
361,Divock Origi\Divock-Origi,FW,Liverpool,2.1,28.6,28.1,0.48,0,0,2.86,0,1.43,0,0,0,0,23.8,2.38,2.38,2.38,23.8,0.95,0.48,0,21.9,0.48,0.48,0.48,1.9
362,Ben Osborn\Ben-Osborn,MFDF,Sheffield Utd,17.8,47.2,43.3,3.88,0.51,0.06,7.92,1.07,2.58,0.73,0.45,0.17,0,31.3,7.58,8.26,34.9,7.36,1.4,2.58,0.28,37.2,0.11,0.51,0.73,1.74
363,Owen Otasowie\Owen-Otasowie,MFFW,Wolves,2.1,30.5,30,0.48,0.48,0,8.57,0.95,0,0,0,0,0,21.4,4.76,4.29,3.81,22.4,0.95,0,0,21.4,0,0.48,3.33,0.95
364,Alex Oxlade-Chamberlain\Alex-Oxlade-Chamberlain,FWMF,Liverpool,2.8,49.3,48.6,0.71,0,0.36,5,2.14,0.36,0,0,0,0,32.1,7.14,10,2.14,42.5,3.57,0.36,0,37.1,0.36,1.07,0.71,3.21
365,Emerson Palmieri\Emerson-Palmieri,DF,Chelsea,1,63,52,11,0,0,6,1,1,1,0,1,0,31,18,14,43,4,5,10,0,51,0,1,0,4
366,Thomas Partey\Thomas-Partey,MF,Arsenal,17,65.4,63.7,1.71,1.65,0.12,9.24,1.82,0.12,0,0,0,0,50.3,6.35,8.76,3.71,59,1.53,0.06,0.29,56.8,0.24,1.18,1.53,0.76
367,Rui Patrício\Rui-Patricio,GK,Wolves,37,21.6,12.3,9.35,2.19,0,1,0.54,0,0,0,0,0,8.35,1.05,12.2,12.4,3.89,0,0,3.54,14.5,0.05,0.51,0.24,0.05
368,Bailey Peacock-Farrell\Bailey-Peacock-Farrell,GK,Burnley,4,28.3,15.3,13,5.75,0,2,1,0,0,0,0,0,4,1,23.3,20.3,4.75,0,0,1.25,14.5,0.5,0.5,0,0.25
369,Lee Peltier\Lee-Peltier,DF,West Brom,2.5,30.4,25.2,5.2,0.4,0,4.8,0.4,0.8,0,0,0,0,14.4,7.2,8.8,2.8,21.2,0.4,4.8,0,19.2,0,2.4,0.8,1.6
370,Nicolas Pépé\Nicolas-Pepe,FW,Arsenal,18,37.4,35.5,1.94,0.56,0.06,8,0.61,1.94,1.11,0.44,0.39,0.06,29.4,4.17,3.89,31.2,2.78,1.11,0.28,0.44,28.3,0.11,0.61,1.61,2
371,Matheus Pereira\Matheus-Pereira,MFFW,West Brom,28.6,37.3,30.9,6.36,2.73,0.38,5.7,2.03,2.03,2.94,1.5,0.52,0.24,24.4,4.48,8.39,31.2,4.37,1.05,0.17,0.1,26.7,0.21,0.52,1.4,1.64
372,Ricardo Pereira\Ricardo-Pereira,DF,Leicester City,10.7,49.1,42.5,6.54,0.09,0.09,6.82,0.37,1.4,0,0,0,0,30.6,9.53,8.97,7.38,32.6,1.96,6.45,0.19,38.4,0.19,0.47,1.5,1.78
373,Ayoze Pérez\Ayoze-Perez,MFFW,Leicester City,14.8,33.7,32.2,1.49,0.27,0.14,8.31,0.41,1.22,0.27,0.14,0.14,0,25.1,4.59,3.99,2.91,29.1,0.74,0.07,0.41,25.8,0.27,0.34,1.15,1.49
374,Kalvin Phillips\Kalvin-Phillips,MF,Leeds United,27,54.1,49.4,4.7,2.44,0.15,5.07,3.96,0.93,2.07,1,0.78,0.04,35.5,6.15,12.4,5.44,45.1,2.33,0.19,0.19,44.8,0.22,0.85,0.63,1.04
375,Matt Phillips\Matt-Phillips,MFFW,West Brom,20.3,27.9,26.2,1.72,0.49,0,4.73,0.94,2.56,0.79,0.34,0.3,0.1,17.7,3.69,6.5,3.15,21.9,1.72,0.44,0.25,19.4,0.05,0.59,0.94,1.38
376,Nathaniel Phillips\Nathaniel-Phillips,DF,Liverpool,16.2,65.3,63.7,1.6,1.11,0.06,7.59,1.54,0.12,0,0,0,0,47,6.48,11.9,5.8,52.4,3.64,0.49,0.37,57,0.06,0.99,0.86,0.56
377,Jaden Philogene Bidace\Jaden-Philogene-Bidace,FW,Aston Villa,0,4,4,0,0,0,0,0,0,0,0,0,0,4,0,0,0,4,0,0,0,2,0,0,2,0
378,Jordan Pickford\Jordan-Pickford,GK,Everton,30.5,37.8,27.7,10.1,3.31,0.07,2.56,1.15,0,0,0,0,0,15.1,1.67,21,26,4.98,0,0,4.43,25,0.16,1.67,0.43,0.1
379,Erik Pieters\Erik-Pieters,DFMF,Burnley,14.1,41.1,32.6,8.58,0.28,0.07,5.74,0.99,1.06,0.43,0.43,0,0,20.6,9.65,10.9,26.8,2.55,2.91,7.87,0.07,30.8,0.14,1.21,0.5,1.06
380,Daniel Podence\Daniel-Podence,MFFW,Wolves,18.5,34.4,33,1.35,0,0.22,6,1.41,1.51,0.32,0.05,0.05,0.11,22.6,5.78,6,4.76,27.9,0.76,0.38,0.32,25.8,0.05,0.54,1.46,1.24
381,Paul Pogba\Paul-Pogba,MFFW,Manchester Utd,21.1,63.6,62.2,1.42,1.23,0.28,12.4,3.6,1.14,0,0,0,0,47.7,6.3,9.62,8.72,51.4,1.47,0.19,0.19,52.7,0.38,0.71,1.71,1.33
382,Nick Pope\Nick-Pope,GK,Burnley,32,30.6,18.7,11.9,4.06,0.03,1.63,0.69,0,0,0,0,0,5.63,1.47,23.5,1.38,21.6,0,0,4,15.5,0.38,0.97,0.19,0.06
383,Dennis Praet\Dennis-Praet,MFFW,Leicester City,8,39.1,38.5,0.63,0,0,7,1.13,2.25,0,0,0,0,26.9,6.75,5.5,2.75,33.6,2,0.13,0,31,0.13,0.5,1,0.75
384,Davy Pröpper\Davy-Propper,MF,Brighton,2.4,40,40,0,0,0,5,0.42,0.83,0,0,0,0,27.9,7.08,5,1.67,35.8,1.67,0,0,30.4,0,0.42,1.67,1.25
385,Christian Pulisic\Christian-Pulisic,FWMF,Chelsea,19.3,35.8,35,0.78,0.16,0.1,7.82,0.52,1.61,0.16,0,0.1,0.05,27.7,3.73,4.35,5.18,27.9,1.35,0.41,0.16,28.6,0,0.78,0.73,1.19
386,Aaron Ramsdale\Aaron-Ramsdale,GK,Sheffield Utd,38,30,19.1,10.9,3.5,0,1.55,1.16,0,0,0,0,0,6.82,0.92,22.3,1.5,21.8,0,0,3.29,14.7,0.13,1.24,0.13,0.16
387,Jacob Ramsey\Jacob-Ramsey,MF,Aston Villa,7,31.4,31.3,0.14,0,0,6.86,0.71,1,0,0,0,0,23.3,4.29,3.86,4,24.7,1.86,0.14,0.14,26.9,0,0.57,0.57,0.86
388,Kayne Ramsey\Kayne-Ramsey,DF,Southampton,1,26,23,3,0,0,6,0,0,0,0,0,0,14,5,7,4,16,3,3,0,18,1,0,0,2
389,Darren Randolph\Darren-Randolph,GK,West Ham,3,22,11,11,3.67,0,0.67,0.33,0,0,0,0,0,6.33,0.67,15,0.67,17.3,0,0,1.67,12,0,0.33,0,0
390,Marcus Rashford\Marcus-Rashford,FW,Manchester Utd,32.4,38.1,37.2,0.86,0.12,0.09,5.99,0.9,1.33,0.03,0,0,0.03,30.7,3.86,3.49,2.84,33.1,0.8,0.56,0.22,30.7,0.09,0.56,1.57,1.39
391,Tim Ream\Tim-Ream,DF,Fulham,7,62,61.7,0.29,0.29,0,4,1.86,0,0,0,0,0,50.4,4.86,6.71,46.4,12,2,0,0.71,56.6,0,1.43,0.43,0.57
392,Nathan Redmond\Nathan-Redmond,MFFW,Southampton,19.3,38.5,36.2,2.28,0.05,0.16,8.45,0.47,1.76,0.05,0,0,0,27.7,5.8,5.03,2.38,32.5,1.09,1.61,0.41,29.2,0.16,0.36,1.97,1.45
393,Harrison Reed\Harrison-Reed,MF,Fulham,25,58.4,54.9,3.48,2.4,0,7.08,1.36,0.52,0.48,0.12,0.24,0,43.4,6.32,8.64,6.32,47.6,3.12,0.44,0.16,50.5,0.08,0.64,0.88,0.92
394,Sergio Reguilón\Sergio-Reguilon,DF,Tottenham,24.9,55.9,47.6,8.35,0.8,0,5.74,1.08,2.37,0.04,0.04,0,0,35.4,9.64,10.9,43.2,3.25,1.33,7.51,0.04,43.2,0.16,0.6,1.81,1.93
395,Bobby Reid\Bobby-Reid,MFDF,Fulham,26.4,31.3,29.2,2.05,0.19,0.08,4.73,0.83,1.33,0.11,0.04,0.04,0.04,20.3,5.45,5.57,2.77,25.8,0.8,1.14,0.11,23.2,0.11,0.57,0.98,1.21
396,Declan Rice\Declan-Rice,MF,West Ham,32,47.1,46.4,0.69,0.59,0.13,6.94,1.81,0.91,0,0,0,0,36.8,4.19,6.09,6.34,37.6,2,0.06,0,40.6,0.09,0.59,0.72,0.63
397,Lewis Richardson\Lewis-Richardson,FWMF,Burnley,0,1,1,0,0,0,0,0,0,0,0,0,0,0,1,0,0,0,1,0,0,0,0,0,0,0
398,Richarlison\Richarlison,FW,Everton,31.8,24.3,23.7,0.57,0.13,0.13,6.57,0.19,0.72,0.03,0.03,0,0,18.6,3.27,2.39,4.75,17.8,0.88,0,0.13,16.8,0.06,0.41,1.29,2.08
399,Jaïro Riedewald\Jairo-Riedewald,MF,Crystal Palace,20.2,31.1,30.5,0.54,0.35,0,4.75,0.35,0.25,0,0,0,0,23.7,3.71,3.71,24.9,4.06,1.53,0.1,0.15,26.4,0.1,0.4,0.89,0.3
400,Matt Ritchie\Matt-Ritchie,DFMF,Newcastle Utd,15,40.5,31.5,8.93,2.13,0,6.33,2.33,3.93,2.47,1.6,0.87,0,19.3,7.67,13.5,27.7,5.73,1.87,4.33,0.2,27.4,0.2,1.2,0.93,1.73
401,Tyler Roberts\Tyler-Roberts,MFFW,Leeds United,14.9,31.3,30.9,0.4,0.13,0.27,5.5,0.6,0.6,0,0,0,0,21.5,5.23,4.63,2.15,26.6,1.14,0,0.27,22.6,0.2,1.01,1.88,1.28
402,Andrew Robertson\Andrew-Robertson,DF,Liverpool,37.6,85.5,71.8,13.6,1.81,0.08,6.2,3.06,3.91,3.14,0.64,1.73,0.32,55.1,15.2,15.2,69.4,4.12,2.53,8.7,0.05,68.3,0.21,1.22,1.6,2.61
403,Antonee Robinson\Antonee-Robinson,DF,Fulham,24,56.3,46,10.4,0.54,0,5.71,1.25,3.88,0.04,0,0.04,0,31.5,9.13,15.8,36.5,6.58,2.29,9.79,0.04,40.9,0.08,0.75,1.88,2.29
404,Callum Robinson\Callum-Robinson,FWMF,West Brom,17.3,26,24.7,1.33,0.12,0,5.9,0.58,2.02,0,0,0,0,16.5,5.14,4.39,5.43,18.4,1.1,0.12,0.4,18.4,0.06,0.29,0.87,1.73
405,Jack Robinson\Jack-Robinson,DF,Sheffield Utd,9.7,45.3,40.8,4.43,0.52,0,4.95,0.41,1.13,0,0,0,0,31.3,4.02,9.9,31.8,5.36,2.58,3.92,0.1,36.5,0,0.31,0.31,0.72
406,Hal Robson-Kanu\Hal-Robson-Kanu,FW,West Brom,6.2,13.9,12.9,0.97,0.16,0,4.68,0.16,0.48,0,0,0,0,9.35,2.9,1.61,9.19,2.74,0.16,0,1.13,10.3,0,0.48,0.16,0.48
407,Marek Rodák\Marek-Rodak,GK,Fulham,2,23,18.5,4.5,1,0,4.5,0.5,0,0,0,0,0,14.5,0,8.5,2.5,17,0,0,3.5,18.5,0,0,0,0
408,Joe Rodon\Joe-Rodon,DF,Tottenham,8.1,50.7,50,0.74,0.74,0,4.07,0.37,0,0,0,0,0,40.4,3.83,6.54,3.09,43.1,3.09,0,0.12,45.1,0,0.86,0.37,0.25
409,Rodri\Rodri,MF,Manchester City,30.5,89.4,88.2,1.28,1.25,0.1,13.2,3.18,0.39,0,0,0,0,70,7.28,12.1,14.1,70.4,2.75,0.03,0.3,81.8,0,0.52,1.15,0.72
410,Rodrigo\Rodrigo,MFFW,Leeds United,14.3,40.1,39.5,0.56,0.07,0.35,8.74,1.26,1.4,0.07,0.07,0,0,26.4,7.83,5.8,31,4.76,2.52,0.28,0.49,30.2,0,0.35,1.89,1.54
411,James Rodríguez\James-Rodriguez,FWMF,Everton,19.6,56.7,49.8,6.89,1.94,0.31,10.1,4.54,1.79,2.96,1.22,1.22,0.1,35.4,8.37,13,51,3.27,1.07,1.07,0.05,44.8,0.15,0.97,1.58,1.33
412,Jay Rodriguez\Jay-Rodriguez,FWMF,Burnley,14.1,20.1,19.9,0.21,0,0.07,5.67,0,0.28,0,0,0,0,12.5,4.04,3.55,0.99,14.3,1.42,0,0.85,14.8,0.07,0.21,0.64,0.5
413,Oriol Romeu\Oriol-Romeu,MF,Southampton,19.6,64.2,63.4,0.77,0.61,0.15,12.6,0.87,0.26,0.05,0,0.05,0,47.3,5.71,11.1,12.2,46.4,3.32,0.1,0.46,53.2,0.05,1.07,0.87,1.07
414,John Ruddy\John-Ruddy,GK,Wolves,1,24,16,8,3,0,1,1,0,0,0,0,0,16,1,7,1,13,0,0,10,19,0,2,0,0
415,Antonio Rüdiger\Antonio-Rudiger,DF,Chelsea,19,77.6,75.8,1.79,1.68,0,6.05,1.53,0.05,0,0,0,0,66,3.74,7.89,20.9,54.2,1.21,0.11,0,70.5,0.16,0.95,0.63,0.68
416,Mathew Ryan\Mathew-Ryan,GK,Brighton,11,36.3,28.6,7.64,2.36,0,4.45,1.18,0,0,0,0,0,21.6,1.36,13.3,5.18,25,0.18,0,5.09,28.5,0,1.36,0.27,0
417,Mathew Ryan\Mathew-Ryan,GK,Arsenal,3,22.3,18.3,4,1,0,0.67,0.33,0,0,0,0,0,17.3,1,4,3.33,11.7,0.67,0,6.33,20.7,0,0,0,0
418,Allan Saint-Maximin\Allan-Saint-Maximin,FWMF,Newcastle Utd,17.3,25.2,24.3,0.92,0.06,0.06,6.59,0.46,1.21,0,0,0,0,20.1,3.01,2.08,1.97,22,0.35,0.29,0.29,20.1,0.06,0.29,0.81,0.92
419,Romain Saïss\Romain-Saiss,DF,Wolves,26.7,52.8,50.1,2.7,0.94,0,4.91,1.42,0.64,0,0,0,0,35,7.68,10.2,42.3,5.13,2.55,1.76,0.07,43.3,0.07,0.94,0.97,0.94
420,Bukayo Saka\Bukayo-Saka,FWDF,Arsenal,28.4,40.7,36.3,4.33,0.88,0.11,7.22,1.3,2.89,2.22,0.7,0.7,0.35,28,5.28,7.43,29.9,7.92,1.09,1.23,0.18,30.5,0.11,0.63,0.77,1.8
421,Mamadou Sakho\Mamadou-Sakho,DF,Crystal Palace,3.1,26.5,23.2,3.23,2.9,0,3.55,0.32,0,0,0,0,0,18.4,2.58,5.48,19.4,5.16,1.29,0.32,0,23.2,0,0.32,0,0
422,Mohamed Salah\Mohamed-Salah,FW,Liverpool,34.2,37.7,36.8,0.85,0.06,0.23,6.43,0.44,1.37,0,0,0,0,30.7,3.54,3.39,29.7,6.64,0.58,0.15,0.23,31.3,0.12,0.18,1.02,1.49
423,Mohammed Salisu\Mohammed-Salisu,DF,Southampton,9.4,40,37.4,2.55,0.32,0,7.98,0.43,0.21,0,0,0,0,28.5,5.32,6.17,28.9,5.43,1.6,2.23,0.11,33,0,0.74,0.85,1.38
424,Davinson Sánchez\Davinson-Sanchez,DF,Tottenham,16.5,59.2,57.8,1.45,1.33,0,4.42,1.03,0,0,0,0,0,47.9,3.64,7.64,6.79,48.4,2.3,0.12,0.3,51.5,0,0.61,0.67,0.67
425,Robert Sánchez\Robert-Sanchez,GK,Brighton,27,40.6,32.3,8.22,1.67,0,2.33,2.11,0,0,0,0,0,21.7,1.56,17.3,4.63,29.2,0.04,0,3.96,29,0.15,1.48,0.15,0.15
426,Morgan Sanson\Morgan-Sanson,MF,Aston Villa,3.3,48.8,46.4,2.42,0.61,0,10.3,2.12,2.42,1.82,1.21,0,0,31.8,7.88,9.09,7.27,37.3,3.03,0,0,37,0,1.21,0.91,2.73
427,Romaine Sawyers\Romaine-Sawyers,MF,West Brom,16.5,43.2,41.3,1.88,1.15,0.06,5.39,1.09,0.3,0,0,0,0,31.4,4.91,6.85,4.12,36.1,1.7,0.06,0.48,36.7,0.24,0.42,0.61,0.91
428,Dane Scarlett\Dane-Scarlett,FW,Tottenham,0,0,0,0,0,0,0,0,0,0,0,0,0,0,0,0,0,0,0,0,0,0,0,0,0,0
429,Fabian Schär\Fabian-Schar,DF,Newcastle Utd,13.8,42.2,38.3,3.91,2.17,0.14,4.71,2.25,0.22,0,0,0,0,25.1,4.64,12.5,5.94,32,1.81,1.74,0,32.8,0.29,0.87,0.87,0.43
430,Jeffrey Schlupp\Jeffrey-Schlupp,MF,Crystal Palace,15.9,27,26.1,0.88,0.19,0.06,7.8,0.38,1.7,0.06,0,0,0,18.6,3.58,4.78,18.4,4.78,1.51,0.44,0.13,19.1,0.19,0.19,0.75,1.32
431,Kasper Schmeichel\Kasper-Schmeichel,GK,Leicester City,38,32.1,22.8,9.24,3.74,0,1.82,1.45,0,0,0,0,0,16,1.95,14.1,1.39,24.9,0.03,0,4.34,23.3,0.08,1.47,0.37,0.03
432,Nélson Semedo\Nelson-Semedo,DF,Wolves,33.1,57.2,46.6,10.5,0.63,0.06,7.4,0.76,1.45,0.12,0.03,0.06,0,35.1,12.7,9.4,7.64,37.6,1.45,9.76,0.12,46.6,0.12,0.73,1,2.24
433,Femi Seriki\Femi-Seriki,DF,Sheffield Utd,0,0,0,0,0,0,0,0,0,0,0,0,0,0,0,0,0,0,0,0,0,0,0,0,0,0
434,Jamie Shackleton\Jamie-Shackleton,MFDF,Leeds United,5.1,40.4,36.5,3.92,0.39,0,5.88,0.59,0.39,0,0,0,0,29.4,7.84,3.14,9.02,26.1,0.78,3.53,0.2,35.7,0.2,0.59,0.2,1.18
435,Xherdan Shaqiri\Xherdan-Shaqiri,MFFW,Liverpool,6.2,68.7,64.8,3.87,0.32,0.48,7.58,1.45,1.77,2.1,1.13,0.32,0.16,51.3,8.23,9.19,48.7,16.6,1.77,0.97,0.16,57.4,0.16,0.81,1.45,2.1
436,Billy Sharp\Billy-Sharp,FW,Sheffield Utd,8.2,15,13.5,1.46,0.12,0.12,3.41,0,0.85,0,0,0,0,10.1,2.32,2.56,1.71,10.7,0.49,0.12,0.61,10.5,0.24,0.37,0.37,1.1
437,Luke Shaw\Luke-Shaw,DF,Manchester Utd,29.5,68.3,54.9,13.4,1.08,0.1,8.85,2.03,3.12,3.22,1.36,1.39,0.27,45.1,11.4,11.9,53,3.56,1.73,9.08,0.1,55.8,0.27,0.54,1.56,2.41
438,Jonjo Shelvey\Jonjo-Shelvey,MF,Newcastle Utd,29.1,48.7,43.8,4.91,2.85,0.21,7.25,4.71,1.27,1.62,0.58,0.55,0.24,26.7,5.84,16.2,5.4,40.4,2.03,0.03,0.21,36,0.07,1.03,1.03,0.76
439,Shola Shoretire\Shola-Shoretire,FW,Manchester Utd,0.1,80,80,0,0,0,20,0,0,0,0,0,0,60,20,0,10,60,0,0,0,60,0,0,0,10
440,Gylfi Sigurðsson\Gylfi-Sigurdsson,MF,Everton,25,37.9,32.9,5,1.48,0.12,6.16,1.4,1.24,2.32,1.28,0.8,0.2,27.3,4.16,6.44,7.32,29.2,0.96,0.12,0.04,30,0.2,0.32,0.8,1
441,Bernardo Silva\Bernardo-Silva,MFFW,Manchester City,22.9,62.3,59.3,2.97,0.61,0.04,8.43,1.14,1.18,0.96,0.09,0.22,0.09,49.3,6.77,6.2,55.5,4.19,1.14,1.05,0.13,55.9,0.22,0.48,0.7,1.22
442,Fábio Silva\Fabio-Silva,FW,Wolves,15.2,20.1,18.7,1.45,0,0,5.79,0.2,0.39,0,0,0,0,12.6,4.61,2.89,1.25,15.9,1.18,0.07,0.39,14.9,0,0.46,1.05,0.72
443,Thiago Silva\Thiago-Silva,DF,Chelsea,21.5,87,85,2,1.81,0.14,5.21,2.19,0.05,0,0,0,0,71.2,6.84,8.98,9.3,73.3,3.07,0.19,0.33,81.3,0.23,0.6,0.56,0.37
444,Moussa Sissoko\Moussa-Sissoko,MF,Tottenham,17.6,45,42.3,2.67,0.57,0.06,4.89,1.08,0.57,0,0,0,0,33,5.45,6.59,3.81,35.7,2.39,2.1,0.28,37.8,0,0.4,1.14,0.74
445,Islam Slimani\Islam-Slimani,FW,Leicester City,0.2,55,50,5,0,0,20,0,5,0,0,0,0,25,25,5,5,40,0,0,0,40,0,0,0,0
446,William Smallbone\William-Smallbone,MF,Southampton,1.9,41.1,41.1,0,0,0,9.47,2.63,1.05,0,0,0,0,27.4,5.26,8.42,7.89,30.5,1.05,0,0.53,33.7,0,1.05,0,1.05
447,Emile Smith-Rowe\Emile-Smith-Rowe,MFFW,Arsenal,16,45.3,44.4,0.81,0.31,0.06,6.44,0.31,1.19,0,0,0,0,39.4,3.63,2.19,9.25,34.2,1.13,0.25,0.06,39.7,0.06,0.06,0.75,1.38
448,Robert Snodgrass\Robert-Snodgrass,FWDF,West Ham,0.1,30,30,0,0,0,0,0,0,0,0,0,0,30,0,0,30,0,0,0,0,30,0,0,0,0
449,Robert Snodgrass\Robert-Snodgrass,MFFW,West Brom,5.8,22.9,22.8,0.17,0,0,4.83,0.17,0.86,0,0,0,0,14.7,3.28,5,17.2,2.93,1.38,0,0.34,18.1,0.17,0.17,0.52,0
450,Cédric Soares\Cedric-Soares,DF,Arsenal,8.3,55.8,45.4,10.4,1.93,0,6.51,1.08,3.49,0,0,0,0,33.5,11.6,10.7,6.39,37.6,2.29,8.43,0.36,42.3,0.12,1.45,1.69,2.29
451,Tomáš Souček\Tomas-Soucek,MF,West Ham,38,40.5,39.8,0.71,0.58,0.03,9.82,1.03,0.26,0.08,0.03,0.05,0,24.4,6.03,10.1,4,28.1,3.97,0.03,0.32,31.2,0.03,0.82,0.87,0.63
452,Çağlar Söyüncü\Caglar-Soyuncu,DF,Leicester City,20.2,66.9,64,2.87,1.34,0,4.6,1.68,0.4,0,0,0,0,52.7,5.1,9.11,20.4,40.4,2.97,1.53,0.25,59.5,0,0.99,0.89,0.4
453,Zack Steffen\Zack-Steffen,GK,Manchester City,1,28,20,8,0,0,6,0,0,0,0,0,0,20,2,6,3,21,0,0,4,23,0,0,0,0
454,Dale Stephens\Dale-Stephens,MF,Burnley,2.9,42.8,42.4,0.34,0.34,0,7.59,0.34,0,0,0,0,0,28.6,7.93,6.21,3.45,34.5,3.1,0,0,35.5,0,0.34,0.69,0.34
455,Jack Stephens\Jack-Stephens,DF,Southampton,17.1,59.4,56.1,3.33,1.17,0.18,8.54,1.05,0,0,0,0,0,43.3,3.86,12.2,4.97,48.7,2.98,2.16,0,49.4,0.06,0.76,1.11,0.58
456,Raheem Sterling\Raheem-Sterling,FW,Manchester City,28.2,40,39.2,0.74,0.18,0.11,7.91,0.39,1.21,0.11,0.04,0,0,35.2,2.45,2.3,3.69,35,0.67,0.28,0.18,34.1,0.04,0.32,1.1,1.7
457,Enda Stevens\Enda-Stevens,DF,Sheffield Utd,30,47.6,40.7,6.83,0.3,0.17,6.2,0.87,1.83,0,0,0,0,28.5,9.07,10,35.9,2.5,1.9,6.53,0,36.9,0.43,0.87,1.07,1.27
458,John Stones\John-Stones,DF,Manchester City,21.5,79.7,78.6,1.12,0.7,0.05,7.16,1.58,0.05,0,0,0,0,69.7,4.28,5.67,10,66,2,0.37,0.14,75.1,0,0.65,0.42,0.47
459,Pascal Struijk\Pascal-Struijk,DFMF,Leeds United,23.1,54.5,52.8,1.69,1.47,0,4.46,1.65,0.04,0.09,0,0,0.09,41.4,4.5,8.61,40.8,9.31,3.03,0.13,0.13,47.5,0.04,1.04,0.78,0.48
460,Japhet Tanganga\Japhet-Tanganga,DF,Tottenham,5.4,42.4,35.4,7.04,0.74,0,5.56,0.74,0.74,0,0,0,0,24.6,11.7,6.11,2.59,29.8,2.78,6.3,0.19,35.7,0,0.19,0.56,0.93
461,Matt Targett\Matt-Targett,DF,Aston Villa,37.8,56.8,45.3,11.5,1.61,0,7.72,1.35,2.59,0.42,0.26,0.08,0.03,28.9,13.6,14.3,36.9,5.21,3.57,9.5,0.24,43.7,0.32,1.08,1.48,1.85
462,James Tarkowski\James-Tarkowski,DF,Burnley,36,32.4,31.4,1.03,0.89,0.06,5.36,1.61,0.14,0,0,0,0,16,4.36,12.1,4.19,20.9,4.22,0.14,0.06,23.3,0.28,0.89,0.58,0.5
463,Percy Tau\Percy-Tau,FWMF,Brighton,1.1,26.4,24.5,1.82,0.91,0.91,4.55,0.91,0,0.91,0,0.91,0,20,2.73,3.64,20.9,3.64,1.82,0,0,20,0,0,0,0.91
464,Sidnei Tavares\Sidnei-Tavares,MF,Leicester City,0.9,28.9,27.8,1.11,1.11,0,5.56,0,0,0,0,0,0,22.2,6.67,0,3.33,23.3,1.11,0,0,21.1,0,0,1.11,1.11
465,Charlie Taylor\Charlie-Taylor,DF,Burnley,27,48.1,38.4,9.67,0.7,0,6.56,1.37,2.81,0,0,0,0,21.3,11.6,15.2,33.5,1.59,2.89,8.96,0.11,33.6,0.11,1.3,1.33,1.52
466,Neil Taylor\Neil-Taylor,DF,Aston Villa,0.2,55,50,5,0,0,5,0,0,0,0,0,0,50,0,5,30,20,0,5,0,50,0,0,0,0
467,Allan Tchaptchet\Allan-Tchaptchet,DF,Southampton,0.1,20,20,0,0,0,10,0,0,0,0,0,0,10,0,10,10,0,0,0,0,0,0,0,0,10
468,Nathan Tella\Nathan-Tella,FWMF,Southampton,8.3,17.6,17.2,0.36,0,0,4.22,0.36,1.45,0,0,0,0,13.5,1.33,2.77,4.22,11.8,0.96,0.12,0.12,12.9,0,0.12,0.72,1.08
469,Alex Telles\Alex-Telles,DF,Manchester Utd,7.7,74,60.3,13.8,0.91,0,6.75,1.95,3.51,3.64,0.52,2.6,0,44.8,11.4,17.8,57.9,4.03,1.95,9.22,0,59.6,0.13,0.65,1.56,0.78
470,Kenny Tete\Kenny-Tete,DF,Fulham,16.5,52.3,44.8,7.52,0.42,0,7.27,0.91,3.7,0,0,0,0,28.5,11,12.7,2,40.1,2.24,7.09,0.24,38.9,0.12,1.09,1.7,3.27
471,William Thomas Fish\William-Thomas-Fish,DF,Manchester Utd,0,1,1,0,0,0,0,0,0,0,0,0,0,1,0,0,0,1,0,0,0,0,0,1,0,0
472,Luke Thomas\Luke-Thomas,DF,Leicester City,10.8,44.8,37.3,7.5,0.65,0.09,6.67,0.46,0.74,0,0,0,0,26.9,8.89,8.98,29.4,4.26,3.24,6.85,0.19,33.2,0.09,1.11,1.48,1.76
473,Youri Tielemans\Youri-Tielemans,MF,Leicester City,37.3,68.6,63.7,4.88,1.93,0.19,8.66,2.49,1.21,2.6,0.88,0.88,0.21,49.5,6.25,12.9,13.2,52.4,1.5,0.32,0.35,53.9,0.24,1.31,2.17,1.47
474,Kieran Tierney\Kieran-Tierney,DF,Arsenal,25.5,58.4,49.6,8.86,0.71,0.04,5.37,1.06,3.96,0,0,0,0,36,10.7,11.7,41.4,6.12,2.27,8.16,0.04,44.5,0.12,1.25,0.82,2.27
475,James Tomkins\James-Tomkins,DF,Crystal Palace,6.1,26.9,25.9,0.98,0.98,0,2.3,0.66,0,0,0,0,0,16.6,1.97,8.36,3.44,20.7,2.3,0,0.16,21.1,0,0.49,0.49,0.33
476,Fikayo Tomori\Fikayo-Tomori,DF,Chelsea,0.5,58,56,2,2,0,6,2,0,0,0,0,0,50,0,8,4,50,4,0,0,54,0,0,0,0
477,Ferrán Torres\Ferran-Torres,FWMF,Manchester City,14.5,30.5,29.2,1.31,0.28,0.14,4.83,0.76,1.93,0.76,0.34,0.41,0,23.9,3.31,3.31,1.79,27.1,0.69,0.14,0.21,24.8,0,0.55,0.76,0.83
478,Cenk Tosun\Cenk-Tosun,FW,Everton,0.5,20,18,2,0,0,2,4,0,0,0,0,0,10,6,4,6,12,0,2,0,16,0,0,0,2
479,Andros Townsend\Andros-Townsend,MFFW,Crystal Palace,25.1,34.4,30.5,3.94,1.43,0.08,6.29,2.19,3.55,2.19,1.16,0.48,0.36,20.8,4.02,9.64,24.2,8.84,0.88,0.24,0.08,23.4,0.24,0.84,0.88,1.87
480,Conor Townsend\Conor-Townsend,DF,West Brom,24.8,47.4,38.2,9.23,0.73,0,6.13,0.81,2.1,0.04,0,0,0,23.9,8.95,14.6,32,3.23,2.42,8.47,0.04,35.5,0.16,1.05,1.09,1.25
481,Adama Traoré\Adama-Traore,FW,Wolves,29.4,29.9,29,0.85,0.03,0.07,7.65,0.61,4.05,0,0,0,0,17.2,5.48,7.18,3.13,22.1,1.12,0.78,0.27,19.7,0.07,0.85,0.82,2.28
482,Bertrand Traoré\Bertrand-Traore,FW,Aston Villa,25.7,31,27.6,3.35,1.56,0,6.89,1.91,2.1,1.63,0.74,0.54,0.04,19.2,4.51,7.28,26,2.57,1.17,0.16,0.08,22,0.08,0.74,1.09,1.13
483,Trézéguet\Trezeguet,FW,Aston Villa,13,25.2,25.1,0.15,0,0.15,5.46,0.54,1.85,0.08,0.08,0,0,15.8,3.85,5.54,2.08,19.5,1.77,0.08,0.15,17.5,0.15,0.69,0.85,1
484,Leandro Trossard\Leandro-Trossard,FWMF,Brighton,29,37.4,35.1,2.34,0.76,0.17,6.38,1.72,2.21,1.14,0.24,0.59,0.07,24.1,6.72,6.62,8.41,27.7,0.66,0.24,0.21,28,0.24,0.59,1.52,1.72
485,Kostas Tsimikas\Kostas-Tsimikas,DF,Liverpool,0.1,80,60,20,0,0,0,0,10,0,0,0,0,40,30,10,60,0,0,20,0,60,0,0,0,0
486,Axel Tuanzebe\Axel-Tuanzebe,DF,Manchester Utd,4.5,58.4,56.2,2.22,0.89,0,5.11,1.56,0,0,0,0,0,48.4,5.56,4.44,6.89,47.3,2.44,1.33,0.22,52.4,0.22,0.89,1.56,0.67
487,Cengiz Ünder\Cengiz-Under,MFFW,Leicester City,3.1,41.6,38.4,3.23,1.61,0,8.71,1.61,3.23,0.65,0.32,0,0,29.7,5.81,6.13,25.5,14.5,0.65,0.97,0,29.4,0.32,0.97,1.29,2.58
488,Yan Valery\Yan-Valery,DFMF,Southampton,1.1,58.2,42.7,15.5,0.91,0,10.9,0,1.82,0,0,0,0,37.3,12.7,8.18,0.91,40.9,1.82,13.6,0,48.2,0,0,0.91,2.73
489,Jamie Vardy\Jamie-Vardy,FW,Leicester City,31.6,14.3,13.2,1.08,0,0.16,3.54,0.09,0.76,0,0,0,0,9.21,3.04,2.06,3.32,8.51,1.08,0,0.19,9.49,0.13,0.35,0.73,0.66
490,Joël Veltman\Joel-Veltman,DF,Brighton,25.3,58.9,49.4,9.53,0.75,0.08,5.61,1.07,2.06,0.04,0,0,0,32.2,11.7,15.1,10.1,35,3.75,8.7,0.08,45.5,0.16,1.5,1.58,1.3
491,Jannik Vestergaard\Jannik-Vestergaard,DF,Southampton,28.6,59.9,58.4,1.47,1.33,0.1,8.71,1.71,0.07,0,0,0,0,43.6,4.23,12.1,11.7,42.4,3.64,0.07,0.24,50.5,0.17,0.84,1.12,0.66
492,Rúben Vinagre\Ruben-Vinagre,DF,Wolves,1.9,51.6,42.6,8.95,0,0,3.68,0.53,2.11,0,0,0,0,35.8,6.32,9.47,37.9,2.63,1.05,8.95,0,43.2,0.53,1.58,0.53,1.05
493,Carlos Vinícius\Carlos-Vinicius,FW,Tottenham,3.4,12.9,12.6,0.29,0,0,4.71,0,0.59,0,0,0,0,7.06,2.65,3.24,10.3,0.59,0,0,0.88,7.35,0,0,0.59,0.29
494,João Virgínia\Joao-Virginia,GK,Everton,0.5,34,26,8,0,0,8,0,0,0,0,0,0,8,4,22,16,10,0,0,6,18,2,0,0,0
495,Vitinha\Vitinha,MF,Wolves,5.8,56.7,54.1,2.59,0.86,0.17,11.7,1.03,0.52,1.55,0.17,1.21,0,44.7,6.55,5.52,1.21,54.1,1.38,0,0,50,0.34,0.17,1.55,0.86
496,Jake Vokins\Jake-Vokins,DF,Southampton,0.7,31.4,21.4,10,0,0,1.43,0,2.86,0,0,0,0,15.7,11.4,4.29,20,1.43,0,10,0,28.6,0,0,1.43,0
497,Matěj Vydra\Matej-Vydra,FW,Burnley,15.2,17.5,16.8,0.72,0,0.07,5.99,0.13,0.39,0,0,0,0,11.1,3.95,2.5,3.09,10,1.78,0.07,0.79,12.7,0,0.33,0.66,0.66
498,Theo Walcott\Theo-Walcott,MFFW,Southampton,18,23.6,23.3,0.22,0,0.06,4.78,0.28,1.89,0.06,0,0,0,15.8,4.06,3.67,1.56,20.1,1,0.17,0.39,17.1,0.22,0.33,1.11,1
499,Theo Walcott\Theo-Walcott,FW,Everton,0.1,10,10,0,0,0,0,0,0,0,0,0,0,10,0,0,0,10,0,0,0,10,0,0,0,0
500,Kyle Walker\Kyle-Walker,DF,Manchester City,21.6,87.8,79.5,8.29,0.79,0,7.08,2.55,1.11,0,0,0,0,67.2,10.9,9.72,1.62,75.9,1.67,7.5,0.23,78.5,0.19,1.16,1.2,1.81
501,Kyle Walker-Peters\Kyle-Walker-Peters,DF,Southampton,29.4,54.9,43.8,11,0.78,0.07,8.2,0.44,0.75,0,0,0,0,33.4,10.1,11.3,4.8,37.2,2.21,10.2,0,44,0.14,0.68,1.12,1.73
502,Aaron Wan-Bissaka\Aaron-Wan-Bissaka,DF,Manchester Utd,34,60.7,52.2,8.56,0.44,0,6.5,0.32,1.68,0,0,0,0,44.4,10.6,5.68,2.35,48.3,1.32,8.12,0.12,52.2,0.15,0.35,1.5,1.88
503,Joel Ward\Joel-Ward,DF,Crystal Palace,25.1,42.9,32.3,10.6,0.56,0,6.33,0.64,0.6,0,0,0,0,19.2,10.9,12.9,2.75,25.5,3.07,10.1,0.24,31.2,0.16,0.8,1.39,1.71
504,James Ward-Prowse\James-Ward-Prowse,MF,Southampton,38,68.9,60.1,8.84,3.55,0.11,8.18,2.89,1.37,4.37,2.05,2,0.24,46.6,6.95,15.4,6.63,57.4,3.39,0.39,0.16,55.7,0.26,0.74,0.87,1.13
505,Ollie Watkins\Ollie-Watkins,FW,Aston Villa,37,22.5,21.3,1.16,0,0,8.54,0.3,0.97,0.03,0.03,0,0,14.3,4.7,3.51,2.92,14.6,1.32,0.38,0.38,16.4,0.05,0.32,0.65,1.05
506,Caleb Watts\Caleb-Watts,MFFW,Southampton,0.4,32.5,32.5,0,0,0,15,2.5,2.5,0,0,0,0,25,2.5,5,0,30,0,0,0,20,0,0,7.5,0
507,Adam Webster\Adam-Webster,DF,Brighton,28.8,62.3,60.5,1.84,1.01,0.03,8.3,1.74,0.07,0,0,0,0,45.2,5.45,11.6,14.4,41.3,3.96,0.83,0.07,51.5,0.07,1.22,0.97,1.01
508,Danny Welbeck\Danny-Welbeck,FW,Brighton,17.2,15.6,15.3,0.23,0,0.17,4.13,0.12,0.29,0,0,0,0,11.3,3.08,1.16,1.16,12.4,0.7,0,0.52,12.7,0.06,0.29,0.58,0.58
509,Timo Werner\Timo-Werner,FW,Chelsea,28.9,28.6,27.5,1.11,0.03,0.14,4.6,0.38,1.66,0.03,0,0,0,22.5,3.53,2.56,4.78,22,1.18,0.21,0.03,22.1,0.14,0.38,0.8,1.56
510,Ashley Westwood\Ashley-Westwood,MF,Burnley,37.9,56.1,49.8,6.23,2.32,0.05,7.26,2.9,1.87,2.24,1.72,0.18,0.18,31.8,6.04,18.2,2.59,50.9,1.98,0.24,0.03,41.3,0.29,1.03,1.03,1.06
511,Ben White\Ben-White,DFMF,Brighton,35.5,49.7,47.5,2.2,0.93,0.08,4.42,1.21,0.54,0,0,0,0,36.5,4.42,8.82,4.14,41.2,2.03,1.27,0.2,41.4,0.08,1.1,0.85,0.68
512,Georginio Wijnaldum\Georginio-Wijnaldum,MF,Liverpool,32.7,53.4,52.3,1.13,0.67,0.03,8.07,0.76,0.12,0,0,0,0,45.1,4.34,3.94,3.85,46.8,1.28,0.43,0.24,49.8,0.03,0.37,0.76,0.37
513,Brandon Williams\Brandon-Williams,DF,Manchester Utd,2.1,66.7,57.6,9.05,0,0,11.4,0,0.48,0,0,0,0,50,11.4,5.24,9.52,46.2,1.9,9.05,0,57.1,0,0.48,2.86,0.95
514,Neco Williams\Neco-Williams,DF,Liverpool,2.8,76.1,66.1,10,0.71,0,7.14,0,3.93,0,0,0,0,45.7,18.2,12.1,2.5,60.4,3.21,9.29,0,55.7,0.71,1.07,2.14,5.71
515,Rhys Williams\Rhys-Williams,DF,Liverpool,7.3,61.8,60.8,0.96,0.96,0.14,4.79,1.23,0,0,0,0,0,50.5,4.38,6.85,4.11,52.1,4.38,0,0,56.8,0,0.41,0.96,0.27
516,Willian\Willian,FWMF,Arsenal,15.6,50.4,43.9,6.54,1.47,0.13,6.03,3.08,2.82,4.55,1.86,1.6,0.13,36.2,4.81,9.49,4.68,44.2,0.77,0.32,0.13,40,0.26,0.45,1.03,0.9
517,Joe Willock\Joe-Willock,MF,Arsenal,2.6,35,35,0,0,0,7.69,1.15,1.92,0,0,0,0,24.2,6.15,4.62,3.46,27.7,1.54,0,0,26.5,0,1.15,0.77,2.31
518,Joe Willock\Joe-Willock,MF,Newcastle Utd,10.9,21.5,21,0.46,0.09,0,4.95,0.46,0.92,0,0,0,0,15.4,3.21,2.84,2.39,17.2,0.73,0.28,0.18,16.5,0,0.28,1.01,0.83
519,Callum Wilson\Callum-Wilson,FW,Newcastle Utd,23.2,15.8,14.6,1.16,0.04,0.09,5.43,0.04,0.56,0.04,0,0,0,9.91,3.92,1.94,2.03,10.9,0.95,0.17,0.65,11,0,0.39,0.56,1.29
520,Harry Winks\Harry-Winks,MF,Tottenham,9.6,68.5,66.9,1.67,1.56,0.31,6.77,2.19,0.21,0,0,0,0,53.2,5.21,10.1,7.6,57.7,2.4,0,0.1,57.7,0,1.35,1.15,1.46
521,Chris Wood\Chris-Wood,FW,Burnley,30.5,21.6,20.9,0.69,0.03,0.03,9.02,0.13,0.13,0,0,0,0,10.1,6.1,5.38,1.93,11.2,3.21,0,0.66,14.4,0.1,0.49,0.59,0.92
522,Granit Xhaka\Granit-Xhaka,MFDF,Arsenal,28,77.3,74,3.29,2,0.14,8.32,2.54,0.21,0,0,0,0,59.5,8.57,9.21,61.6,9.86,3.29,1.25,0.21,69.5,0.07,0.64,1.39,0.89
523,Andriy Yarmolenko\Andriy-Yarmolenko,FWMF,West Ham,4.2,37.4,35.7,1.67,0,0.48,7.62,1.67,2.62,0.95,0.48,0.24,0,25.5,6.19,5.71,23.8,11.9,0.48,0.24,0.24,29.5,0,0.71,0.48,0.95
524,DeAndre Yedlin\DeAndre-Yedlin,DF,Newcastle Utd,4.8,35.8,29.2,6.67,0.42,0,2.92,0.42,1.67,0,0,0,0,15.6,9.38,10.8,1.25,24.8,2.29,6.25,0.42,23.1,0,0.83,1.46,1.46
525,Okay Yokuşlu\Okay-Yokuslu,MF,West Brom,14.6,36.3,35.1,1.16,0.62,0.14,8.36,0.75,0.21,0,0,0,0,23.1,6.37,6.85,4.93,26.6,2.53,0.21,0.48,30.2,0.27,0.48,1.23,0.82
526,Wilfried Zaha\Wilfried-Zaha,FW,Crystal Palace,29,26.8,26.1,0.76,0.07,0.14,5.93,0.28,1.76,0.03,0,0,0,21.3,3.62,1.93,3.59,22.3,0.41,0.17,0.07,20.3,0.14,0.41,0.97,1.55
527,Andre-Frank Zambo Anguissa\Andre-Frank-Zambo-Anguissa,MF,Fulham,28.7,49.1,48.4,0.77,0.59,0.14,7.39,0.84,0.45,0,0,0,0,38.8,4.91,5.44,7.04,38.7,1.67,0.17,0.21,41.7,0,0.7,1.11,1.08
528,Andi Zeqiri\Andi-Zeqiri,FWDF,Brighton,1.9,22.6,22.1,0.53,0.53,0,3.16,0.53,2.63,0,0,0,0,8.42,7.89,6.32,15.3,3.68,2.11,0,1.05,10.5,0,2.11,2.11,1.05
529,Oleksandr Zinchenko\Oleksandr-Zinchenko,DF,Manchester City,16.4,89.9,80.7,9.21,1.89,0.12,8.9,1.22,1.04,0.55,0.06,0.37,0,68.2,13.4,8.41,73.4,6.16,2.74,6.77,0.18,81.2,0,0.24,1.77,1.04
530,Hakim Ziyech\Hakim-Ziyech,FWMF,Chelsea,13,56.5,52.9,3.54,1.23,0.46,6.85,2.69,3.23,1.62,0.46,0.92,0.08,41.6,4.92,9.92,48.5,6.23,0.69,0.62,0.38,42.2,0.38,1.23,1.46,1.85
531,Kurt Zouma\Kurt-Zouma,DF,Chelsea,22.5,76.4,75.1,1.33,1.16,0,6.62,2.84,0,0,0,0,0,62.7,5.02,8.76,15.3,55.6,2.84,0.18,0.22,70.2,0.09,0.84,0.44,0.22
532,Martin Ødegaard\Martin-Odegaard,MF,Arsenal,9.6,54.3,48.6,5.63,1.67,0.31,7.5,1.15,1.25,3.13,1.46,0.83,0,44.7,3.02,6.56,50.4,3.13,0.42,0.1,0.1,46.9,0,0.21,1.25,0.94